// Generated font data, processed from "k8x12" bitmap font.
// Each character: 12 bytes bitmap (8x12)

#include <map>
#include <array>

const std::map<uint16_t, std::array<unsigned char, 12>> unicode16_font = {
	{0x3001, {0x00,0x00,0x00,0x00,0x00,0x00,0x00,0x00,0x80,0x40,0x40,0x00}},
	{0x3002, {0x00,0x00,0x00,0x00,0x00,0x00,0x00,0x40,0xA0,0xA0,0x40,0x00}},
	{0xFF0C, {0x00,0x00,0x00,0x00,0x00,0x00,0x00,0x00,0xC0,0x40,0x80,0x00}},
	{0xFF0E, {0x00,0x00,0x00,0x00,0x00,0x00,0x00,0x00,0xC0,0xC0,0x00,0x00}},
	{0x30FB, {0x00,0x00,0x00,0x00,0x00,0x18,0x18,0x00,0x00,0x00,0x00,0x00}},
	{0xFF1A, {0x00,0x00,0x00,0x18,0x18,0x00,0x00,0x00,0x18,0x18,0x00,0x00}},
	{0xFF1B, {0x00,0x00,0x00,0x18,0x18,0x00,0x00,0x00,0x18,0x08,0x10,0x00}},
	{0xFF1F, {0x00,0x3C,0x42,0x02,0x02,0x0C,0x10,0x00,0x00,0x10,0x00,0x00}},
	{0xFF01, {0x00,0x10,0x10,0x10,0x10,0x10,0x10,0x00,0x00,0x10,0x00,0x00}},
	{0x309B, {0xA0,0x50,0x00,0x00,0x00,0x00,0x00,0x00,0x00,0x00,0x00,0x00}},
	{0x309C, {0x40,0xA0,0xA0,0x40,0x00,0x00,0x00,0x00,0x00,0x00,0x00,0x00}},
	{0x00B4, {0x08,0x10,0x00,0x00,0x00,0x00,0x00,0x00,0x00,0x00,0x00,0x00}},
	{0xFF40, {0x20,0x10,0x00,0x00,0x00,0x00,0x00,0x00,0x00,0x00,0x00,0x00}},
	{0x00A8, {0xA0,0x00,0x00,0x00,0x00,0x00,0x00,0x00,0x00,0x00,0x00,0x00}},
	{0xFF3E, {0x10,0x28,0x28,0x44,0x00,0x00,0x00,0x00,0x00,0x00,0x00,0x00}},
	{0xFFE3, {0xFE,0x00,0x00,0x00,0x00,0x00,0x00,0x00,0x00,0x00,0x00,0x00}},
	{0xFF3F, {0x00,0x00,0x00,0x00,0x00,0x00,0x00,0x00,0x00,0x00,0xFE,0x00}},
	{0x30FD, {0x00,0x00,0x00,0x60,0x10,0x08,0x04,0x04,0x00,0x00,0x00,0x00}},
	{0x30FE, {0x0A,0x0A,0x00,0x60,0x10,0x08,0x04,0x04,0x00,0x00,0x00,0x00}},
	{0x309D, {0x00,0x00,0x00,0x60,0x18,0x04,0x02,0x0C,0x30,0x00,0x00,0x00}},
	{0x309E, {0x0A,0x0A,0x00,0x60,0x18,0x04,0x02,0x0C,0x30,0x00,0x00,0x00}},
	{0x3003, {0x00,0x00,0x00,0x24,0x24,0x24,0x48,0x48,0x00,0x00,0x00,0x00}},
	{0x4EDD, {0x10,0x28,0x28,0x44,0x82,0x7C,0x10,0x10,0x10,0x10,0xFE,0x00}},
	{0x3005, {0x00,0x00,0x20,0x3C,0x24,0x44,0x88,0x30,0x10,0x08,0x00,0x00}},
	{0x3006, {0x02,0x02,0x04,0x34,0x48,0x48,0x94,0xA4,0xA0,0xC0,0x80,0x00}},
	{0x3007, {0x00,0x00,0x38,0x44,0x82,0x82,0x82,0x44,0x38,0x00,0x00,0x00}},
	{0x30FC, {0x00,0x00,0x00,0x00,0x80,0x7E,0x00,0x00,0x00,0x00,0x00,0x00}},
	{0x2015, {0x00,0x00,0x00,0x00,0x00,0xFF,0x00,0x00,0x00,0x00,0x00,0x00}},
	{0x2010, {0x00,0x00,0x00,0x00,0x00,0x00,0x18,0x00,0x00,0x00,0x00,0x00}},
	{0xFF0F, {0x00,0x02,0x04,0x08,0x08,0x10,0x20,0x20,0x40,0x80,0x00,0x00}},
	{0x005C, {0x00,0x80,0x40,0x20,0x20,0x10,0x08,0x08,0x04,0x02,0x00,0x00}},
	{0x301C, {0x00,0x00,0x00,0x00,0x60,0x92,0x0C,0x00,0x00,0x00,0x00,0x00}},
	{0x2016, {0x28,0x28,0x28,0x28,0x28,0x28,0x28,0x28,0x28,0x28,0x28,0x00}},
	{0xFF5C, {0x10,0x10,0x10,0x10,0x10,0x10,0x10,0x10,0x10,0x10,0x10,0x00}},
	{0x2026, {0x00,0x00,0x00,0x00,0x00,0x92,0x00,0x00,0x00,0x00,0x00,0x00}},
	{0x2025, {0x00,0x00,0x00,0x00,0x00,0x44,0x00,0x00,0x00,0x00,0x00,0x00}},
	{0x2018, {0x02,0x04,0x06,0x00,0x00,0x00,0x00,0x00,0x00,0x00,0x00,0x00}},
	{0x2019, {0xC0,0x40,0x80,0x00,0x00,0x00,0x00,0x00,0x00,0x00,0x00,0x00}},
	{0x201C, {0x12,0x24,0x36,0x00,0x00,0x00,0x00,0x00,0x00,0x00,0x00,0x00}},
	{0x201D, {0xD8,0x48,0x90,0x00,0x00,0x00,0x00,0x00,0x00,0x00,0x00,0x00}},
	{0xFF08, {0x02,0x04,0x04,0x08,0x08,0x08,0x08,0x08,0x04,0x04,0x02,0x00}},
	{0xFF09, {0x80,0x40,0x40,0x20,0x20,0x20,0x20,0x20,0x40,0x40,0x80,0x00}},
	{0x3014, {0x06,0x18,0x10,0x10,0x10,0x10,0x10,0x10,0x10,0x18,0x06,0x00}},
	{0x3015, {0xC0,0x30,0x10,0x10,0x10,0x10,0x10,0x10,0x10,0x30,0xC0,0x00}},
	{0xFF3B, {0x0E,0x08,0x08,0x08,0x08,0x08,0x08,0x08,0x08,0x08,0x0E,0x00}},
	{0xFF3D, {0xE0,0x20,0x20,0x20,0x20,0x20,0x20,0x20,0x20,0x20,0xE0,0x00}},
	{0xFF5B, {0x06,0x08,0x08,0x08,0x08,0x10,0x08,0x08,0x08,0x08,0x06,0x00}},
	{0xFF5D, {0xC0,0x20,0x20,0x20,0x20,0x10,0x20,0x20,0x20,0x20,0xC0,0x00}},
	{0x3008, {0x02,0x04,0x04,0x08,0x08,0x10,0x08,0x08,0x04,0x04,0x02,0x00}},
	{0x3009, {0x80,0x40,0x40,0x20,0x20,0x10,0x20,0x20,0x40,0x40,0x80,0x00}},
	{0x300A, {0x0A,0x14,0x14,0x28,0x28,0x50,0x28,0x28,0x14,0x14,0x0A,0x00}},
	{0x300B, {0xA0,0x50,0x50,0x28,0x28,0x14,0x28,0x28,0x50,0x50,0xA0,0x00}},
	{0x300C, {0x1E,0x10,0x10,0x10,0x10,0x10,0x10,0x10,0x00,0x00,0x00,0x00}},
	{0x300D, {0x00,0x00,0x00,0x10,0x10,0x10,0x10,0x10,0x10,0x10,0xF0,0x00}},
	{0x300E, {0x3E,0x22,0x2E,0x28,0x28,0x28,0x28,0x28,0x38,0x00,0x00,0x00}},
	{0x300F, {0x00,0x00,0x38,0x28,0x28,0x28,0x28,0x28,0xE8,0x88,0xF8,0x00}},
	{0x3010, {0x0E,0x0C,0x0C,0x08,0x08,0x08,0x08,0x08,0x0C,0x0C,0x0E,0x00}},
	{0x3011, {0xE0,0x60,0x60,0x20,0x20,0x20,0x20,0x20,0x60,0x60,0xE0,0x00}},
	{0xFF0B, {0x00,0x00,0x10,0x10,0x10,0xFE,0x10,0x10,0x10,0x00,0x00,0x00}},
	{0x2212, {0x00,0x00,0x00,0x00,0x00,0xFE,0x00,0x00,0x00,0x00,0x00,0x00}},
	{0x00B1, {0x00,0x10,0x10,0x10,0xFE,0x10,0x10,0x10,0x00,0xFE,0x00,0x00}},
	{0x00D7, {0x00,0x00,0x82,0x44,0x28,0x10,0x28,0x44,0x82,0x00,0x00,0x00}},
	{0x00F7, {0x00,0x00,0x10,0x00,0x00,0xFE,0x00,0x00,0x10,0x00,0x00,0x00}},
	{0xFF1D, {0x00,0x00,0x00,0x00,0xFE,0x00,0xFE,0x00,0x00,0x00,0x00,0x00}},
	{0x2260, {0x00,0x00,0x04,0x08,0xFE,0x10,0xFE,0x20,0x40,0x00,0x00,0x00}},
	{0xFF1C, {0x00,0x00,0x06,0x18,0x60,0x80,0x60,0x18,0x06,0x00,0x00,0x00}},
	{0xFF1E, {0x00,0x00,0xC0,0x30,0x0C,0x02,0x0C,0x30,0xC0,0x00,0x00,0x00}},
	{0x2266, {0x00,0x06,0x38,0xC0,0x38,0x06,0x00,0xFE,0x00,0xFE,0x00,0x00}},
	{0x2267, {0x00,0xC0,0x38,0x06,0x38,0xC0,0x00,0xFE,0x00,0xFE,0x00,0x00}},
	{0x221E, {0x00,0x00,0x6C,0x92,0x92,0x92,0x92,0x92,0x6C,0x00,0x00,0x00}},
	{0x2234, {0x00,0x00,0x10,0x00,0x00,0x00,0x00,0x00,0x44,0x00,0x00,0x00}},
	{0x2642, {0x3E,0x06,0x0A,0x0A,0x12,0x72,0x88,0x88,0x88,0x88,0x70,0x00}},
	{0x2640, {0x38,0x44,0x44,0x44,0x44,0x38,0x10,0x10,0x7C,0x10,0x10,0x00}},
	{0x00B0, {0x60,0x90,0x90,0x60,0x00,0x00,0x00,0x00,0x00,0x00,0x00,0x00}},
	{0x2032, {0x40,0x40,0x80,0x00,0x00,0x00,0x00,0x00,0x00,0x00,0x00,0x00}},
	{0x2033, {0x50,0x50,0xA0,0x00,0x00,0x00,0x00,0x00,0x00,0x00,0x00,0x00}},
	{0x2103, {0x40,0xA0,0xAC,0x52,0x20,0x20,0x20,0x20,0x12,0x0C,0x00,0x00}},
	{0xFFE5, {0x00,0x82,0x44,0x44,0x28,0xFE,0x10,0xFE,0x10,0x10,0x00,0x00}},
	{0xFF04, {0x00,0x10,0x7C,0x92,0x90,0x7C,0x12,0x92,0x7C,0x10,0x00,0x00}},
	{0x00A2, {0x00,0x08,0x08,0x7C,0x92,0x90,0x92,0x7C,0x20,0x20,0x00,0x00}},
	{0x00A3, {0x00,0x38,0x44,0x40,0xF8,0x20,0x20,0x60,0xA2,0x5C,0x00,0x00}},
	{0xFF05, {0x00,0x42,0xA4,0xA8,0x48,0x10,0x24,0x2A,0x4A,0x84,0x00,0x00}},
	{0xFF03, {0x00,0x14,0x14,0x7E,0x28,0x28,0x28,0xFC,0x50,0x50,0x00,0x00}},
	{0xFF06, {0x00,0x30,0x48,0x48,0x50,0x24,0x54,0x88,0x8C,0x72,0x00,0x00}},
	{0xFF0A, {0x00,0x00,0x10,0x92,0x54,0x38,0x54,0x92,0x10,0x00,0x00,0x00}},
	{0xFF20, {0x00,0x38,0x44,0x92,0xAA,0xAA,0xAA,0xAC,0x90,0x44,0x38,0x00}},
	{0x00A7, {0x70,0x88,0x80,0x60,0x90,0x88,0x48,0x30,0x08,0x88,0x70,0x00}},
	{0x2606, {0x10,0x10,0x10,0xEE,0x44,0x28,0x28,0x54,0x6C,0x44,0x00,0x00}},
	{0x2605, {0x10,0x10,0x10,0xFE,0x7C,0x38,0x38,0x7C,0x6C,0x44,0x00,0x00}},
	{0x25CB, {0x00,0x38,0x44,0x82,0x82,0x82,0x82,0x82,0x44,0x38,0x00,0x00}},
	{0x25CF, {0x00,0x38,0x7C,0xFE,0xFE,0xFE,0xFE,0xFE,0x7C,0x38,0x00,0x00}},
	{0x25CE, {0x00,0x38,0x44,0x92,0xAA,0xAA,0xAA,0x92,0x44,0x38,0x00,0x00}},
	{0x25C7, {0x10,0x28,0x28,0x44,0x44,0x82,0x44,0x44,0x28,0x28,0x10,0x00}},
	{0x25C6, {0x10,0x38,0x38,0x7C,0x7C,0xFE,0x7C,0x7C,0x38,0x38,0x10,0x00}},
	{0x25A1, {0x00,0xFE,0x82,0x82,0x82,0x82,0x82,0x82,0x82,0xFE,0x00,0x00}},
	{0x25A0, {0x00,0xFE,0xFE,0xFE,0xFE,0xFE,0xFE,0xFE,0xFE,0xFE,0x00,0x00}},
	{0x25B3, {0x10,0x10,0x28,0x28,0x28,0x44,0x44,0x44,0x82,0xFE,0x00,0x00}},
	{0x25B2, {0x10,0x10,0x38,0x38,0x38,0x7C,0x7C,0x7C,0xFE,0xFE,0x00,0x00}},
	{0x25BD, {0x00,0xFE,0x82,0x44,0x44,0x44,0x28,0x28,0x28,0x10,0x10,0x00}},
	{0x25BC, {0x00,0xFE,0xFE,0x7C,0x7C,0x7C,0x38,0x38,0x38,0x10,0x10,0x00}},
	{0x203B, {0x82,0x54,0x44,0x28,0x28,0x92,0x28,0x28,0x44,0x54,0x82,0x00}},
	{0x3012, {0x00,0xFE,0x00,0x00,0xFE,0x10,0x10,0x10,0x10,0x10,0x00,0x00}},
	{0x2192, {0x00,0x00,0x10,0x08,0x04,0xFE,0x04,0x08,0x10,0x00,0x00,0x00}},
	{0x2190, {0x00,0x00,0x10,0x20,0x40,0xFE,0x40,0x20,0x10,0x00,0x00,0x00}},
	{0x2191, {0x10,0x38,0x54,0x10,0x10,0x10,0x10,0x10,0x10,0x10,0x10,0x00}},
	{0x2193, {0x10,0x10,0x10,0x10,0x10,0x10,0x10,0x10,0x54,0x38,0x10,0x00}},
	{0x3013, {0x00,0x00,0xFE,0xFE,0x00,0x00,0x00,0xFE,0xFE,0x00,0x00,0x00}},
	{0x2208, {0x00,0x3E,0x40,0x80,0x80,0xFE,0x80,0x80,0x40,0x3E,0x00,0x00}},
	{0x220B, {0x00,0xF8,0x04,0x02,0x02,0xFE,0x02,0x02,0x04,0xF8,0x00,0x00}},
	{0x2286, {0x00,0x3E,0x40,0x80,0x80,0x40,0x3E,0x00,0x00,0xFE,0x00,0x00}},
	{0x2287, {0x00,0xF8,0x04,0x02,0x02,0x04,0xF8,0x00,0x00,0xFE,0x00,0x00}},
	{0x2282, {0x00,0x3E,0x40,0x80,0x80,0x80,0x80,0x80,0x40,0x3E,0x00,0x00}},
	{0x2283, {0x00,0xF8,0x04,0x02,0x02,0x02,0x02,0x02,0x04,0xF8,0x00,0x00}},
	{0x222A, {0x00,0x82,0x82,0x82,0x82,0x82,0x82,0x82,0x44,0x38,0x00,0x00}},
	{0x2229, {0x00,0x38,0x44,0x82,0x82,0x82,0x82,0x82,0x82,0x82,0x00,0x00}},
	{0x2227, {0x10,0x10,0x28,0x28,0x28,0x44,0x44,0x44,0x82,0x82,0x00,0x00}},
	{0x2228, {0x00,0x82,0x82,0x44,0x44,0x44,0x28,0x28,0x28,0x10,0x10,0x00}},
	{0x00AC, {0x00,0x00,0x00,0x00,0x00,0xFE,0x02,0x02,0x02,0x00,0x00,0x00}},
	{0x21D2, {0x00,0x00,0x10,0x08,0xFC,0x02,0xFC,0x08,0x10,0x00,0x00,0x00}},
	{0x21D4, {0x00,0x00,0x28,0x44,0x7C,0x82,0x7C,0x44,0x28,0x00,0x00,0x00}},
	{0x2200, {0x82,0x82,0x82,0x7C,0x44,0x44,0x28,0x28,0x28,0x10,0x10,0x00}},
	{0x2203, {0x7E,0x02,0x02,0x02,0x02,0x7E,0x02,0x02,0x02,0x02,0x7E,0x00}},
	{0x2220, {0x00,0x02,0x04,0x04,0x08,0x10,0x20,0x20,0x40,0xFE,0x00,0x00}},
	{0x22A5, {0x00,0x10,0x10,0x10,0x10,0x10,0x10,0x10,0x10,0xFE,0x00,0x00}},
	{0x2312, {0x38,0x44,0x82,0x00,0x00,0x00,0x00,0x00,0x00,0x00,0x00,0x00}},
	{0x2202, {0x38,0x44,0x04,0x04,0x34,0x4C,0x84,0x88,0x88,0x90,0x60,0x00}},
	{0x2207, {0x00,0xFE,0xC2,0x44,0x44,0x64,0x28,0x28,0x38,0x10,0x10,0x00}},
	{0x2261, {0x00,0x00,0xFE,0x00,0x00,0xFE,0x00,0x00,0xFE,0x00,0x00,0x00}},
	{0x2252, {0x00,0x40,0x00,0x00,0xFE,0x00,0xFE,0x00,0x00,0x04,0x00,0x00}},
	{0x226A, {0x00,0x00,0x12,0x24,0x48,0x90,0x48,0x24,0x12,0x00,0x00,0x00}},
	{0x226B, {0x00,0x00,0x90,0x48,0x24,0x12,0x24,0x48,0x90,0x00,0x00,0x00}},
	{0x221A, {0x1E,0x10,0x10,0x20,0x20,0x20,0x20,0xE0,0x40,0x40,0x40,0x00}},
	{0x223D, {0x00,0x00,0x4C,0x92,0x92,0x92,0x92,0x92,0x64,0x00,0x00,0x00}},
	{0x221D, {0x00,0x00,0x6C,0x92,0x90,0x90,0x90,0x92,0x6C,0x00,0x00,0x00}},
	{0x2235, {0x00,0x00,0x44,0x00,0x00,0x00,0x00,0x00,0x10,0x00,0x00,0x00}},
	{0x222B, {0x08,0x14,0x10,0x10,0x10,0x10,0x10,0x10,0x10,0x50,0x20,0x00}},
	{0x222C, {0x14,0x2A,0x28,0x28,0x28,0x28,0x28,0x28,0x28,0xA8,0x50,0x00}},
	{0x212B, {0x10,0x28,0x28,0x10,0x28,0x28,0x44,0x7C,0x82,0x82,0x00,0x00}},
	{0x2030, {0x00,0x40,0xA4,0xA8,0x50,0x20,0x54,0xAA,0x2A,0x14,0x00,0x00}},
	{0x266F, {0x04,0x24,0x26,0x3C,0x64,0x24,0x26,0x3C,0x64,0x24,0x20,0x00}},
	{0x266D, {0x20,0x20,0x20,0x20,0x2C,0x32,0x22,0x22,0x24,0x28,0x30,0x00}},
	{0x266A, {0x10,0x18,0x1C,0x16,0x12,0x12,0x14,0x10,0x70,0xF0,0x60,0x00}},
	{0x2020, {0x10,0x10,0x7C,0x10,0x10,0x10,0x10,0x10,0x10,0x10,0x10,0x00}},
	{0x2021, {0x10,0x10,0x7C,0x10,0x10,0x10,0x10,0x10,0x7C,0x10,0x10,0x00}},
	{0x00B6, {0x3C,0x74,0x74,0x74,0x74,0x34,0x14,0x14,0x14,0x14,0x14,0x00}},
	{0x25EF, {0x38,0x44,0x82,0x82,0x82,0x82,0x82,0x82,0x82,0x44,0x38,0x00}},
	{0xFF10, {0x00,0x3C,0x42,0x46,0x4A,0x52,0x62,0x42,0x42,0x3C,0x00,0x00}},
	{0xFF11, {0x00,0x10,0x70,0x10,0x10,0x10,0x10,0x10,0x10,0x7C,0x00,0x00}},
	{0xFF12, {0x00,0x3C,0x42,0x42,0x02,0x04,0x18,0x20,0x40,0x7E,0x00,0x00}},
	{0xFF13, {0x00,0x3C,0x42,0x02,0x02,0x1C,0x02,0x02,0x42,0x3C,0x00,0x00}},
	{0xFF14, {0x00,0x04,0x0C,0x14,0x14,0x24,0x44,0x7E,0x04,0x04,0x00,0x00}},
	{0xFF15, {0x00,0x7E,0x40,0x40,0x78,0x44,0x02,0x02,0x44,0x38,0x00,0x00}},
	{0xFF16, {0x00,0x1C,0x20,0x40,0x5C,0x62,0x42,0x42,0x42,0x3C,0x00,0x00}},
	{0xFF17, {0x00,0x7E,0x02,0x04,0x08,0x08,0x10,0x10,0x10,0x10,0x00,0x00}},
	{0xFF18, {0x00,0x3C,0x42,0x42,0x42,0x3C,0x42,0x42,0x42,0x3C,0x00,0x00}},
	{0xFF19, {0x00,0x3C,0x42,0x42,0x42,0x46,0x3A,0x02,0x04,0x38,0x00,0x00}},
	{0xFF21, {0x00,0x10,0x10,0x28,0x28,0x44,0x44,0x7C,0x82,0x82,0x00,0x00}},
	{0xFF22, {0x00,0x7C,0x42,0x42,0x42,0x7C,0x42,0x42,0x42,0x7C,0x00,0x00}},
	{0xFF23, {0x00,0x1C,0x22,0x40,0x40,0x40,0x40,0x40,0x22,0x1C,0x00,0x00}},
	{0xFF24, {0x00,0x78,0x44,0x42,0x42,0x42,0x42,0x42,0x44,0x78,0x00,0x00}},
	{0xFF25, {0x00,0x7E,0x40,0x40,0x40,0x7C,0x40,0x40,0x40,0x7E,0x00,0x00}},
	{0xFF26, {0x00,0x7E,0x40,0x40,0x40,0x7C,0x40,0x40,0x40,0x40,0x00,0x00}},
	{0xFF27, {0x00,0x1C,0x22,0x40,0x40,0x4E,0x42,0x42,0x22,0x1C,0x00,0x00}},
	{0xFF28, {0x00,0x42,0x42,0x42,0x42,0x7E,0x42,0x42,0x42,0x42,0x00,0x00}},
	{0xFF29, {0x00,0x38,0x10,0x10,0x10,0x10,0x10,0x10,0x10,0x38,0x00,0x00}},
	{0xFF2A, {0x00,0x02,0x02,0x02,0x02,0x02,0x02,0x42,0x42,0x3C,0x00,0x00}},
	{0xFF2B, {0x00,0x42,0x44,0x48,0x48,0x50,0x68,0x44,0x44,0x42,0x00,0x00}},
	{0xFF2C, {0x00,0x40,0x40,0x40,0x40,0x40,0x40,0x40,0x40,0x7E,0x00,0x00}},
	{0xFF2D, {0x00,0x82,0x82,0xC6,0xC6,0xAA,0xAA,0x92,0x92,0x82,0x00,0x00}},
	{0xFF2E, {0x00,0x42,0x62,0x62,0x52,0x4A,0x4A,0x46,0x46,0x42,0x00,0x00}},
	{0xFF2F, {0x00,0x3C,0x42,0x42,0x42,0x42,0x42,0x42,0x42,0x3C,0x00,0x00}},
	{0xFF30, {0x00,0x7C,0x42,0x42,0x42,0x7C,0x40,0x40,0x40,0x40,0x00,0x00}},
	{0xFF31, {0x00,0x3C,0x42,0x42,0x42,0x42,0x42,0x5A,0x64,0x3A,0x00,0x00}},
	{0xFF32, {0x00,0x7C,0x42,0x42,0x42,0x7C,0x48,0x44,0x44,0x42,0x00,0x00}},
	{0xFF33, {0x00,0x3C,0x42,0x40,0x40,0x3C,0x02,0x02,0x42,0x3C,0x00,0x00}},
	{0xFF34, {0x00,0xFE,0x10,0x10,0x10,0x10,0x10,0x10,0x10,0x10,0x00,0x00}},
	{0xFF35, {0x00,0x42,0x42,0x42,0x42,0x42,0x42,0x42,0x42,0x3C,0x00,0x00}},
	{0xFF36, {0x00,0x82,0x82,0x44,0x44,0x44,0x28,0x28,0x10,0x10,0x00,0x00}},
	{0xFF37, {0x00,0x82,0x92,0x92,0xAA,0xAA,0xAA,0x44,0x44,0x44,0x00,0x00}},
	{0xFF38, {0x00,0x82,0x44,0x44,0x28,0x10,0x28,0x44,0x44,0x82,0x00,0x00}},
	{0xFF39, {0x00,0x82,0x44,0x44,0x28,0x10,0x10,0x10,0x10,0x10,0x00,0x00}},
	{0xFF3A, {0x00,0x7E,0x02,0x04,0x08,0x10,0x10,0x20,0x40,0x7E,0x00,0x00}},
	{0xFF41, {0x00,0x00,0x00,0x00,0x38,0x04,0x3C,0x44,0x44,0x3C,0x00,0x00}},
	{0xFF42, {0x00,0x40,0x40,0x40,0x58,0x64,0x44,0x44,0x44,0x78,0x00,0x00}},
	{0xFF43, {0x00,0x00,0x00,0x00,0x38,0x44,0x40,0x40,0x44,0x38,0x00,0x00}},
	{0xFF44, {0x00,0x04,0x04,0x04,0x34,0x4C,0x44,0x44,0x44,0x3C,0x00,0x00}},
	{0xFF45, {0x00,0x00,0x00,0x00,0x38,0x44,0x7C,0x40,0x44,0x38,0x00,0x00}},
	{0xFF46, {0x00,0x0C,0x10,0x10,0x3C,0x10,0x10,0x10,0x10,0x10,0x00,0x00}},
	{0xFF47, {0x00,0x00,0x00,0x00,0x3C,0x44,0x44,0x3C,0x04,0x44,0x38,0x00}},
	{0xFF48, {0x00,0x40,0x40,0x40,0x58,0x64,0x44,0x44,0x44,0x44,0x00,0x00}},
	{0xFF49, {0x00,0x10,0x00,0x00,0x10,0x10,0x10,0x10,0x10,0x10,0x00,0x00}},
	{0xFF4A, {0x00,0x08,0x00,0x00,0x08,0x08,0x08,0x08,0x08,0x48,0x30,0x00}},
	{0xFF4B, {0x00,0x40,0x40,0x40,0x44,0x48,0x50,0x70,0x48,0x44,0x00,0x00}},
	{0xFF4C, {0x00,0x30,0x10,0x10,0x10,0x10,0x10,0x10,0x10,0x10,0x00,0x00}},
	{0xFF4D, {0x00,0x00,0x00,0x00,0xEC,0x92,0x92,0x92,0x92,0x92,0x00,0x00}},
	{0xFF4E, {0x00,0x00,0x00,0x00,0x58,0x64,0x44,0x44,0x44,0x44,0x00,0x00}},
	{0xFF4F, {0x00,0x00,0x00,0x00,0x38,0x44,0x44,0x44,0x44,0x38,0x00,0x00}},
	{0xFF50, {0x00,0x00,0x00,0x00,0x78,0x44,0x44,0x44,0x78,0x40,0x40,0x00}},
	{0xFF51, {0x00,0x00,0x00,0x00,0x3C,0x44,0x44,0x44,0x3C,0x04,0x04,0x00}},
	{0xFF52, {0x00,0x00,0x00,0x00,0x58,0x64,0x40,0x40,0x40,0x40,0x00,0x00}},
	{0xFF53, {0x00,0x00,0x00,0x00,0x38,0x44,0x30,0x08,0x44,0x38,0x00,0x00}},
	{0xFF54, {0x00,0x00,0x20,0x20,0x78,0x20,0x20,0x20,0x24,0x18,0x00,0x00}},
	{0xFF55, {0x00,0x00,0x00,0x00,0x44,0x44,0x44,0x44,0x4C,0x34,0x00,0x00}},
	{0xFF56, {0x00,0x00,0x00,0x00,0x44,0x44,0x28,0x28,0x28,0x10,0x00,0x00}},
	{0xFF57, {0x00,0x00,0x00,0x00,0x92,0x92,0xAA,0xAA,0x44,0x44,0x00,0x00}},
	{0xFF58, {0x00,0x00,0x00,0x00,0x44,0x28,0x10,0x10,0x28,0x44,0x00,0x00}},
	{0xFF59, {0x00,0x00,0x00,0x00,0x44,0x44,0x28,0x28,0x10,0x10,0x60,0x00}},
	{0xFF5A, {0x00,0x00,0x00,0x00,0x7C,0x04,0x08,0x10,0x20,0x7C,0x00,0x00}},
	{0x3041, {0x00,0x00,0x00,0x20,0x78,0x20,0x38,0x6C,0xB4,0x64,0x00,0x00}},
	{0x3042, {0x00,0x20,0x7C,0x20,0x28,0x3C,0x6A,0xAA,0xB2,0x64,0x00,0x00}},
	{0x3043, {0x00,0x00,0x00,0x00,0x88,0x84,0x84,0x84,0xA0,0x40,0x00,0x00}},
	{0x3044, {0x00,0x00,0x88,0x84,0x82,0x82,0x82,0xA2,0xA0,0x40,0x00,0x00}},
	{0x3045, {0x00,0x00,0x00,0x38,0x00,0x38,0x44,0x04,0x08,0x30,0x00,0x00}},
	{0x3046, {0x00,0x3C,0x00,0x3C,0x42,0x02,0x02,0x04,0x08,0x30,0x00,0x00}},
	{0x3047, {0x00,0x00,0x00,0x38,0x00,0x78,0x08,0x10,0x28,0x4C,0x00,0x00}},
	{0x3048, {0x00,0x38,0x00,0x7C,0x08,0x10,0x38,0x28,0x48,0x8E,0x00,0x00}},
	{0x3049, {0x00,0x00,0x00,0x20,0xF4,0x20,0x38,0x64,0xA4,0x68,0x00,0x00}},
	{0x304A, {0x00,0x20,0xF4,0x22,0x20,0x3C,0x62,0xA2,0xA2,0x6C,0x00,0x00}},
	{0x304B, {0x00,0x20,0x20,0xF4,0x2A,0x4A,0x4A,0x48,0xA8,0x90,0x00,0x00}},
	{0x304C, {0x0A,0x2A,0x20,0xF4,0x2A,0x4A,0x4A,0x48,0xA8,0x90,0x00,0x00}},
	{0x304D, {0x00,0x08,0x7C,0x08,0xFE,0x04,0x3C,0x40,0x40,0x3C,0x00,0x00}},
	{0x304E, {0x0A,0x0A,0x7C,0x08,0xFE,0x04,0x3C,0x40,0x40,0x3C,0x00,0x00}},
	{0x304F, {0x00,0x08,0x10,0x20,0x40,0x40,0x20,0x10,0x08,0x08,0x00,0x00}},
	{0x3050, {0x00,0x08,0x10,0x2A,0x4A,0x40,0x20,0x10,0x08,0x08,0x00,0x00}},
	{0x3051, {0x00,0x84,0x84,0xBE,0x84,0x84,0x84,0x84,0x88,0x10,0x00,0x00}},
	{0x3052, {0x0A,0x8A,0x84,0xBE,0x84,0x84,0x84,0x84,0x88,0x10,0x00,0x00}},
	{0x3053, {0x00,0x00,0x7C,0x00,0x00,0x00,0x40,0x80,0x80,0x7E,0x00,0x00}},
	{0x3054, {0x0A,0x0A,0x7C,0x00,0x00,0x00,0x40,0x80,0x80,0x7E,0x00,0x00}},
	{0x3055, {0x00,0x08,0xFE,0x08,0x04,0x3C,0x44,0x40,0x20,0x1C,0x00,0x00}},
	{0x3056, {0x0A,0x0A,0xFE,0x08,0x04,0x3C,0x44,0x40,0x20,0x1C,0x00,0x00}},
	{0x3057, {0x00,0x40,0x40,0x40,0x40,0x40,0x40,0x42,0x44,0x38,0x00,0x00}},
	{0x3058, {0x0A,0x4A,0x40,0x40,0x40,0x40,0x40,0x42,0x44,0x38,0x00,0x00}},
	{0x3059, {0x00,0x08,0xFE,0x08,0x38,0x48,0x48,0x38,0x08,0x30,0x00,0x00}},
	{0x305A, {0x0A,0x0A,0xFE,0x08,0x38,0x48,0x48,0x38,0x08,0x30,0x00,0x00}},
	{0x305B, {0x00,0x24,0x24,0xFE,0x24,0x24,0x2C,0x20,0x20,0x1E,0x00,0x00}},
	{0x305C, {0x0A,0x2A,0x24,0xFE,0x24,0x24,0x2C,0x20,0x20,0x1E,0x00,0x00}},
	{0x305D, {0x00,0x7C,0x10,0x20,0xFE,0x10,0x20,0x20,0x20,0x1C,0x00,0x00}},
	{0x305E, {0x0A,0x7A,0x10,0x20,0xFE,0x10,0x20,0x20,0x20,0x1C,0x00,0x00}},
	{0x305F, {0x00,0x20,0xF8,0x20,0x4E,0x40,0x40,0x48,0x90,0x8E,0x00,0x00}},
	{0x3060, {0x0A,0x2A,0xF0,0x20,0x4E,0x40,0x40,0x48,0x90,0x8E,0x00,0x00}},
	{0x3061, {0x00,0x20,0xFC,0x20,0x20,0x5C,0x62,0x02,0x04,0x38,0x00,0x00}},
	{0x3062, {0x0A,0x2A,0xFC,0x20,0x20,0x5C,0x62,0x02,0x04,0x38,0x00,0x00}},
	{0x3063, {0x00,0x00,0x00,0x00,0x00,0x38,0xC4,0x04,0x08,0x30,0x00,0x00}},
	{0x3064, {0x00,0x00,0x3C,0xC2,0x02,0x02,0x02,0x04,0x38,0x00,0x00,0x00}},
	{0x3065, {0x0A,0x0A,0x3C,0xC2,0x02,0x02,0x02,0x04,0x38,0x00,0x00,0x00}},
	{0x3066, {0x00,0x00,0xFE,0x10,0x20,0x20,0x20,0x20,0x10,0x0C,0x00,0x00}},
	{0x3067, {0x0A,0x0A,0xFE,0x10,0x20,0x20,0x20,0x20,0x10,0x0C,0x00,0x00}},
	{0x3068, {0x00,0x20,0x20,0x20,0x2C,0x30,0x40,0x80,0x80,0x7E,0x00,0x00}},
	{0x3069, {0x0A,0x2A,0x20,0x20,0x2C,0x30,0x40,0x80,0x80,0x7E,0x00,0x00}},
	{0x306A, {0x00,0x20,0xF4,0x22,0x44,0x44,0x9C,0x24,0x26,0x18,0x00,0x00}},
	{0x306B, {0x00,0x80,0x9C,0x80,0x80,0x80,0x90,0xA0,0xA0,0x9E,0x00,0x00}},
	{0x306C, {0x00,0x08,0x48,0x5C,0x6A,0x4A,0xB2,0x96,0xAA,0x46,0x00,0x00}},
	{0x306D, {0x00,0x20,0x2C,0xF2,0x22,0x22,0x66,0x6A,0xAA,0x26,0x00,0x00}},
	{0x306E, {0x00,0x00,0x38,0x54,0x92,0x92,0xA2,0xA2,0x44,0x18,0x00,0x00}},
	{0x306F, {0x00,0x84,0x84,0xBE,0x84,0x84,0x9C,0xA4,0xA6,0x98,0x00,0x00}},
	{0x3070, {0x0A,0x8A,0x84,0xBE,0x84,0x84,0x9C,0xA4,0xA6,0x98,0x00,0x00}},
	{0x3071, {0x04,0x8A,0x8A,0xBE,0x84,0x84,0x9C,0xA4,0xA6,0x98,0x00,0x00}},
	{0x3072, {0x00,0xE8,0x24,0x46,0x44,0x84,0x84,0x84,0x48,0x30,0x00,0x00}},
	{0x3073, {0x0A,0xEA,0x24,0x46,0x44,0x84,0x84,0x84,0x48,0x30,0x00,0x00}},
	{0x3074, {0x04,0xEA,0x2A,0x46,0x44,0x84,0x84,0x84,0x48,0x30,0x00,0x00}},
	{0x3075, {0x00,0x30,0x08,0x10,0x10,0x10,0x4C,0x4A,0x8A,0x30,0x00,0x00}},
	{0x3076, {0x0A,0x3A,0x08,0x10,0x10,0x10,0x4C,0x4A,0x8A,0x30,0x00,0x00}},
	{0x3077, {0x04,0x3A,0x0A,0x14,0x10,0x10,0x4C,0x4A,0x8A,0x30,0x00,0x00}},
	{0x3078, {0x00,0x00,0x20,0x50,0x50,0x88,0x08,0x04,0x02,0x00,0x00,0x00}},
	{0x3079, {0x0A,0x0A,0x20,0x50,0x50,0x88,0x08,0x04,0x02,0x00,0x00,0x00}},
	{0x307A, {0x04,0x0A,0x2A,0x54,0x50,0x88,0x08,0x04,0x02,0x00,0x00,0x00}},
	{0x307B, {0x00,0x80,0xBE,0x84,0xBE,0x84,0x84,0x9C,0xA6,0x98,0x00,0x00}},
	{0x307C, {0x0A,0x8A,0xBE,0x84,0xBE,0x84,0x84,0x9C,0xA6,0x98,0x00,0x00}},
	{0x307D, {0x04,0x8A,0xBA,0x84,0xBE,0x84,0x84,0x9C,0xA6,0x98,0x00,0x00}},
	{0x307E, {0x00,0x10,0xFE,0x10,0xFE,0x10,0x10,0x78,0x94,0x62,0x00,0x00}},
	{0x307F, {0x00,0x70,0x10,0x24,0x3C,0x64,0xA6,0xA4,0xC4,0x18,0x00,0x00}},
	{0x3080, {0x00,0x20,0xF4,0x22,0x60,0xA4,0xA4,0x62,0x42,0x3C,0x00,0x00}},
	{0x3081, {0x00,0x08,0x48,0x5C,0x6A,0x4A,0xAA,0x92,0xA2,0x4C,0x00,0x00}},
	{0x3082, {0x00,0x10,0xFC,0x20,0x20,0xFC,0x20,0x22,0x22,0x1C,0x00,0x00}},
	{0x3083, {0x00,0x00,0x00,0x00,0x90,0x78,0xC4,0x48,0x20,0x20,0x00,0x00}},
	{0x3084, {0x00,0x48,0x5C,0xE2,0x22,0x24,0x20,0x20,0x10,0x10,0x00,0x00}},
	{0x3085, {0x00,0x00,0x00,0x10,0xB8,0xD4,0x94,0xB8,0x10,0x20,0x00,0x00}},
	{0x3086, {0x00,0x10,0xBC,0xCA,0x8A,0x8A,0xAA,0x9C,0x10,0x20,0x00,0x00}},
	{0x3087, {0x00,0x00,0x00,0x10,0x10,0x1C,0x10,0x70,0x98,0x64,0x00,0x00}},
	{0x3088, {0x00,0x10,0x10,0x1E,0x10,0x10,0x70,0x98,0x94,0x62,0x00,0x00}},
	{0x3089, {0x00,0x60,0x18,0x40,0x40,0xBC,0xC2,0x82,0x04,0x38,0x00,0x00}},
	{0x308A, {0x00,0x58,0x64,0x44,0x44,0x44,0x04,0x04,0x08,0x30,0x00,0x00}},
	{0x308B, {0x00,0x7C,0x08,0x10,0x38,0x44,0x82,0x32,0x4C,0x38,0x00,0x00}},
	{0x308C, {0x00,0x20,0x2C,0xF4,0x24,0x24,0x64,0x64,0xA4,0x22,0x00,0x00}},
	{0x308D, {0x00,0x7C,0x08,0x10,0x38,0x44,0x82,0x02,0x04,0x38,0x00,0x00}},
	{0x308E, {0x00,0x00,0x00,0x40,0x58,0xE4,0x44,0x44,0xC4,0x58,0x00,0x00}},
	{0x308F, {0x00,0x20,0x2C,0xF2,0x22,0x22,0x62,0x62,0xA2,0x2C,0x00,0x00}},
	{0x3090, {0x00,0x70,0x10,0x1C,0x32,0x52,0x96,0xAA,0xAA,0x46,0x00,0x00}},
	{0x3091, {0x00,0x7C,0x10,0x38,0x44,0x34,0x58,0x20,0x6C,0x92,0x00,0x00}},
	{0x3092, {0x00,0x10,0xFC,0x20,0x76,0x98,0x28,0x48,0x40,0x3E,0x00,0x00}},
	{0x3093, {0x00,0x10,0x10,0x20,0x20,0x30,0x48,0x48,0x8A,0x84,0x00,0x00}},
	{0x30A1, {0x00,0x00,0x00,0x00,0xFC,0x04,0x28,0x20,0x20,0x40,0x00,0x00}},
	{0x30A2, {0x00,0x00,0xFE,0x02,0x14,0x18,0x10,0x10,0x20,0x40,0x00,0x00}},
	{0x30A3, {0x00,0x00,0x00,0x04,0x08,0x10,0x30,0xD0,0x10,0x10,0x00,0x00}},
	{0x30A4, {0x00,0x02,0x04,0x08,0x18,0x28,0xC8,0x08,0x08,0x08,0x00,0x00}},
	{0x30A5, {0x00,0x00,0x00,0x00,0x20,0xFC,0x84,0x04,0x08,0x30,0x00,0x00}},
	{0x30A6, {0x00,0x10,0x10,0xFE,0x82,0x82,0x04,0x04,0x08,0x30,0x00,0x00}},
	{0x30A7, {0x00,0x00,0x00,0x00,0x00,0x78,0x10,0x10,0x10,0xFC,0x00,0x00}},
	{0x30A8, {0x00,0x00,0x7C,0x10,0x10,0x10,0x10,0x10,0xFE,0x00,0x00,0x00}},
	{0x30A9, {0x00,0x00,0x00,0x00,0x08,0xFC,0x18,0x28,0xC8,0x18,0x00,0x00}},
	{0x30AA, {0x00,0x08,0x08,0xFE,0x08,0x18,0x28,0x48,0x88,0x18,0x00,0x00}},
	{0x30AB, {0x00,0x10,0x10,0xFE,0x12,0x12,0x22,0x22,0x4A,0x84,0x00,0x00}},
	{0x30AC, {0x0A,0x0A,0x10,0xFE,0x12,0x12,0x22,0x22,0x4A,0x84,0x00,0x00}},
	{0x30AD, {0x00,0x10,0x10,0x7C,0x10,0x10,0xFE,0x08,0x08,0x08,0x00,0x00}},
	{0x30AE, {0x0A,0x0A,0x10,0x7C,0x10,0x10,0xFE,0x08,0x08,0x08,0x00,0x00}},
	{0x30AF, {0x00,0x20,0x20,0x3E,0x42,0x82,0x04,0x04,0x18,0x60,0x00,0x00}},
	{0x30B0, {0x0A,0x2A,0x20,0x3E,0x42,0x82,0x04,0x04,0x18,0x60,0x00,0x00}},
	{0x30B1, {0x00,0x40,0x40,0x7E,0x48,0x88,0x08,0x08,0x10,0x20,0x00,0x00}},
	{0x30B2, {0x0A,0x4A,0x40,0x7E,0x48,0x88,0x08,0x08,0x10,0x20,0x00,0x00}},
	{0x30B3, {0x00,0x00,0x7E,0x02,0x02,0x02,0x02,0x02,0x02,0x7E,0x00,0x00}},
	{0x30B4, {0x0A,0x0A,0x7E,0x02,0x02,0x02,0x02,0x02,0x02,0x7E,0x00,0x00}},
	{0x30B5, {0x00,0x24,0x24,0xFE,0x24,0x24,0x24,0x04,0x08,0x30,0x00,0x00}},
	{0x30B6, {0x0A,0x2A,0x24,0xFE,0x24,0x24,0x24,0x04,0x08,0x30,0x00,0x00}},
	{0x30B7, {0x00,0x60,0x10,0x00,0xC2,0x22,0x04,0x04,0x18,0x60,0x00,0x00}},
	{0x30B8, {0x0A,0x6A,0x10,0x00,0xC2,0x22,0x04,0x04,0x18,0x60,0x00,0x00}},
	{0x30B9, {0x00,0x00,0x7C,0x04,0x08,0x08,0x10,0x28,0x44,0x82,0x00,0x00}},
	{0x30BA, {0x0A,0x0A,0x7C,0x04,0x08,0x08,0x10,0x28,0x44,0x82,0x00,0x00}},
	{0x30BB, {0x00,0x20,0x20,0xFE,0x22,0x24,0x28,0x20,0x20,0x1E,0x00,0x00}},
	{0x30BC, {0x0A,0x2A,0x20,0xFE,0x22,0x24,0x28,0x20,0x20,0x1E,0x00,0x00}},
	{0x30BD, {0x00,0x00,0x82,0x42,0x42,0x04,0x04,0x08,0x10,0x20,0x00,0x00}},
	{0x30BE, {0x0A,0x0A,0x80,0x42,0x42,0x04,0x04,0x08,0x10,0x20,0x00,0x00}},
	{0x30BF, {0x00,0x20,0x20,0x3E,0x42,0xB2,0x0C,0x04,0x18,0x60,0x00,0x00}},
	{0x30C0, {0x0A,0x2A,0x20,0x3E,0x42,0xB2,0x0C,0x04,0x18,0x60,0x00,0x00}},
	{0x30C1, {0x00,0x0C,0x70,0x10,0x10,0xFE,0x10,0x10,0x10,0x20,0x00,0x00}},
	{0x30C2, {0x0A,0x0A,0x70,0x10,0x10,0xFE,0x10,0x10,0x10,0x20,0x00,0x00}},
	{0x30C3, {0x00,0x00,0x00,0x00,0xA4,0x54,0x54,0x04,0x08,0x30,0x00,0x00}},
	{0x30C4, {0x00,0x00,0xA2,0x52,0x52,0x52,0x04,0x04,0x08,0x30,0x00,0x00}},
	{0x30C5, {0x0A,0x0A,0xA0,0x52,0x52,0x52,0x04,0x04,0x08,0x30,0x00,0x00}},
	{0x30C6, {0x00,0x7C,0x00,0x00,0xFE,0x10,0x10,0x10,0x10,0x20,0x00,0x00}},
	{0x30C7, {0x0A,0x7A,0x00,0x00,0xFE,0x10,0x10,0x10,0x10,0x20,0x00,0x00}},
	{0x30C8, {0x00,0x20,0x20,0x20,0x30,0x28,0x24,0x20,0x20,0x20,0x00,0x00}},
	{0x30C9, {0x0A,0x2A,0x20,0x20,0x30,0x28,0x24,0x20,0x20,0x20,0x00,0x00}},
	{0x30CA, {0x00,0x10,0x10,0xFE,0x10,0x10,0x10,0x10,0x20,0x40,0x00,0x00}},
	{0x30CB, {0x00,0x00,0x7C,0x00,0x00,0x00,0x00,0x00,0xFE,0x00,0x00,0x00}},
	{0x30CC, {0x00,0x00,0x7C,0x04,0x24,0x18,0x08,0x14,0x22,0xC0,0x00,0x00}},
	{0x30CD, {0x00,0x10,0x7C,0x04,0x08,0x10,0x34,0xD2,0x10,0x10,0x00,0x00}},
	{0x30CE, {0x00,0x08,0x08,0x08,0x08,0x10,0x10,0x20,0x40,0x80,0x00,0x00}},
	{0x30CF, {0x00,0x00,0x28,0x24,0x24,0x24,0x44,0x42,0x42,0x82,0x00,0x00}},
	{0x30D0, {0x0A,0x0A,0x28,0x24,0x24,0x24,0x44,0x42,0x42,0x82,0x00,0x00}},
	{0x30D1, {0x04,0x0A,0x2A,0x24,0x24,0x24,0x44,0x42,0x42,0x82,0x00,0x00}},
	{0x30D2, {0x00,0x40,0x40,0x40,0x4C,0x70,0x40,0x40,0x40,0x3E,0x00,0x00}},
	{0x30D3, {0x0A,0x4A,0x40,0x40,0x4C,0x70,0x40,0x40,0x40,0x3E,0x00,0x00}},
	{0x30D4, {0x04,0x4A,0x4A,0x44,0x4C,0x70,0x40,0x40,0x40,0x3E,0x00,0x00}},
	{0x30D5, {0x00,0x00,0xFE,0x02,0x02,0x04,0x04,0x08,0x10,0x60,0x00,0x00}},
	{0x30D6, {0x0A,0x0A,0xFE,0x02,0x02,0x04,0x04,0x08,0x10,0x60,0x00,0x00}},
	{0x30D7, {0x04,0x0A,0xFA,0x06,0x04,0x04,0x08,0x08,0x10,0x60,0x00,0x00}},
	{0x30D8, {0x00,0x00,0x20,0x50,0x50,0x88,0x04,0x04,0x02,0x00,0x00,0x00}},
	{0x30D9, {0x0A,0x0A,0x20,0x50,0x50,0x88,0x04,0x04,0x02,0x00,0x00,0x00}},
	{0x30DA, {0x04,0x0A,0x2A,0x54,0x50,0x88,0x04,0x04,0x02,0x00,0x00,0x00}},
	{0x30DB, {0x00,0x10,0x10,0xFE,0x10,0x54,0x52,0x92,0x10,0x30,0x00,0x00}},
	{0x30DC, {0x0A,0x0A,0x10,0xFE,0x10,0x54,0x52,0x92,0x10,0x30,0x00,0x00}},
	{0x30DD, {0x04,0x1A,0x1A,0xFE,0x10,0x54,0x52,0x92,0x10,0x30,0x00,0x00}},
	{0x30DE, {0x00,0x00,0xFE,0x02,0x04,0x48,0x30,0x10,0x08,0x08,0x00,0x00}},
	{0x30DF, {0x00,0x30,0x0C,0x00,0x30,0x0C,0x00,0x00,0x78,0x06,0x00,0x00}},
	{0x30E0, {0x00,0x10,0x10,0x10,0x20,0x20,0x20,0x44,0x4C,0xF2,0x00,0x00}},
	{0x30E1, {0x00,0x04,0x04,0x64,0x18,0x08,0x08,0x14,0x24,0xC0,0x00,0x00}},
	{0x30E2, {0x00,0x00,0x7C,0x20,0x20,0xFE,0x20,0x20,0x20,0x1E,0x00,0x00}},
	{0x30E3, {0x00,0x00,0x00,0x20,0x3C,0xE4,0x28,0x20,0x10,0x10,0x00,0x00}},
	{0x30E4, {0x00,0x20,0x3E,0xE2,0x24,0x28,0x20,0x10,0x10,0x10,0x00,0x00}},
	{0x30E5, {0x00,0x00,0x00,0x00,0x00,0x70,0x10,0x10,0x10,0xFC,0x00,0x00}},
	{0x30E6, {0x00,0x00,0x78,0x08,0x08,0x08,0x08,0x08,0xFE,0x00,0x00,0x00}},
	{0x30E7, {0x00,0x00,0x00,0x00,0x7C,0x04,0x3C,0x04,0x04,0x7C,0x00,0x00}},
	{0x30E8, {0x00,0x00,0x7E,0x02,0x02,0x3E,0x02,0x02,0x02,0x7E,0x00,0x00}},
	{0x30E9, {0x00,0x7C,0x00,0x00,0xFE,0x02,0x02,0x04,0x08,0x30,0x00,0x00}},
	{0x30EA, {0x00,0x44,0x44,0x44,0x44,0x44,0x04,0x08,0x10,0x20,0x00,0x00}},
	{0x30EB, {0x00,0x08,0x28,0x28,0x28,0x28,0x2A,0x4A,0x4C,0x88,0x00,0x00}},
	{0x30EC, {0x00,0x40,0x40,0x40,0x40,0x44,0x44,0x48,0x50,0x60,0x00,0x00}},
	{0x30ED, {0x00,0x00,0x7E,0x42,0x42,0x42,0x42,0x42,0x42,0x7E,0x00,0x00}},
	{0x30EE, {0x00,0x00,0x00,0x00,0x7E,0x42,0x02,0x04,0x08,0x10,0x00,0x00}},
	{0x30EF, {0x00,0x00,0xFE,0x82,0x82,0x04,0x04,0x08,0x10,0x20,0x00,0x00}},
	{0x30F0, {0x00,0x08,0x08,0xFE,0x48,0x48,0x48,0xFE,0x08,0x08,0x00,0x00}},
	{0x30F1, {0x00,0x00,0x7C,0x04,0x08,0x10,0x10,0x10,0xFE,0x00,0x00,0x00}},
	{0x30F2, {0x00,0x00,0xFE,0x02,0x02,0x7C,0x04,0x08,0x10,0x60,0x00,0x00}},
	{0x30F3, {0x00,0x00,0xC0,0x20,0x02,0x02,0x04,0x08,0x30,0xC0,0x00,0x00}},
	{0x30F4, {0x0A,0x2A,0x20,0xFE,0x82,0x82,0x04,0x04,0x08,0x30,0x00,0x00}},
	{0x30F5, {0x00,0x00,0x00,0x00,0x20,0xFC,0x24,0x24,0x44,0x8C,0x00,0x00}},
	{0x30F6, {0x00,0x00,0x00,0x40,0x40,0x7C,0x90,0x10,0x10,0x20,0x00,0x00}},
	{0x0391, {0x00,0x10,0x10,0x28,0x28,0x44,0x44,0x7C,0x82,0x82,0x00,0x00}},
	{0x0392, {0x00,0x7C,0x42,0x42,0x42,0x7C,0x42,0x42,0x42,0x7C,0x00,0x00}},
	{0x0393, {0x00,0x7E,0x40,0x40,0x40,0x40,0x40,0x40,0x40,0x40,0x00,0x00}},
	{0x0394, {0x00,0x10,0x10,0x28,0x28,0x44,0x44,0x44,0x82,0xFE,0x00,0x00}},
	{0x0395, {0x00,0x7E,0x40,0x40,0x40,0x7C,0x40,0x40,0x40,0x7E,0x00,0x00}},
	{0x0396, {0x00,0x7E,0x02,0x04,0x08,0x10,0x10,0x20,0x40,0x7E,0x00,0x00}},
	{0x0397, {0x00,0x42,0x42,0x42,0x42,0x7E,0x42,0x42,0x42,0x42,0x00,0x00}},
	{0x0398, {0x00,0x3C,0x42,0x42,0x42,0x5A,0x42,0x42,0x42,0x3C,0x00,0x00}},
	{0x0399, {0x00,0x38,0x10,0x10,0x10,0x10,0x10,0x10,0x10,0x38,0x00,0x00}},
	{0x039A, {0x00,0x42,0x44,0x48,0x48,0x50,0x68,0x44,0x44,0x42,0x00,0x00}},
	{0x039B, {0x00,0x10,0x10,0x28,0x28,0x44,0x44,0x44,0x82,0x82,0x00,0x00}},
	{0x039C, {0x00,0x82,0x82,0xC6,0xC6,0xAA,0xAA,0x92,0x92,0x82,0x00,0x00}},
	{0x039D, {0x00,0x42,0x62,0x62,0x52,0x4A,0x4A,0x46,0x46,0x42,0x00,0x00}},
	{0x039E, {0x00,0x7E,0x00,0x00,0x00,0x3C,0x00,0x00,0x00,0x7E,0x00,0x00}},
	{0x039F, {0x00,0x3C,0x42,0x42,0x42,0x42,0x42,0x42,0x42,0x3C,0x00,0x00}},
	{0x03A0, {0x00,0x7E,0x42,0x42,0x42,0x42,0x42,0x42,0x42,0x42,0x00,0x00}},
	{0x03A1, {0x00,0x7C,0x42,0x42,0x42,0x7C,0x40,0x40,0x40,0x40,0x00,0x00}},
	{0x03A3, {0x00,0x7E,0x40,0x20,0x10,0x08,0x10,0x20,0x40,0x7E,0x00,0x00}},
	{0x03A4, {0x00,0xFE,0x10,0x10,0x10,0x10,0x10,0x10,0x10,0x10,0x00,0x00}},
	{0x03A5, {0x00,0x82,0x44,0x44,0x28,0x10,0x10,0x10,0x10,0x10,0x00,0x00}},
	{0x03A6, {0x00,0x10,0x7C,0x92,0x92,0x92,0x92,0x92,0x7C,0x10,0x00,0x00}},
	{0x03A7, {0x00,0x82,0x44,0x44,0x28,0x10,0x28,0x44,0x44,0x82,0x00,0x00}},
	{0x03A8, {0x00,0x92,0x54,0x54,0x54,0x38,0x10,0x10,0x10,0x10,0x00,0x00}},
	{0x03A9, {0x00,0x38,0x44,0x82,0x82,0x82,0x82,0x44,0x28,0xEE,0x00,0x00}},
	{0x03B1, {0x00,0x00,0x00,0x00,0x1A,0x26,0x44,0x44,0x48,0x36,0x00,0x00}},
	{0x03B2, {0x00,0x0C,0x12,0x12,0x2C,0x22,0x22,0x22,0x5C,0x40,0x40,0x00}},
	{0x03B3, {0x00,0x00,0x00,0x00,0x32,0x4C,0x08,0x08,0x08,0x10,0x10,0x00}},
	{0x03B4, {0x00,0x1C,0x22,0x10,0x18,0x24,0x44,0x44,0x48,0x30,0x00,0x00}},
	{0x03B5, {0x00,0x00,0x00,0x00,0x1C,0x22,0x18,0x20,0x42,0x3C,0x00,0x00}},
	{0x03B6, {0x00,0x2C,0x18,0x20,0x20,0x40,0x40,0x40,0x38,0x04,0x18,0x00}},
	{0x03B7, {0x00,0x00,0x00,0x00,0x2C,0x52,0x12,0x22,0x24,0x24,0x04,0x00}},
	{0x03B8, {0x00,0x1C,0x22,0x22,0x42,0x7E,0x42,0x44,0x44,0x38,0x00,0x00}},
	{0x03B9, {0x00,0x00,0x00,0x00,0x10,0x10,0x10,0x20,0x28,0x10,0x00,0x00}},
	{0x03BA, {0x00,0x00,0x00,0x00,0x22,0x24,0x28,0x38,0x48,0x46,0x00,0x00}},
	{0x03BB, {0x00,0x30,0x08,0x08,0x08,0x14,0x14,0x24,0x22,0x42,0x00,0x00}},
	{0x03BC, {0x00,0x00,0x00,0x00,0x24,0x24,0x24,0x24,0x5A,0x40,0x80,0x00}},
	{0x03BD, {0x00,0x00,0x00,0x00,0x42,0x22,0x24,0x24,0x28,0x30,0x00,0x00}},
	{0x03BE, {0x00,0x2C,0x10,0x20,0x18,0x20,0x40,0x40,0x38,0x04,0x18,0x00}},
	{0x03BF, {0x00,0x00,0x00,0x00,0x1C,0x22,0x42,0x42,0x44,0x38,0x00,0x00}},
	{0x03C0, {0x00,0x00,0x00,0x00,0x3E,0x54,0x14,0x24,0x24,0x46,0x00,0x00}},
	{0x03C1, {0x00,0x00,0x00,0x00,0x1C,0x22,0x22,0x22,0x5C,0x40,0x40,0x00}},
	{0x03C3, {0x00,0x00,0x00,0x00,0x1E,0x24,0x44,0x44,0x48,0x30,0x00,0x00}},
	{0x03C4, {0x00,0x00,0x00,0x00,0x3E,0x48,0x08,0x10,0x14,0x08,0x00,0x00}},
	{0x03C5, {0x00,0x00,0x00,0x00,0x32,0x52,0x12,0x22,0x24,0x18,0x00,0x00}},
	{0x03C6, {0x00,0x08,0x08,0x08,0x7C,0x92,0x92,0x92,0x7C,0x20,0x20,0x00}},
	{0x03C7, {0x00,0x00,0x00,0x00,0x64,0x18,0x10,0x10,0x30,0x50,0x8C,0x00}},
	{0x03C8, {0x00,0x08,0x08,0x08,0x52,0x92,0x92,0x92,0x7C,0x20,0x20,0x00}},
	{0x03C9, {0x00,0x00,0x00,0x00,0x24,0x42,0x92,0x92,0x92,0x6C,0x00,0x00}},
	{0x0410, {0x00,0x10,0x10,0x28,0x28,0x44,0x44,0x7C,0x82,0x82,0x00,0x00}},
	{0x0411, {0x00,0x7C,0x40,0x40,0x40,0x7C,0x42,0x42,0x42,0x7C,0x00,0x00}},
	{0x0412, {0x00,0x7C,0x42,0x42,0x42,0x7C,0x42,0x42,0x42,0x7C,0x00,0x00}},
	{0x0413, {0x00,0x7E,0x40,0x40,0x40,0x40,0x40,0x40,0x40,0x40,0x00,0x00}},
	{0x0414, {0x00,0x3C,0x24,0x24,0x24,0x24,0x24,0x44,0x44,0xFE,0x82,0x00}},
	{0x0415, {0x00,0x7E,0x40,0x40,0x40,0x7C,0x40,0x40,0x40,0x7E,0x00,0x00}},
	{0x0401, {0x24,0x00,0x7E,0x40,0x40,0x7C,0x40,0x40,0x40,0x7E,0x00,0x00}},
	{0x0416, {0x00,0x92,0x54,0x54,0x54,0x38,0x54,0x54,0x54,0x92,0x00,0x00}},
	{0x0417, {0x00,0x3C,0x42,0x02,0x04,0x18,0x04,0x02,0x42,0x3C,0x00,0x00}},
	{0x0418, {0x00,0x42,0x46,0x46,0x4A,0x52,0x52,0x62,0x62,0x42,0x00,0x00}},
	{0x0419, {0x24,0x18,0x42,0x46,0x4A,0x4A,0x52,0x62,0x62,0x42,0x00,0x00}},
	{0x041A, {0x00,0x46,0x48,0x48,0x50,0x70,0x48,0x44,0x44,0x42,0x00,0x00}},
	{0x041B, {0x00,0x3E,0x22,0x22,0x22,0x22,0x22,0x22,0x22,0xC2,0x00,0x00}},
	{0x041C, {0x00,0x44,0x44,0x44,0xAA,0xAA,0xAA,0x92,0x92,0x82,0x00,0x00}},
	{0x041D, {0x00,0x42,0x42,0x42,0x42,0x7E,0x42,0x42,0x42,0x42,0x00,0x00}},
	{0x041E, {0x00,0x3C,0x42,0x42,0x42,0x42,0x42,0x42,0x42,0x3C,0x00,0x00}},
	{0x041F, {0x00,0x7E,0x42,0x42,0x42,0x42,0x42,0x42,0x42,0x42,0x00,0x00}},
	{0x0420, {0x00,0x7C,0x42,0x42,0x42,0x7C,0x40,0x40,0x40,0x40,0x00,0x00}},
	{0x0421, {0x00,0x1C,0x22,0x40,0x40,0x40,0x40,0x40,0x22,0x1C,0x00,0x00}},
	{0x0422, {0x00,0xFE,0x10,0x10,0x10,0x10,0x10,0x10,0x10,0x10,0x00,0x00}},
	{0x0423, {0x00,0x42,0x22,0x24,0x14,0x08,0x08,0x10,0x10,0x60,0x00,0x00}},
	{0x0424, {0x00,0x10,0x7C,0x92,0x92,0x92,0x92,0x92,0x7C,0x10,0x00,0x00}},
	{0x0425, {0x00,0x82,0x44,0x44,0x28,0x10,0x28,0x44,0x44,0x82,0x00,0x00}},
	{0x0426, {0x00,0x44,0x44,0x44,0x44,0x44,0x44,0x44,0x44,0x7E,0x02,0x00}},
	{0x0427, {0x00,0x42,0x42,0x42,0x42,0x46,0x3A,0x02,0x02,0x02,0x00,0x00}},
	{0x0428, {0x00,0x92,0x92,0x92,0x92,0x92,0x92,0x92,0x92,0xFE,0x00,0x00}},
	{0x0429, {0x00,0x92,0x92,0x92,0x92,0x92,0x92,0x92,0x92,0xFE,0x02,0x00}},
	{0x042A, {0x00,0xC0,0x40,0x40,0x78,0x44,0x42,0x42,0x44,0x78,0x00,0x00}},
	{0x042B, {0x00,0x82,0x82,0x82,0xE2,0x92,0x8A,0x8A,0x92,0xE2,0x00,0x00}},
	{0x042C, {0x00,0x40,0x40,0x40,0x78,0x44,0x42,0x42,0x44,0x78,0x00,0x00}},
	{0x042D, {0x00,0x38,0x44,0x02,0x02,0x3E,0x02,0x02,0x44,0x38,0x00,0x00}},
	{0x042E, {0x00,0x9C,0xA2,0xA2,0xA2,0xE2,0xA2,0xA2,0xA2,0x9C,0x00,0x00}},
	{0x042F, {0x00,0x3E,0x42,0x42,0x42,0x3E,0x12,0x22,0x22,0x42,0x00,0x00}},
	{0x0430, {0x00,0x00,0x00,0x00,0x38,0x04,0x3C,0x44,0x44,0x3C,0x00,0x00}},
	{0x0431, {0x00,0x08,0x30,0x40,0x58,0x64,0x44,0x44,0x44,0x38,0x00,0x00}},
	{0x0432, {0x00,0x00,0x00,0x00,0x78,0x44,0x78,0x44,0x44,0x78,0x00,0x00}},
	{0x0433, {0x00,0x00,0x00,0x00,0x7C,0x40,0x40,0x40,0x40,0x40,0x00,0x00}},
	{0x0434, {0x00,0x00,0x00,0x00,0x3C,0x24,0x24,0x24,0x24,0x7E,0x42,0x00}},
	{0x0435, {0x00,0x00,0x00,0x00,0x38,0x44,0x7C,0x40,0x44,0x38,0x00,0x00}},
	{0x0451, {0x00,0x00,0x28,0x00,0x38,0x44,0x7C,0x40,0x44,0x38,0x00,0x00}},
	{0x0436, {0x00,0x00,0x00,0x00,0x92,0x54,0x38,0x54,0x54,0x92,0x00,0x00}},
	{0x0437, {0x00,0x00,0x00,0x00,0x38,0x44,0x18,0x04,0x44,0x38,0x00,0x00}},
	{0x0438, {0x00,0x00,0x00,0x00,0x44,0x4C,0x54,0x54,0x64,0x44,0x00,0x00}},
	{0x0439, {0x00,0x00,0x28,0x10,0x44,0x4C,0x54,0x54,0x64,0x44,0x00,0x00}},
	{0x043A, {0x00,0x00,0x00,0x00,0x4C,0x50,0x50,0x70,0x48,0x44,0x00,0x00}},
	{0x043B, {0x00,0x00,0x00,0x00,0x3C,0x24,0x24,0x24,0x24,0xC4,0x00,0x00}},
	{0x043C, {0x00,0x00,0x00,0x00,0x44,0x6C,0x6C,0x54,0x54,0x44,0x00,0x00}},
	{0x043D, {0x00,0x00,0x00,0x00,0x44,0x44,0x7C,0x44,0x44,0x44,0x00,0x00}},
	{0x043E, {0x00,0x00,0x00,0x00,0x38,0x44,0x44,0x44,0x44,0x38,0x00,0x00}},
	{0x043F, {0x00,0x00,0x00,0x00,0x7C,0x44,0x44,0x44,0x44,0x44,0x00,0x00}},
	{0x0440, {0x00,0x00,0x00,0x00,0x78,0x44,0x44,0x44,0x78,0x40,0x40,0x00}},
	{0x0441, {0x00,0x00,0x00,0x00,0x38,0x44,0x40,0x40,0x44,0x38,0x00,0x00}},
	{0x0442, {0x00,0x00,0x00,0x00,0x7C,0x10,0x10,0x10,0x10,0x10,0x00,0x00}},
	{0x0443, {0x00,0x00,0x00,0x00,0x44,0x44,0x28,0x28,0x10,0x10,0x60,0x00}},
	{0x0444, {0x00,0x00,0x10,0x10,0x7C,0x92,0x92,0x92,0x7C,0x10,0x10,0x00}},
	{0x0445, {0x00,0x00,0x00,0x00,0x44,0x28,0x10,0x10,0x28,0x44,0x00,0x00}},
	{0x0446, {0x00,0x00,0x00,0x00,0x44,0x44,0x44,0x44,0x44,0x7E,0x02,0x00}},
	{0x0447, {0x00,0x00,0x00,0x00,0x44,0x44,0x44,0x3C,0x04,0x04,0x00,0x00}},
	{0x0448, {0x00,0x00,0x00,0x00,0x92,0x92,0x92,0x92,0x92,0xFE,0x00,0x00}},
	{0x0449, {0x00,0x00,0x00,0x00,0x92,0x92,0x92,0x92,0x92,0xFE,0x02,0x00}},
	{0x044A, {0x00,0x00,0x00,0x00,0x60,0x20,0x3C,0x22,0x22,0x3C,0x00,0x00}},
	{0x044B, {0x00,0x00,0x00,0x00,0x42,0x42,0x72,0x4A,0x4A,0x72,0x00,0x00}},
	{0x044C, {0x00,0x00,0x00,0x00,0x40,0x40,0x78,0x44,0x44,0x78,0x00,0x00}},
	{0x044D, {0x00,0x00,0x00,0x00,0x38,0x44,0x1C,0x04,0x44,0x38,0x00,0x00}},
	{0x044E, {0x00,0x00,0x00,0x00,0x4C,0x52,0x72,0x52,0x52,0x4C,0x00,0x00}},
	{0x044F, {0x00,0x00,0x00,0x00,0x3C,0x44,0x44,0x3C,0x24,0x44,0x00,0x00}},
	{0x2500, {0x00,0x00,0x00,0x00,0x00,0xFF,0x00,0x00,0x00,0x00,0x00,0x00}},
	{0x2502, {0x10,0x10,0x10,0x10,0x10,0x10,0x10,0x10,0x10,0x10,0x10,0x10}},
	{0x250C, {0x00,0x00,0x00,0x00,0x00,0x1F,0x10,0x10,0x10,0x10,0x10,0x10}},
	{0x2510, {0x00,0x00,0x00,0x00,0x00,0xF0,0x10,0x10,0x10,0x10,0x10,0x10}},
	{0x2518, {0x10,0x10,0x10,0x10,0x10,0xF0,0x00,0x00,0x00,0x00,0x00,0x00}},
	{0x2514, {0x10,0x10,0x10,0x10,0x10,0x1F,0x00,0x00,0x00,0x00,0x00,0x00}},
	{0x251C, {0x10,0x10,0x10,0x10,0x10,0x1F,0x10,0x10,0x10,0x10,0x10,0x10}},
	{0x252C, {0x00,0x00,0x00,0x00,0x00,0xFF,0x10,0x10,0x10,0x10,0x10,0x10}},
	{0x2524, {0x10,0x10,0x10,0x10,0x10,0xF0,0x10,0x10,0x10,0x10,0x10,0x10}},
	{0x2534, {0x10,0x10,0x10,0x10,0x10,0xFF,0x00,0x00,0x00,0x00,0x00,0x00}},
	{0x253C, {0x10,0x10,0x10,0x10,0x10,0xFF,0x10,0x10,0x10,0x10,0x10,0x10}},
	{0x2501, {0x00,0x00,0x00,0x00,0x00,0xFF,0xFF,0x00,0x00,0x00,0x00,0x00}},
	{0x2503, {0x18,0x18,0x18,0x18,0x18,0x18,0x18,0x18,0x18,0x18,0x18,0x18}},
	{0x250F, {0x00,0x00,0x00,0x00,0x00,0x1F,0x1F,0x18,0x18,0x18,0x18,0x18}},
	{0x2513, {0x00,0x00,0x00,0x00,0x00,0xF8,0xF8,0x18,0x18,0x18,0x18,0x18}},
	{0x251B, {0x18,0x18,0x18,0x18,0x18,0xF8,0xF8,0x00,0x00,0x00,0x00,0x00}},
	{0x2517, {0x18,0x18,0x18,0x18,0x18,0x1F,0x1F,0x00,0x00,0x00,0x00,0x00}},
	{0x2523, {0x18,0x18,0x18,0x18,0x18,0x1F,0x1F,0x18,0x18,0x18,0x18,0x18}},
	{0x2533, {0x00,0x00,0x00,0x00,0x00,0xFF,0xFF,0x18,0x18,0x18,0x18,0x18}},
	{0x252B, {0x18,0x18,0x18,0x18,0x18,0xF8,0xF8,0x18,0x18,0x18,0x18,0x18}},
	{0x253B, {0x18,0x18,0x18,0x18,0x18,0xFF,0xFF,0x00,0x00,0x00,0x00,0x00}},
	{0x254B, {0x18,0x18,0x18,0x18,0x18,0xFF,0xFF,0x18,0x18,0x18,0x18,0x18}},
	{0x2520, {0x18,0x18,0x18,0x18,0x18,0x1F,0x18,0x18,0x18,0x18,0x18,0x18}},
	{0x252F, {0x00,0x00,0x00,0x00,0x00,0xFF,0xFF,0x10,0x10,0x10,0x10,0x10}},
	{0x2528, {0x18,0x18,0x18,0x18,0x18,0xF8,0x18,0x18,0x18,0x18,0x18,0x18}},
	{0x2537, {0x10,0x10,0x10,0x10,0x10,0xFF,0xFF,0x00,0x00,0x00,0x00,0x00}},
	{0x253F, {0x10,0x10,0x10,0x10,0x10,0xFF,0xFF,0x10,0x10,0x10,0x10,0x10}},
	{0x251D, {0x10,0x10,0x10,0x10,0x10,0x1F,0x1F,0x10,0x10,0x10,0x10,0x10}},
	{0x2530, {0x00,0x00,0x00,0x00,0x00,0xFF,0x18,0x18,0x18,0x18,0x18,0x18}},
	{0x2525, {0x10,0x10,0x10,0x10,0x10,0xF0,0xF0,0x10,0x10,0x10,0x10,0x10}},
	{0x2538, {0x18,0x18,0x18,0x18,0x18,0xFF,0x00,0x00,0x00,0x00,0x00,0x00}},
	{0x2542, {0x18,0x18,0x18,0x18,0x18,0xFF,0x18,0x18,0x18,0x18,0x18,0x18}},
	{0x0000, {0x38,0x44,0x92,0xB2,0x92,0x92,0x92,0x92,0x92,0x44,0x38,0x00}},
	{0x0000, {0x38,0x44,0x92,0xAA,0x8A,0x92,0x92,0xA2,0xBA,0x44,0x38,0x00}},
	{0x0000, {0x38,0x44,0x92,0xAA,0x8A,0x92,0x8A,0xAA,0x92,0x44,0x38,0x00}},
	{0x0000, {0x38,0x44,0x8A,0x9A,0xAA,0xAA,0xBA,0x8A,0x8A,0x44,0x38,0x00}},
	{0x0000, {0x38,0x44,0xBA,0xA2,0xB2,0xAA,0x8A,0xAA,0x92,0x44,0x38,0x00}},
	{0x0000, {0x38,0x44,0x92,0xAA,0xA2,0xB2,0xAA,0xAA,0x92,0x44,0x38,0x00}},
	{0x0000, {0x38,0x44,0xBA,0xAA,0x8A,0x92,0x92,0x92,0x92,0x44,0x38,0x00}},
	{0x0000, {0x38,0x44,0x92,0xAA,0xAA,0x92,0xAA,0xAA,0x92,0x44,0x38,0x00}},
	{0x0000, {0x38,0x44,0x92,0xAA,0xAA,0x9A,0x8A,0xAA,0x92,0x44,0x38,0x00}},
	{0x0000, {0x38,0x44,0x82,0xAE,0xEA,0xAA,0xAA,0xAE,0x82,0x44,0x38,0x00}},
	{0x0000, {0x38,0x44,0x82,0xA6,0xEE,0xA6,0xA6,0xA6,0x82,0x44,0x38,0x00}},
	{0x0000, {0x38,0x44,0x82,0xAE,0xE6,0xAE,0xAA,0xAE,0x82,0x44,0x38,0x00}},
	{0x0000, {0x38,0x44,0x82,0xAE,0xE6,0xAE,0xA6,0xAE,0x82,0x44,0x38,0x00}},
	{0x0000, {0x38,0x44,0x82,0xAA,0xEA,0xAE,0xAE,0xA6,0x82,0x44,0x38,0x00}},
	{0x0000, {0x38,0x44,0x82,0xAE,0xEA,0xAE,0xA6,0xAE,0x82,0x44,0x38,0x00}},
	{0x0000, {0x38,0x44,0x82,0xAA,0xEA,0xAE,0xAE,0xAE,0x82,0x44,0x38,0x00}},
	{0x0000, {0x38,0x44,0x82,0xAE,0xE6,0xAA,0xAA,0xAA,0x82,0x44,0x38,0x00}},
	{0x0000, {0x38,0x44,0x82,0xAE,0xEE,0xA6,0xAE,0xAE,0x82,0x44,0x38,0x00}},
	{0x0000, {0x38,0x44,0x82,0xAE,0xEE,0xAE,0xA6,0xAE,0x82,0x44,0x38,0x00}},
	{0x0000, {0x38,0x44,0x82,0xEE,0xAA,0xEA,0xCA,0xEE,0x82,0x44,0x38,0x00}},
	{0x0000, {0x00,0x10,0x10,0x10,0x10,0x10,0x10,0x10,0x10,0x10,0x00,0x00}},
	{0x0000, {0x00,0x28,0x28,0x28,0x28,0x28,0x28,0x28,0x28,0x28,0x00,0x00}},
	{0x0000, {0x00,0x54,0x54,0x54,0x54,0x54,0x54,0x54,0x54,0x54,0x00,0x00}},
	{0x0000, {0x00,0xA2,0xA2,0xA2,0x94,0x94,0x94,0x94,0x88,0x88,0x00,0x00}},
	{0x0000, {0x00,0x44,0x44,0x44,0x28,0x28,0x28,0x28,0x10,0x10,0x00,0x00}},
	{0x0000, {0x00,0x8A,0x8A,0x8A,0x52,0x52,0x52,0x52,0x22,0x22,0x00,0x00}},
	{0x0000, {0x00,0xAA,0xAA,0xAA,0xAA,0xAA,0xAA,0xAA,0x4A,0x4A,0x00,0x00}},
	{0x0000, {0x00,0xBA,0xBA,0xBA,0xBA,0xBA,0xBA,0xBA,0x5A,0x5A,0x00,0x00}},
	{0x0000, {0x00,0xA2,0xA2,0x94,0x94,0x88,0x94,0x94,0xA2,0xA2,0x00,0x00}},
	{0x0000, {0x00,0x44,0x44,0x28,0x28,0x10,0x28,0x28,0x44,0x44,0x00,0x00}},
	{0x0000, {0xE0,0x00,0x60,0x00,0xF0,0x00,0x12,0x12,0x12,0x02,0x0C,0x00}},
	{0x0000, {0x40,0xF0,0x40,0xF0,0x20,0x00,0x1E,0x12,0x12,0x12,0x1E,0x00}},
	{0x0000, {0x88,0xE4,0xA0,0x82,0xEC,0x00,0xE0,0x40,0xE0,0x40,0x80,0x00}},
	{0x0000, {0x20,0xA0,0x4E,0xA0,0x80,0x00,0x84,0x8C,0xEC,0x8C,0x96,0x00}},
	{0x0000, {0x56,0x70,0x96,0x12,0x64,0x00,0x40,0x40,0x40,0x90,0xF0,0x00}},
	{0x0000, {0x80,0x80,0xE0,0x80,0x80,0x00,0x10,0x08,0x02,0x04,0x18,0x00}},
	{0x0000, {0xE0,0x20,0x6E,0x40,0x80,0x00,0x20,0xA0,0xA0,0xA0,0xB0,0x00}},
	{0x0000, {0x44,0x46,0xAA,0xA2,0x2C,0x00,0x64,0xAC,0x7C,0x4C,0x96,0x00}},
	{0x0000, {0xA0,0xA0,0xAE,0x22,0x4C,0x00,0x84,0x8C,0xEC,0x8C,0x96,0x00}},
	{0x0000, {0xE0,0xA0,0x2E,0x22,0x4C,0x00,0x80,0x80,0xE0,0x80,0x80,0x00}},
	{0x0000, {0x4E,0xEA,0x6A,0xAA,0xAE,0x00,0xA0,0xA0,0xAE,0x20,0x40,0x00}},
	{0x0000, {0xB0,0x80,0xE0,0x80,0x80,0x00,0x04,0x14,0x14,0x14,0x16,0x00}},
	{0x0000, {0x88,0xE4,0xA0,0x82,0xEC,0x00,0x80,0x80,0xE0,0x80,0x80,0x00}},
	{0x0000, {0x50,0x28,0xB0,0xA6,0xA0,0x00,0x94,0xE4,0xA6,0x8C,0xD4,0x00}},
	{0x0000, {0xEA,0x0A,0x6A,0x02,0xF4,0x00,0x64,0x2C,0xBC,0xAC,0xAE,0x00}},
	{0x0000, {0x50,0x68,0xB0,0xA6,0x20,0x00,0xD0,0x00,0xD0,0x20,0xC0,0x00}},
	{0x0000, {0x00,0x00,0x00,0x00,0xCC,0xEE,0xEE,0xEE,0xAA,0xAA,0x00,0x00}},
	{0x0000, {0x00,0x00,0x00,0x00,0x4C,0xAE,0x8E,0x8E,0xAA,0x4A,0x00,0x00}},
	{0x0000, {0x00,0x80,0x80,0x80,0xAC,0xAE,0xCE,0xCE,0xAA,0xAA,0x00,0x00}},
	{0x0000, {0x00,0x00,0x00,0x00,0xC6,0xEA,0xEA,0xE6,0xA2,0xAA,0x04,0x00}},
	{0x0000, {0x00,0x80,0x80,0x80,0xA6,0xAA,0xCA,0xC6,0xA2,0xAA,0x04,0x00}},
	{0x0000, {0x00,0x00,0x00,0x00,0x44,0xAA,0x88,0x88,0xAA,0x44,0x00,0x00}},
	{0x0000, {0x06,0x02,0x06,0x04,0xD6,0xA8,0xA8,0xA8,0xA8,0xA8,0x00,0x00}},
	{0x0000, {0xE4,0x46,0x44,0xEE,0xEC,0x4C,0x4C,0xEE,0x4C,0x4C,0x52,0x00}},
	{0x0000, {0x14,0x14,0x0A,0x0A,0x00,0x00,0x00,0x00,0x00,0x00,0x00,0x00}},
	{0x0000, {0x00,0x00,0x00,0x00,0x00,0x00,0x00,0xA0,0xA0,0x50,0x50,0x00}},
	{0x0000, {0x00,0x90,0x90,0xD0,0xD4,0xBA,0xBA,0x9A,0x9A,0x94,0x00,0x00}},
	{0x0000, {0x00,0xAA,0xAA,0xAA,0xCC,0xCC,0xAA,0xAA,0xAA,0xAA,0x00,0x00}},
	{0x0000, {0x00,0xE0,0x40,0x40,0x74,0x64,0x74,0x64,0x64,0x76,0x00,0x00}},
	{0x0000, {0x38,0x44,0x92,0x92,0x9A,0x92,0x92,0xFE,0x82,0x44,0x38,0x00}},
	{0x0000, {0x38,0x44,0x92,0xFE,0xD6,0xD6,0xFE,0x92,0x92,0x44,0x38,0x00}},
	{0x0000, {0x38,0x44,0x82,0xFE,0x92,0x9A,0x92,0x92,0x92,0x44,0x38,0x00}},
	{0x0000, {0x38,0x44,0xA2,0xFA,0xA2,0xBA,0xD2,0x92,0xBA,0x44,0x38,0x00}},
	{0x0000, {0x38,0x44,0xA2,0xFA,0xA2,0xBA,0xEA,0xAA,0xBA,0x44,0x38,0x00}},
	{0x0000, {0x44,0x82,0xB2,0xFE,0xAA,0xFE,0xEA,0xBE,0xAA,0x82,0x44,0x00}},
	{0x0000, {0x44,0x82,0xA2,0xFA,0xA2,0xBA,0xEA,0xBA,0xAA,0x82,0x44,0x00}},
	{0x0000, {0x44,0x82,0xAE,0xAA,0xBE,0xEA,0xAA,0xAA,0xA6,0x82,0x44,0x00}},
	{0x0000, {0x6A,0x62,0xE4,0xEC,0xE4,0xE6,0x68,0x6E,0x6E,0xAE,0xAE,0x00}},
	{0x0000, {0x4E,0x44,0x44,0xE4,0x44,0x4E,0x4C,0x4C,0xAC,0xAC,0xAE,0x00}},
	{0x0000, {0x6C,0x64,0xE6,0xEE,0xE6,0xA6,0x8E,0x6E,0x6C,0x64,0x64,0x00}},
	{0x0000, {0x00,0x40,0x00,0x00,0xFE,0x00,0xFE,0x00,0x00,0x04,0x00,0x00}},
	{0x0000, {0x00,0x00,0xFE,0x00,0x00,0xFE,0x00,0x00,0xFE,0x00,0x00,0x00}},
	{0x0000, {0x08,0x14,0x10,0x10,0x10,0x10,0x10,0x10,0x10,0x50,0x20,0x00}},
	{0x0000, {0x08,0x14,0x10,0x38,0x54,0x54,0x54,0x38,0x10,0x50,0x20,0x00}},
	{0x0000, {0x7E,0x40,0x20,0x10,0x08,0x04,0x08,0x10,0x20,0x40,0x7E,0x00}},
	{0x0000, {0x1E,0x10,0x10,0x20,0x20,0x20,0x20,0xE0,0x40,0x40,0x40,0x00}},
	{0x0000, {0x00,0x10,0x10,0x10,0x10,0x10,0x10,0x10,0x10,0xFE,0x00,0x00}},
	{0x0000, {0x00,0x02,0x04,0x04,0x08,0x10,0x20,0x20,0x40,0xFE,0x00,0x00}},
	{0x0000, {0x00,0x80,0x80,0x80,0x80,0x80,0x80,0x80,0x80,0xFE,0x00,0x00}},
	{0x0000, {0x00,0x02,0x06,0x0A,0x0A,0x12,0x22,0x22,0x42,0xFE,0x00,0x00}},
	{0x0000, {0x00,0x00,0x44,0x00,0x00,0x00,0x00,0x00,0x10,0x00,0x00,0x00}},
	{0x0000, {0x00,0x38,0x44,0x82,0x82,0x82,0x82,0x82,0x82,0x82,0x00,0x00}},
	{0x0000, {0x00,0x82,0x82,0x82,0x82,0x82,0x82,0x82,0x44,0x38,0x00,0x00}},
	{0x4E9C, {0xFE,0x28,0x28,0xFE,0xAA,0xAA,0xAA,0xFE,0x28,0x28,0xFE,0x00}},
	{0x5516, {0x3E,0xD4,0xB4,0xBE,0xB6,0xB6,0xB6,0xFE,0x14,0x14,0x3E,0x00}},
	{0x5A03, {0x24,0x2E,0x24,0xF4,0x5E,0x54,0x64,0x2E,0x24,0x64,0x9E,0x00}},
	{0x963F, {0xDE,0xC2,0xDE,0x96,0xD6,0xD6,0xD6,0xDE,0x82,0x82,0x86,0x00}},
	{0x54C0, {0x10,0xFE,0x00,0x7C,0x44,0x7C,0x28,0x6A,0xA4,0x34,0x62,0x00}},
	{0x611B, {0xFE,0x54,0xFE,0x82,0x54,0xCA,0x38,0x68,0x10,0x28,0xC6,0x00}},
	{0x6328, {0x48,0x52,0xFE,0x50,0x5C,0x68,0xC8,0x7E,0x48,0x54,0xE2,0x00}},
	{0x59F6, {0x24,0x2A,0x20,0xFE,0x50,0x50,0x6E,0x2A,0x2A,0x5A,0x8E,0x00}},
	{0x9022, {0x8C,0x54,0x08,0x36,0x08,0xDC,0x48,0x7E,0x48,0x40,0xBE,0x00}},
	{0x8475, {0x28,0xFE,0x28,0x74,0xAA,0x44,0xBA,0x10,0xFE,0x28,0xC6,0x00}},
	{0x831C, {0x28,0xFE,0x28,0xFE,0x28,0xFE,0xAA,0xAE,0xC2,0x82,0xFE,0x00}},
	{0x7A50, {0x2C,0xD4,0x7E,0x6A,0xFE,0x48,0x7E,0xEA,0xFE,0x48,0x4E,0x00}},
	{0x60AA, {0xFE,0x28,0xFE,0xAA,0xFE,0x28,0xFE,0x00,0x54,0xCA,0xBA,0x00}},
	{0x63E1, {0x5E,0x52,0xDE,0x50,0x5E,0x58,0xDE,0x54,0x5E,0x64,0xDE,0x00}},
	{0x6E25, {0x9E,0x52,0x1E,0x90,0x5E,0x18,0x1E,0x54,0x5E,0xA4,0x9E,0x00}},
	{0x65ED, {0x4E,0x4A,0xFA,0x5A,0x5E,0x5A,0x5A,0x5A,0x5E,0x90,0x9E,0x00}},
	{0x8466, {0x28,0xFE,0x28,0xFE,0x24,0xFE,0x44,0x7E,0x50,0xFE,0x10,0x00}},
	{0x82A6, {0x28,0xFE,0x28,0x7C,0x00,0x7C,0x44,0x7C,0x40,0x40,0x80,0x00}},
	{0x9BF5, {0x64,0xAA,0x3E,0xE4,0xBE,0xEA,0xB4,0xE2,0x0C,0xA2,0xAC,0x00}},
	{0x6893, {0x48,0x7E,0xD4,0x54,0x7E,0xC8,0xC8,0xFE,0x48,0x48,0x48,0x00}},
	{0x5727, {0x7E,0x40,0x48,0x48,0x48,0x5C,0x48,0x48,0x48,0x48,0xBE,0x00}},
	{0x65A1, {0x44,0xEA,0x50,0xEA,0xA6,0xF2,0xAA,0xE2,0x5E,0xE2,0x42,0x00}},
	{0x6271, {0x5C,0x54,0xF4,0x54,0x56,0x72,0xDA,0x5A,0x54,0x64,0xDA,0x00}},
	{0x5B9B, {0x10,0xFE,0x82,0x40,0x7E,0x5A,0x9A,0x6A,0x28,0x4A,0x8E,0x00}},
	{0x59D0, {0x2E,0x2A,0x2A,0xFE,0x5A,0x5A,0x6E,0x2A,0x2A,0x6A,0x9E,0x00}},
	{0x867B, {0x44,0x44,0xFE,0xA8,0xA8,0xA8,0xE8,0x48,0x48,0x68,0xCE,0x00}},
	{0x98F4, {0x44,0xA4,0x08,0xEA,0xBE,0xE0,0xAE,0xEA,0x8A,0xAA,0xEE,0x00}},
	{0x7D62, {0x50,0x5E,0xA2,0xDE,0x56,0x9E,0xD6,0x56,0xDE,0x42,0x46,0x00}},
	{0x7DBE, {0x48,0x5C,0x88,0xFE,0x54,0xA6,0xDC,0x74,0xC8,0x54,0x62,0x00}},
	{0x9B8E, {0x68,0xA8,0x28,0xEE,0xA8,0xE8,0xBE,0xF2,0x12,0xB2,0xBE,0x00}},
	{0x6216, {0x0A,0x08,0xFE,0x08,0xE8,0xAA,0xAA,0xC4,0x34,0xCA,0x12,0x00}},
	{0x7C9F, {0xFE,0x28,0xFE,0xAA,0xFE,0x10,0x54,0xFE,0x38,0x54,0x92,0x00}},
	{0x88B7, {0x48,0x54,0xE2,0x2C,0x40,0x40,0xFE,0x72,0x52,0x52,0x5E,0x00}},
	{0x5B89, {0x10,0xFE,0x82,0x10,0xFE,0x24,0x44,0x68,0x18,0x24,0xC2,0x00}},
	{0x5EB5, {0x08,0x7E,0x48,0x7E,0x54,0x6A,0x7E,0x6A,0x7E,0x48,0x8E,0x00}},
	{0x6309, {0x48,0x7E,0xE2,0x48,0x7E,0x54,0xD4,0x58,0x48,0x54,0xE2,0x00}},
	{0x6697, {0x04,0xFE,0xAA,0xAA,0xFE,0xA0,0xAE,0xAA,0xEE,0x0A,0x0E,0x00}},
	{0x6848, {0x10,0xFE,0x92,0x7C,0x28,0x74,0x10,0xFE,0x38,0x54,0x92,0x00}},
	{0x95C7, {0xEE,0xAA,0xEE,0xAA,0xEE,0x92,0xFE,0xAA,0xFE,0xAA,0xBA,0x00}},
	{0x978D, {0xA8,0xFE,0xA2,0xE8,0x7E,0xD4,0xD4,0x58,0xC8,0x54,0x62,0x00}},
	{0x674F, {0x10,0xFE,0x10,0x38,0x54,0x92,0x7C,0x44,0x44,0x44,0x7C,0x00}},
	{0x4EE5, {0x44,0x44,0x54,0x4C,0x44,0x44,0x64,0x48,0x88,0x14,0x62,0x00}},
	{0x4F0A, {0x3E,0x2A,0x4A,0x5E,0xCA,0x4A,0x5E,0x48,0x48,0x48,0x50,0x00}},
	{0x4F4D, {0x28,0x28,0x7E,0x44,0xD4,0x54,0x54,0x54,0x48,0x48,0x7E,0x00}},
	{0x4F9D, {0x28,0x28,0x7E,0x48,0xD8,0x5A,0x74,0x54,0x54,0x5A,0x72,0x00}},
	{0x5049, {0x24,0x3E,0x4A,0x7E,0xD2,0x5E,0x44,0x5E,0x54,0x7E,0x44,0x00}},
	{0x56F2, {0xFE,0x82,0xAA,0xFE,0xAA,0xAA,0xFE,0xAA,0xCA,0x82,0xFE,0x00}},
	{0x5937, {0x10,0xFE,0x10,0x7C,0x14,0x7C,0x50,0xFE,0x12,0x28,0xC6,0x00}},
	{0x59D4, {0x7C,0x10,0xFE,0x38,0xD6,0x10,0xFE,0x24,0x68,0x18,0xE6,0x00}},
	{0x5A01, {0x0A,0x08,0x7E,0x48,0x78,0x5A,0x7A,0x6C,0x74,0x54,0xAA,0x00}},
	{0x5C09, {0xF2,0x92,0xFE,0x82,0xF2,0x8A,0xF6,0xA2,0x32,0xA2,0x66,0x00}},
	{0x60DF, {0x54,0x54,0xDE,0xF4,0xDE,0x54,0x54,0x5E,0x54,0x54,0x5E,0x00}},
	{0x610F, {0x10,0x7C,0x28,0xFE,0x44,0x7C,0x44,0x7C,0x50,0xCA,0xBA,0x00}},
	{0x6170, {0xF2,0x92,0xFE,0x82,0xF6,0x22,0xB2,0x66,0x50,0xCA,0xBA,0x00}},
	{0x6613, {0x7C,0x44,0x7C,0x44,0x7C,0x20,0x7E,0xAA,0x4A,0x92,0x26,0x00}},
	{0x6905, {0x48,0x7E,0xC8,0x54,0x62,0xFE,0xC2,0xFA,0x6A,0x7A,0x46,0x00}},
	{0x70BA, {0x50,0x10,0xF8,0x28,0x3C,0x44,0x7E,0x82,0x2A,0xAA,0x86,0x00}},
	{0x754F, {0x7C,0x54,0x7C,0x54,0x7C,0x00,0xFE,0x54,0x48,0x64,0xC2,0x00}},
	{0x7570, {0x7C,0x54,0x7C,0x54,0x7C,0x28,0x7C,0x28,0xFE,0x44,0x82,0x00}},
	{0x79FB, {0x28,0xCE,0x52,0x4A,0xE4,0x4E,0x52,0xEA,0xC4,0x48,0x70,0x00}},
	{0x7DAD, {0x54,0x54,0x9E,0xD4,0x5E,0xB4,0xD4,0x5E,0xF4,0x54,0x5E,0x00}},
	{0x7DEF, {0x44,0x5E,0x8A,0xFE,0x52,0x9E,0xC4,0x5E,0xD4,0x7E,0x44,0x00}},
	{0x80C3, {0xFE,0x92,0xFE,0x92,0xFE,0x44,0x7C,0x44,0x7C,0x44,0x4C,0x00}},
	{0x840E, {0x28,0xFE,0x10,0xFE,0x38,0x54,0xFE,0x24,0x68,0x18,0xE6,0x00}},
	{0x8863, {0x10,0x10,0xFE,0x10,0x28,0x2A,0x6C,0xA8,0x24,0x34,0x62,0x00}},
	{0x8B02, {0xFE,0x2A,0xFE,0x2A,0xFE,0x14,0xDC,0x14,0xDC,0xD4,0xD4,0x00}},
	{0x9055, {0x84,0x5E,0x0A,0x3E,0x12,0xDE,0x54,0x7E,0x44,0x40,0xBE,0x00}},
	{0x907A, {0x88,0x3E,0x2A,0x3E,0x14,0xDC,0x54,0x5C,0x62,0x40,0xBE,0x00}},
	{0x533B, {0xFE,0x90,0x9C,0xA8,0x88,0xBE,0x88,0x94,0xA2,0x80,0xFE,0x00}},
	{0x4E95, {0x44,0x44,0xFE,0x44,0x44,0x44,0xFE,0x44,0x44,0x44,0x84,0x00}},
	{0x4EA5, {0x10,0xFE,0x10,0x64,0x28,0x10,0x24,0x48,0x18,0x24,0xC2,0x00}},
	{0x57DF, {0x4A,0x48,0x7E,0xC8,0x7A,0x6A,0x6A,0x7C,0xC4,0x34,0x0A,0x00}},
	{0x80B2, {0x10,0xFE,0x10,0x24,0xFE,0x44,0x7C,0x44,0x7C,0x44,0x4C,0x00}},
	{0x90C1, {0x26,0x26,0xF6,0x44,0x76,0xD6,0x76,0x56,0x74,0x54,0x54,0x00}},
	{0x78EF, {0xDA,0x6C,0x5A,0x6C,0x7E,0x84,0x7E,0x54,0x56,0x74,0x2A,0x00}},
	{0x4E00, {0x00,0x00,0x00,0x00,0x04,0xFE,0x00,0x00,0x00,0x00,0x00,0x00}},
	{0x58F1, {0x10,0xFE,0x10,0x7C,0x00,0xFE,0x82,0x4C,0x70,0x42,0x3E,0x00}},
	{0x6EA2, {0x94,0x08,0x3E,0x94,0x14,0x22,0x1C,0x5C,0x5C,0x9C,0xBE,0x00}},
	{0x9038, {0x8C,0x54,0x04,0x3E,0x2A,0xFE,0x54,0x54,0x66,0x40,0xBE,0x00}},
	{0x7A32, {0x26,0xD8,0x6A,0x6A,0xC0,0x6E,0x6A,0xEE,0xEA,0x6A,0x6E,0x00}},
	{0x8328, {0x28,0xFE,0x28,0x10,0x9E,0x2A,0x08,0x48,0x94,0x94,0x22,0x00}},
	{0x828B, {0x28,0xFE,0x28,0x00,0x7C,0x10,0x10,0xFE,0x10,0x10,0x30,0x00}},
	{0x9C2F, {0xF6,0x52,0x76,0xE4,0xF6,0xD2,0xF6,0xD2,0x36,0x92,0xB6,0x00}},
	{0x5141, {0x10,0x10,0x20,0x44,0xFA,0x28,0x28,0x28,0x4A,0x4A,0x8E,0x00}},
	{0x5370, {0x20,0xDE,0x92,0x92,0xF2,0x92,0x92,0x96,0xF0,0x10,0x10,0x00}},
	{0x54BD, {0x3E,0xE2,0xAA,0xBE,0xAA,0xAA,0xAA,0xF6,0x22,0x22,0x3E,0x00}},
	{0x54E1, {0x7C,0x44,0xFE,0x82,0xFE,0x82,0xFE,0x82,0xFE,0x44,0x82,0x00}},
	{0x56E0, {0xFE,0x82,0x92,0xFE,0x92,0x92,0xAA,0xAA,0xC6,0x82,0xFE,0x00}},
	{0x59FB, {0x7E,0x62,0x6A,0xFE,0x6A,0xAA,0xAA,0x76,0x62,0xA2,0xBE,0x00}},
	{0x5F15, {0xF2,0x12,0x12,0x72,0x42,0x82,0xF2,0x12,0x12,0x12,0x62,0x00}},
	{0x98F2, {0x48,0xAE,0x0A,0xF6,0xA4,0xE4,0xA4,0xE4,0x84,0xAA,0xF2,0x00}},
	{0x6DEB, {0x86,0x38,0x2A,0xAA,0x04,0x38,0x08,0xBE,0x88,0x88,0xBE,0x00}},
	{0x80E4, {0x54,0x64,0x54,0x6C,0x7C,0x44,0x7C,0x6C,0x7C,0x6C,0xAE,0x00}},
	{0x852D, {0x28,0xFE,0x28,0xD4,0xDC,0xA2,0xDC,0xC4,0xFE,0x94,0xBA,0x00}},
	{0x9662, {0xC8,0xFE,0xE2,0x9C,0xC0,0xFE,0xD4,0xD4,0x94,0x94,0xA6,0x00}},
	{0x9670, {0xC8,0xD4,0xFE,0x80,0xDC,0xC4,0xFE,0xC0,0xBE,0x94,0xBA,0x00}},
	{0x96A0, {0xC6,0xF8,0xEA,0x84,0xDE,0xC2,0xDE,0xC0,0x94,0xB2,0xAE,0x00}},
	{0x97FB, {0x4E,0xEA,0xAE,0xA0,0xEE,0x0A,0xEE,0xAA,0xEE,0xA0,0xEA,0x00}},
	{0x540B, {0x04,0xE4,0xBE,0xA4,0xA4,0xB4,0xAC,0xE4,0x04,0x04,0x0C,0x00}},
	{0x53F3, {0x10,0x10,0xFE,0x20,0x20,0x3C,0x64,0xA4,0x24,0x24,0x3C,0x00}},
	{0x5B87, {0x10,0xFE,0x82,0x7C,0x10,0x10,0xFE,0x10,0x10,0x10,0x30,0x00}},
	{0x70CF, {0x10,0x7C,0x44,0x7C,0x40,0x7E,0x40,0x7E,0x02,0xAA,0x86,0x00}},
	{0x7FBD, {0xEE,0x22,0xAA,0x66,0x22,0x22,0x66,0xAA,0x22,0x22,0x66,0x00}},
	{0x8FC2, {0x9C,0x48,0x08,0x3E,0x08,0xC8,0x48,0x48,0x58,0x40,0xBE,0x00}},
	{0x96E8, {0xFE,0x10,0x10,0xFE,0x92,0xDA,0xB6,0xDA,0xB6,0x92,0x96,0x00}},
	{0x536F, {0x20,0xCE,0xAA,0xAA,0xAA,0xAA,0xAA,0xEA,0xA8,0x28,0x48,0x00}},
	{0x9D5C, {0x54,0x2E,0xFA,0x2E,0xFA,0xAE,0xF8,0x2E,0x62,0xAA,0x26,0x00}},
	{0x7ABA, {0x10,0xFE,0xAA,0x4C,0x5E,0xF2,0x5E,0xF2,0x5E,0x6C,0x96,0x00}},
	{0x4E11, {0x7C,0x14,0x14,0x14,0x14,0xFE,0x24,0x24,0x24,0x24,0xFE,0x00}},
	{0x7893, {0x14,0xF4,0x5E,0x54,0x5E,0x94,0x74,0x5E,0x54,0x74,0x1E,0x00}},
	{0x81FC, {0x10,0x20,0xCE,0x82,0x82,0xEE,0x82,0x82,0x82,0x82,0xFE,0x00}},
	{0x6E26, {0x9C,0x54,0x1C,0x94,0x14,0x3E,0x22,0xBE,0xB6,0xBE,0xA2,0x00}},
	{0x5618, {0x08,0xEE,0xA8,0xBE,0xA8,0xAE,0xA0,0xF4,0x36,0x54,0x3E,0x00}},
	{0x5504, {0x3E,0xE2,0xBE,0xA2,0xBE,0xA2,0xA2,0xFE,0x00,0x14,0x22,0x00}},
	{0x6B1D, {0x44,0xEE,0x54,0xFE,0xAA,0xFE,0xE2,0xAE,0xE2,0x8A,0xE6,0x00}},
	{0x851A, {0x28,0xFE,0x28,0xF2,0x9E,0xF2,0x8A,0xF6,0x22,0xB2,0x66,0x00}},
	{0x9C3B, {0x6E,0xAA,0x2E,0xEA,0xBE,0xF6,0xBE,0xEA,0x04,0xAA,0xB2,0x00}},
	{0x59E5, {0x24,0x24,0x2E,0xF4,0x5E,0x58,0x6A,0x2C,0x28,0x5A,0x8E,0x00}},
	{0x53A9, {0x7E,0x40,0x7E,0x54,0x74,0x54,0x7E,0x44,0x6C,0x4C,0x96,0x00}},
	{0x6D66, {0x8A,0x3E,0x08,0xBE,0x2A,0x3E,0x2A,0xBE,0xAA,0xAA,0xAA,0x00}},
	{0x74DC, {0x0C,0x70,0x54,0x54,0x54,0x54,0x54,0x54,0x54,0x5C,0xB2,0x00}},
	{0x958F, {0xEE,0xAA,0xEE,0xAA,0xEE,0x82,0xBA,0x92,0xBA,0x92,0xBA,0x00}},
	{0x5642, {0x14,0xFE,0xB4,0xBE,0xB6,0xA2,0xBE,0xE4,0x3E,0x14,0x0C,0x00}},
	{0x4E91, {0x7C,0x00,0x00,0xFE,0x10,0x10,0x20,0x20,0x48,0x44,0xFA,0x00}},
	{0x904B, {0xBE,0x2A,0x1C,0x08,0x1C,0xDC,0x48,0x7E,0x48,0x40,0xBE,0x00}},
	{0x96F2, {0x7C,0x10,0xFE,0x92,0xB6,0x7C,0x00,0xFE,0x10,0x24,0xFA,0x00}},
	{0x834F, {0x28,0xFE,0x28,0x24,0x58,0x48,0xFE,0x48,0x48,0x48,0x5C,0x00}},
	{0x990C, {0x5E,0xAA,0x0E,0xEA,0xAA,0xEE,0xAA,0xEA,0x9E,0xA2,0xE2,0x00}},
	{0x53E1, {0x2E,0x32,0x22,0xFA,0x8A,0x54,0xA4,0x54,0xFA,0x5A,0x72,0x00}},
	{0x55B6, {0x54,0x08,0xFE,0x82,0x38,0x28,0x38,0x10,0x7C,0x44,0x7C,0x00}},
	{0x5B30, {0xEE,0xAA,0xEE,0x00,0xAA,0x10,0xFE,0x24,0x68,0x18,0xE6,0x00}},
	{0x5F71, {0x72,0x52,0x74,0x50,0xFA,0x52,0x74,0x20,0xAA,0x22,0x64,0x00}},
	{0x6620, {0x08,0xFE,0xAA,0xAA,0xEA,0xBE,0xA8,0xA8,0xE8,0x14,0x22,0x00}},
	{0x66F3, {0x10,0xFC,0x94,0xFC,0x94,0x94,0xFC,0x14,0x08,0x1A,0xE6,0x00}},
	{0x6804, {0x54,0x08,0xFE,0x92,0x10,0x7C,0x10,0x38,0x54,0x92,0x10,0x00}},
	{0x6C38, {0x30,0x08,0x30,0x14,0xF4,0x38,0x38,0x54,0x54,0x92,0x30,0x00}},
	{0x6CF3, {0x98,0x40,0x18,0x8A,0x7A,0x1C,0x1C,0x5C,0x6A,0xAA,0x98,0x00}},
	{0x6D29, {0x88,0x3E,0x2A,0xBE,0x2A,0x3E,0x08,0x4A,0x44,0x8C,0xB2,0x00}},
	{0x745B, {0xD4,0x7E,0x54,0x48,0xFE,0x6A,0x6A,0x7E,0xC8,0x14,0x22,0x00}},
	{0x76C8, {0xFC,0x24,0x3E,0x2A,0x52,0xAE,0x00,0x7C,0x54,0x54,0xFE,0x00}},
	{0x7A4E, {0x9E,0xE8,0x9E,0xF2,0x3E,0xD2,0x5E,0xF2,0x5E,0xE0,0x52,0x00}},
	{0x9834, {0x9E,0xE8,0x9E,0xF2,0x1E,0xF2,0x1E,0xF2,0x5E,0xE0,0x52,0x00}},
	{0x82F1, {0x28,0xFE,0x28,0x10,0x7C,0x54,0x54,0xFE,0x10,0x28,0xC6,0x00}},
	{0x885B, {0x56,0x78,0x98,0x3E,0x6A,0x7A,0xD2,0x7A,0x72,0x7A,0x56,0x00}},
	{0x8A60, {0xD8,0x00,0xD8,0x0A,0xFA,0x1C,0xDC,0x1C,0xEA,0xCA,0xD8,0x00}},
	{0x92ED, {0x54,0xA8,0x3E,0xE2,0x62,0xFE,0x54,0xD4,0xD4,0x54,0xE6,0x00}},
	{0x6DB2, {0x88,0x7E,0x14,0x96,0x2A,0x26,0x6A,0xA4,0xA4,0xAA,0xB2,0x00}},
	{0x75AB, {0x08,0x7E,0x40,0xDC,0x54,0x66,0xDC,0x54,0x48,0x54,0xA2,0x00}},
	{0x76CA, {0x44,0x08,0xFE,0x28,0x44,0x82,0x7C,0x54,0x54,0x54,0xFE,0x00}},
	{0x99C5, {0xEE,0x8A,0xCA,0x8A,0xCE,0x8C,0xEC,0x2C,0xAA,0xAA,0x52,0x00}},
	{0x60A6, {0x54,0x48,0xFE,0xE2,0xE2,0x7E,0x54,0x54,0x54,0x54,0x66,0x00}},
	{0x8B01, {0xDE,0x12,0xDE,0x12,0xDE,0x08,0xDE,0x3A,0xD2,0xDA,0xC6,0x00}},
	{0x8D8A, {0x4A,0xE8,0x5E,0x54,0xF4,0x56,0x54,0xF4,0xDA,0xC0,0xBE,0x00}},
	{0x95B2, {0xEE,0xAA,0xEE,0xAA,0xEE,0xAA,0xBA,0xAA,0xBA,0xCE,0x82,0x00}},
	{0x698E, {0x7E,0x48,0xDC,0x54,0x5C,0xD4,0xDC,0xCC,0x54,0x48,0x76,0x00}},
	{0x53AD, {0x7E,0x40,0x74,0x56,0x74,0x4E,0x74,0x54,0x74,0xDA,0x5A,0x00}},
	{0x5186, {0xFE,0x92,0x92,0x92,0x92,0xFE,0x82,0x82,0x82,0x82,0x86,0x00}},
	{0x5712, {0xFE,0x92,0xBA,0x92,0xFE,0xBA,0xAE,0xBA,0xD6,0x92,0xFE,0x00}},
	{0x5830, {0x5E,0x50,0x5E,0xFE,0x54,0x5E,0x5A,0x74,0xDA,0x10,0x1E,0x00}},
	{0x5944, {0x10,0xFE,0x28,0x54,0xFE,0x54,0x7C,0x54,0x7C,0x12,0x1E,0x00}},
	{0x5BB4, {0x10,0xFE,0x82,0x7C,0x44,0x7C,0x10,0xFE,0x24,0x38,0xC6,0x00}},
	{0x5EF6, {0xC2,0x5C,0x44,0x84,0xD6,0x54,0x54,0xD4,0x5E,0x40,0xBE,0x00}},
	{0x6028, {0x40,0x7E,0x5A,0xDA,0x28,0x2A,0xCE,0x10,0x44,0xCA,0xBA,0x00}},
	{0x63A9, {0x48,0x7E,0xD4,0x6A,0x7E,0x6A,0xFE,0x6A,0x7E,0x48,0xCE,0x00}},
	{0x63F4, {0x46,0x78,0xEA,0x7E,0x48,0x7E,0xD0,0x5E,0x72,0x4C,0xF2,0x00}},
	{0x6CBF, {0x94,0x54,0x14,0x94,0x22,0x00,0x1C,0x54,0x54,0x94,0x9C,0x00}},
	{0x6F14, {0x88,0x3E,0x22,0x9C,0x08,0x3E,0x2A,0xBE,0xAA,0x9C,0xA2,0x00}},
	{0x708E, {0x10,0x54,0x58,0x28,0xC6,0x10,0x54,0x58,0x10,0x28,0xC6,0x00}},
	{0x7114, {0x48,0x4E,0x52,0xC4,0xEE,0xEA,0x6A,0x6E,0x6A,0xAA,0xAE,0x00}},
	{0x7159, {0x5E,0x4C,0x5E,0xF6,0xF6,0xDE,0x44,0x4E,0x64,0xA4,0x9E,0x00}},
	{0x71D5, {0x28,0xFE,0x28,0x44,0xFE,0x6C,0x6C,0xFC,0x46,0x00,0xAA,0x00}},
	{0x733F, {0xA8,0xBC,0x48,0x7E,0xDC,0x54,0x5C,0xDA,0x74,0x54,0x9A,0x00}},
	{0x7E01, {0x5C,0x44,0x9C,0xC4,0x7E,0x88,0xD6,0x6C,0xD4,0x66,0x58,0x00}},
	{0x8276, {0x56,0xFA,0xD2,0xFE,0x1A,0xFA,0x9E,0xF8,0x5A,0x5A,0xEE,0x00}},
	{0x82D1, {0x28,0xFE,0x28,0x40,0x7E,0x5A,0x9A,0x6A,0x28,0x4A,0x8E,0x00}},
	{0x8597, {0x28,0xFE,0x28,0xFE,0x92,0xFE,0xAA,0xBA,0xD6,0x92,0xFE,0x00}},
	{0x9060, {0x88,0x5C,0x08,0x3E,0x00,0xDC,0x56,0x5C,0x6A,0x40,0xBE,0x00}},
	{0x925B, {0x4A,0xAA,0x0A,0xEA,0x52,0xE0,0x4E,0xEA,0xCA,0x6A,0xCE,0x00}},
	{0x9D1B, {0x40,0x7E,0xDA,0x28,0xCE,0x7C,0x7C,0x40,0x7E,0x02,0xAA,0x00}},
	{0x5869, {0x50,0x5E,0x60,0xDC,0x54,0x5C,0x40,0x5C,0xDC,0x1C,0x3E,0x00}},
	{0x65BC, {0x24,0x2A,0xFA,0x40,0x44,0x72,0x52,0x50,0x54,0x52,0xB2,0x00}},
	{0x6C5A, {0x9C,0x48,0x08,0xBE,0x50,0x10,0x1E,0x42,0x42,0x82,0x86,0x00}},
	{0x7525, {0x5E,0xD6,0xFE,0xD6,0x5E,0xE8,0x5E,0x4A,0x6A,0xCA,0x16,0x00}},
	{0x51F9, {0xEE,0xAA,0xAA,0xAA,0xAA,0xBA,0x82,0x82,0x82,0x82,0xFE,0x00}},
	{0x592E, {0x10,0x7C,0x54,0x54,0x54,0xFE,0x10,0x28,0x28,0x44,0x82,0x00}},
	{0x5965, {0x10,0x7C,0x44,0x6C,0x54,0x7C,0x54,0xFE,0x10,0x28,0xC6,0x00}},
	{0x5F80, {0x50,0x48,0xBE,0x08,0x48,0x48,0xDC,0x48,0x48,0x48,0x7E,0x00}},
	{0x5FDC, {0x08,0x7E,0x50,0x48,0x50,0x54,0x72,0x72,0x50,0x54,0x9C,0x00}},
	{0x62BC, {0x7E,0x6A,0xEA,0x7E,0x6A,0x6A,0xEA,0x7E,0x48,0x48,0xC8,0x00}},
	{0x65FA, {0x1E,0xE4,0xA4,0xA4,0xE4,0xAE,0xA4,0xA4,0xE4,0x04,0x1E,0x00}},
	{0x6A2A, {0x54,0x7E,0xD4,0x7E,0x48,0xFE,0xEA,0xFE,0x40,0x54,0x62,0x00}},
	{0x6B27, {0xE8,0x8E,0xDA,0xD6,0xA4,0xA4,0xD4,0xD4,0x8A,0xEA,0x12,0x00}},
	{0x6BB4, {0xEE,0x8A,0xDA,0xD0,0xAE,0xAA,0xDA,0xD4,0x84,0xEA,0x12,0x00}},
	{0x738B, {0x7C,0x10,0x10,0x10,0x10,0x7C,0x10,0x10,0x10,0x10,0xFE,0x00}},
	{0x7FC1, {0x28,0x44,0xAA,0x74,0x00,0xEE,0x22,0xAA,0x66,0xAA,0x66,0x00}},
	{0x8956, {0x48,0x7E,0xE2,0x36,0x6A,0x7E,0xEA,0x7E,0x48,0x54,0x62,0x00}},
	{0x9D2C, {0x54,0x08,0xFE,0x92,0x7C,0x44,0x7E,0x40,0x7E,0x02,0xAA,0x00}},
	{0x9D0E, {0xE4,0x8E,0xDA,0xDE,0xAA,0xAE,0xD8,0xDE,0x82,0xEA,0x16,0x00}},
	{0x9EC4, {0x28,0x7C,0x28,0xFE,0x10,0x7C,0x54,0x7C,0x54,0x7C,0x82,0x00}},
	{0x5CA1, {0xFE,0x82,0xAA,0x92,0xFE,0x92,0xD6,0xD6,0xFE,0x82,0x86,0x00}},
	{0x6C96, {0x88,0x48,0x3E,0xAA,0x6A,0x2A,0x3E,0x48,0x48,0x88,0x88,0x00}},
	{0x837B, {0x28,0xFE,0x28,0xA4,0x56,0x54,0xA4,0x64,0xA4,0x2A,0xD2,0x00}},
	{0x5104, {0x28,0x3E,0x54,0x7E,0xD2,0x5E,0x52,0x5E,0x54,0x72,0x6E,0x00}},
	{0x5C4B, {0x7E,0x42,0x7E,0x40,0x7E,0x54,0x7A,0x48,0x5C,0x48,0xBE,0x00}},
	{0x61B6, {0x48,0x7E,0xD4,0xFE,0xD2,0x5E,0x52,0x5E,0x54,0x72,0x6E,0x00}},
	{0x81C6, {0xE8,0xBE,0xB4,0xFE,0xB2,0xBE,0xF2,0xBE,0xA4,0xB2,0xAE,0x00}},
	{0x6876, {0x5E,0x44,0xC8,0x7E,0x6A,0xFE,0xEA,0xFE,0x6A,0x6A,0x6A,0x00}},
	{0x7261, {0x24,0xA4,0xF4,0xAE,0xA4,0x24,0x34,0xE4,0x24,0x24,0x2E,0x00}},
	{0x4E59, {0x7C,0x04,0x08,0x10,0x10,0x20,0x40,0x40,0x82,0x82,0x7E,0x00}},
	{0x4FFA, {0x28,0x3E,0x54,0x6A,0xFE,0x6A,0x7E,0x6A,0x7E,0x48,0x4E,0x00}},
	{0x5378, {0x4E,0x7A,0xAA,0x2A,0xFA,0x2A,0xBA,0xAA,0xA8,0xB8,0xC8,0x00}},
	{0x6069, {0x7C,0x54,0x7C,0x54,0x6C,0x44,0x7C,0x00,0x54,0xCA,0xBA,0x00}},
	{0x6E29, {0x9E,0x52,0x1E,0x92,0x5E,0x00,0x1E,0x56,0x56,0x96,0xBE,0x00}},
	{0x7A4F, {0x26,0xD8,0x6A,0x44,0xDE,0x42,0x5E,0xC0,0xD4,0x72,0x6E,0x00}},
	{0x97F3, {0x10,0x7C,0x28,0x28,0xFE,0x00,0x7C,0x44,0x7C,0x44,0x7C,0x00}},
	{0x4E0B, {0xFE,0x10,0x10,0x10,0x18,0x14,0x10,0x10,0x10,0x10,0x10,0x00}},
	{0x5316, {0x30,0x30,0x50,0x52,0xD4,0x58,0x50,0x50,0x52,0x52,0x5E,0x00}},
	{0x4EEE, {0x3E,0x30,0x50,0x5E,0xD2,0x5A,0x5A,0x54,0x64,0x4A,0x52,0x00}},
	{0x4F55, {0x3E,0x22,0x5E,0x56,0xD6,0x56,0x56,0x5E,0x42,0x42,0x46,0x00}},
	{0x4F3D, {0x50,0x5E,0x7A,0x5A,0xDA,0x5A,0x5A,0x6A,0x6A,0x4E,0x58,0x00}},
	{0x4FA1, {0x3E,0x34,0x54,0x7E,0xD6,0x56,0x56,0x56,0x56,0x56,0x7E,0x00}},
	{0x4F73, {0x28,0x3C,0x48,0x48,0xFE,0x48,0x48,0x5C,0x48,0x48,0x7E,0x00}},
	{0x52A0, {0x40,0x4E,0xFA,0x5A,0x5A,0x5A,0x5A,0x5A,0x5A,0x9E,0xB0,0x00}},
	{0x53EF, {0xFE,0x04,0x74,0x54,0x54,0x54,0x54,0x74,0x04,0x04,0x0C,0x00}},
	{0x5609, {0x10,0xFE,0x10,0xFE,0x44,0x7C,0x28,0xFE,0x5A,0x5A,0xBE,0x00}},
	{0x590F, {0xFE,0x10,0x7C,0x44,0x7C,0x44,0x7C,0x24,0x68,0x10,0xEE,0x00}},
	{0x5AC1, {0x48,0x5E,0x52,0xEC,0xA8,0xB6,0xCC,0x54,0x6C,0x96,0x8C,0x00}},
	{0x5BB6, {0x10,0xFE,0x82,0x7C,0x20,0xD2,0x2C,0xD8,0x2C,0xCA,0x30,0x00}},
	{0x5BE1, {0x10,0xFE,0xBA,0x10,0x7C,0x44,0xFE,0x44,0xBA,0x28,0x58,0x00}},
	{0x79D1, {0x24,0xD4,0x4C,0x44,0xE4,0x54,0x44,0xC6,0xFC,0x44,0x44,0x00}},
	{0x6687, {0x36,0xF2,0xB2,0xB6,0xE0,0xB6,0xA2,0xAA,0xF4,0x24,0x2A,0x00}},
	{0x679C, {0x7C,0x54,0x7C,0x54,0x7C,0x10,0xFE,0x38,0x54,0x92,0x10,0x00}},
	{0x67B6, {0x40,0xFE,0x5A,0x5A,0xBE,0x10,0xFE,0x38,0x54,0x92,0x10,0x00}},
	{0x6B4C, {0xE8,0x2E,0xEA,0xB6,0xE4,0x24,0xE4,0xA4,0xEA,0x2A,0x72,0x00}},
	{0x6CB3, {0xBE,0x02,0x3A,0xAA,0x2A,0x2A,0x2A,0xBA,0x82,0x82,0x86,0x00}},
	{0x706B, {0x10,0x10,0x52,0x54,0x58,0x90,0x10,0x28,0x28,0x44,0x82,0x00}},
	{0x73C2, {0xFE,0x42,0x5E,0x56,0xF6,0x56,0x56,0x7E,0xC2,0x02,0x06,0x00}},
	{0x798D, {0x4E,0x4A,0xEE,0x2A,0x4A,0x5E,0xF2,0x5E,0x56,0x5E,0x52,0x00}},
	{0x79BE, {0x0C,0x70,0x10,0x10,0xFE,0x10,0x38,0x38,0x54,0x92,0x10,0x00}},
	{0x7A3C, {0x24,0xDE,0x52,0x4C,0xC8,0x56,0x4C,0xD4,0xEC,0x56,0x4C,0x00}},
	{0x7B87, {0x48,0x6E,0xB4,0x00,0xFE,0x92,0xBA,0x92,0xBA,0xAA,0xFE,0x00}},
	{0x82B1, {0x28,0xFE,0x28,0x28,0x48,0x4A,0xCC,0x48,0x48,0x4A,0x4E,0x00}},
	{0x82DB, {0x28,0xFE,0x28,0x00,0xFE,0x04,0x74,0x54,0x54,0x74,0x0C,0x00}},
	{0x8304, {0x28,0xFE,0x28,0x40,0xFE,0x5A,0x5A,0x5A,0x5A,0x9E,0xB0,0x00}},
	{0x8377, {0x28,0xFE,0x28,0x3E,0x42,0x5E,0xD6,0x56,0x5E,0x42,0x46,0x00}},
	{0x83EF, {0x28,0xFE,0x28,0xFE,0x54,0xFE,0x54,0xFE,0x10,0xFE,0x10,0x00}},
	{0x83D3, {0x28,0xFE,0x28,0x7C,0x54,0x7C,0x54,0xFE,0x38,0x54,0x92,0x00}},
	{0x8766, {0x76,0x72,0xF2,0xB6,0xA0,0xB6,0xE2,0x6A,0x74,0x64,0xEA,0x00}},
	{0x8AB2, {0xFE,0x2A,0xFE,0x2A,0xFE,0x08,0xFE,0x08,0xDC,0xEA,0xC8,0x00}},
	{0x5629, {0x14,0xFE,0xB4,0xBE,0xAC,0xBE,0xAC,0xFE,0x08,0x3E,0x08,0x00}},
	{0x8CA8, {0x28,0x4A,0xCC,0x4A,0x7E,0x44,0x7C,0x44,0x7C,0x44,0x82,0x00}},
	{0x8FE6, {0x90,0x16,0x3A,0x1A,0x1A,0xDA,0x6A,0x4E,0x58,0x40,0xBE,0x00}},
	{0x904E, {0x9C,0x54,0x1C,0x14,0x3E,0xE2,0x7A,0x6A,0x7A,0x40,0xBE,0x00}},
	{0x971E, {0x7C,0x10,0xFE,0x92,0xB6,0xEE,0xA2,0xEE,0x8A,0xE4,0x8A,0x00}},
	{0x868A, {0x48,0x48,0xFE,0xB4,0xB4,0xB4,0xE8,0x48,0x54,0x54,0xE2,0x00}},
	{0x4FC4, {0x2C,0x36,0x54,0x7E,0xD4,0x54,0x5C,0x76,0x54,0x5C,0x72,0x00}},
	{0x5CE8, {0x4C,0x76,0x54,0x7E,0xD4,0xD4,0xDC,0xF6,0xD4,0x1C,0x32,0x00}},
	{0x6211, {0x18,0x6A,0x28,0xFE,0x28,0x28,0x3A,0xEA,0x24,0x24,0x6A,0x00}},
	{0x7259, {0x7C,0x48,0x48,0x48,0x48,0xFE,0x18,0x28,0x48,0x88,0x18,0x00}},
	{0x753B, {0xFE,0x10,0x92,0xFE,0xD6,0xFE,0xD6,0xD6,0xFE,0x82,0xFE,0x00}},
	{0x81E5, {0xF4,0xA4,0xA4,0xF4,0x94,0x94,0xF4,0xAA,0xAA,0xFA,0x0A,0x00}},
	{0x82BD, {0x28,0xFE,0x28,0x7C,0x28,0x28,0xFE,0x18,0x28,0xC8,0x18,0x00}},
	{0x86FE, {0x4C,0x76,0xD4,0xFE,0xD4,0xD4,0xDC,0x76,0x54,0x5C,0xF2,0x00}},
	{0x8CC0, {0x40,0xFE,0x5A,0xBE,0x44,0x7C,0x44,0x7C,0x44,0x7C,0x82,0x00}},
	{0x96C5, {0xEA,0xAA,0xAE,0xBC,0xAE,0xEC,0x2C,0x6E,0xAC,0x2C,0x6E,0x00}},
	{0x9913, {0x4C,0xB6,0x14,0xFE,0xB4,0xF4,0xBC,0xF6,0x94,0xBC,0xF2,0x00}},
	{0x99D5, {0x40,0xFE,0x5A,0x7E,0xD0,0x7C,0x50,0x7E,0x02,0xAA,0x86,0x00}},
	{0x4ECB, {0x10,0x28,0x28,0x44,0xAA,0x28,0x28,0x28,0x28,0x48,0x88,0x00}},
	{0x4F1A, {0x10,0x28,0x44,0xBA,0x00,0xFE,0x10,0x20,0x28,0x44,0xFA,0x00}},
	{0x89E3, {0x6E,0xA6,0x2A,0xF0,0xB4,0xFC,0xBE,0xF4,0x9E,0x94,0xB4,0x00}},
	{0x56DE, {0xFE,0x82,0x82,0xBA,0xAA,0xAA,0xAA,0xBA,0x82,0x82,0xFE,0x00}},
	{0x584A, {0x48,0x7E,0x6A,0xFE,0x6A,0x7E,0x58,0x5C,0xDE,0x28,0x4E,0x00}},
	{0x58CA, {0x48,0x7E,0x48,0xFE,0x76,0x7E,0x48,0x7E,0xDA,0x34,0x1A,0x00}},
	{0x5EFB, {0xDE,0x52,0x5E,0x96,0xD6,0x56,0x5E,0xD2,0x5E,0x40,0xBE,0x00}},
	{0x5FEB, {0x48,0x5E,0xCA,0xCA,0xCA,0x7E,0x48,0x48,0x54,0x54,0x62,0x00}},
	{0x602A, {0x5C,0x44,0xD4,0xC8,0xD4,0x6A,0x48,0x5C,0x48,0x48,0x7E,0x00}},
	{0x6094, {0x50,0x5E,0xE0,0xDE,0xEA,0x7E,0x6A,0x6A,0x7E,0x42,0x4C,0x00}},
	{0x6062, {0x5E,0x50,0xD4,0xD4,0xDE,0x5C,0x54,0x54,0x54,0x6A,0x4A,0x00}},
	{0x61D0, {0x48,0x7E,0xC8,0xFE,0xF6,0x7E,0x48,0x7E,0x5A,0x74,0x5A,0x00}},
	{0x6212, {0x0A,0x08,0xFE,0x08,0x58,0x5A,0xFA,0x54,0x54,0x44,0x8A,0x00}},
	{0x62D0, {0x5E,0x52,0xD2,0x5E,0x40,0x5E,0xCA,0x4A,0x4A,0x52,0xD6,0x00}},
	{0x6539, {0xE8,0x28,0x2E,0x3A,0xEA,0x8A,0x8A,0xA4,0xA4,0xEA,0x12,0x00}},
	{0x9B41, {0x54,0xEC,0xA4,0xF4,0xAC,0xE4,0x66,0x7C,0x64,0x60,0xBE,0x00}},
	{0x6666, {0x10,0xFE,0xA0,0xBE,0xEA,0xBE,0xAA,0xAA,0xFE,0x02,0x0C,0x00}},
	{0x68B0, {0x4A,0x48,0xFE,0x44,0x54,0xFC,0xD6,0xD4,0x64,0x4A,0x52,0x00}},
	{0x6D77, {0x90,0x1E,0x20,0x9E,0x2A,0x7E,0x2A,0xAA,0xBE,0x82,0x8C,0x00}},
	{0x7070, {0x7E,0x40,0x48,0x6A,0x6C,0x68,0x48,0x48,0x54,0x54,0xA2,0x00}},
	{0x754C, {0x7C,0x54,0x7C,0x54,0x7C,0x28,0x44,0xAA,0x28,0x28,0x48,0x00}},
	{0x7686, {0x48,0x6A,0x4C,0x6A,0xCE,0x10,0x7C,0x44,0x7C,0x44,0x7C,0x00}},
	{0x7D75, {0x48,0x54,0xA2,0xDC,0x40,0xBE,0xC8,0x48,0xD0,0x54,0x7A,0x00}},
	{0x82A5, {0x28,0xFE,0x28,0x10,0x28,0x44,0xAA,0x28,0x28,0x48,0x88,0x00}},
	{0x87F9, {0x6E,0xA6,0x6A,0x64,0x6E,0xA4,0x7C,0x54,0x7C,0x14,0xFA,0x00}},
	{0x958B, {0xEE,0xAA,0xEE,0xAA,0xEE,0x82,0xFE,0xAA,0xFE,0xAA,0xCA,0x00}},
	{0x968E, {0xE4,0xB6,0xA4,0xE4,0xB6,0xA8,0xBE,0xB2,0xDE,0x92,0x9E,0x00}},
	{0x8C9D, {0x7C,0x44,0x7C,0x44,0x7C,0x44,0x44,0x7C,0x00,0x44,0x82,0x00}},
	{0x51F1, {0xAE,0xFA,0x0A,0xFA,0x0A,0xFA,0x9A,0xFA,0x5A,0x5A,0xF2,0x00}},
	{0x52BE, {0x28,0xF8,0x2E,0xCA,0x5A,0x2A,0x4A,0x9A,0x2A,0x52,0x96,0x00}},
	{0x5916, {0x48,0x48,0x78,0x58,0x5C,0xBA,0x1A,0x28,0x28,0x48,0x88,0x00}},
	{0x54B3, {0x04,0xFE,0xA4,0xB8,0xAA,0xA4,0xA8,0xF2,0x04,0x0A,0x12,0x00}},
	{0x5BB3, {0x10,0xFE,0x92,0x7C,0x10,0x7C,0x10,0xFE,0x7C,0x44,0x7C,0x00}},
	{0x5D16, {0x92,0xFE,0x00,0x7E,0x5C,0x48,0x7E,0x48,0x5C,0x48,0xBE,0x00}},
	{0x6168, {0x4E,0x7C,0xEC,0xFC,0xEC,0x7E,0x64,0x6C,0x7C,0x4C,0x56,0x00}},
	{0x6982, {0x4E,0x7C,0xEC,0x7C,0x6C,0xFE,0xE4,0xEC,0x7C,0x4C,0x56,0x00}},
	{0x6DAF, {0xBE,0x24,0x2E,0xA4,0x3E,0x24,0x24,0xAE,0xA4,0xC4,0x9E,0x00}},
	{0x788D, {0x1E,0xF2,0x5E,0x52,0x5E,0x80,0x7E,0x62,0x7E,0x6A,0x06,0x00}},
	{0x84CB, {0x28,0xFE,0x28,0x10,0xFE,0x24,0xFA,0x00,0x7C,0x54,0xFE,0x00}},
	{0x8857, {0x56,0x78,0x90,0x16,0x7A,0x52,0xFA,0x52,0x5A,0x72,0x46,0x00}},
	{0x8A72, {0xC8,0x3E,0xC8,0x30,0xD4,0x08,0xD2,0x24,0xC8,0xD4,0xE2,0x00}},
	{0x93A7, {0x5A,0xBE,0x00,0xEE,0x40,0xFE,0x52,0xFE,0xCC,0x6C,0xDE,0x00}},
	{0x9AB8, {0x74,0x5E,0x74,0x58,0xFA,0x94,0x78,0x52,0x74,0x5A,0x52,0x00}},
	{0x6D6C, {0xBE,0x2A,0x3E,0xAA,0x2A,0x3E,0x08,0x5C,0x48,0x88,0xBE,0x00}},
	{0x99A8, {0x2E,0xFA,0x60,0x6E,0x84,0x3A,0x10,0xFE,0x54,0xBA,0x38,0x00}},
	{0x86D9, {0x44,0x4E,0xE4,0xA4,0xBE,0xA4,0xE4,0x4E,0x44,0x64,0xDE,0x00}},
	{0x57A3, {0x5E,0x40,0x5E,0xF2,0x52,0x5E,0x52,0x72,0xDE,0x00,0x3E,0x00}},
	{0x67FF, {0x48,0x7E,0xC8,0x48,0x7E,0xEA,0xEA,0xEA,0x6A,0x48,0x48,0x00}},
	{0x86CE, {0x5E,0x50,0xF0,0xBE,0xB4,0xB4,0xF6,0x4A,0x4A,0x6A,0xD6,0x00}},
	{0x920E, {0x48,0xAE,0x12,0xEA,0x4A,0xEA,0x52,0xF6,0xDE,0x62,0xC6,0x00}},
	{0x5283, {0x22,0xFA,0x2A,0xF2,0xFA,0xAA,0xFA,0xAA,0xFA,0x02,0xF6,0x00}},
	{0x5687, {0x14,0xFE,0xD4,0xD4,0xFE,0xEA,0xEA,0xEE,0x2A,0x2A,0x56,0x00}},
	{0x5404, {0x20,0x3C,0x44,0xA8,0x10,0x28,0x44,0xFE,0x44,0x44,0x7C,0x00}},
	{0x5ED3, {0x08,0x7E,0x40,0x56,0x7E,0x6C,0x7E,0x56,0x7E,0x54,0xB4,0x00}},
	{0x62E1, {0x44,0x5E,0xD0,0x54,0x54,0x54,0xD4,0x68,0x4A,0x52,0xDE,0x00}},
	{0x64B9, {0x6A,0x44,0xFE,0x62,0x5C,0x54,0xDC,0x54,0x5C,0x54,0xE6,0x00}},
	{0x683C, {0x50,0x5C,0xD4,0x68,0x48,0xD4,0xE2,0xDC,0x54,0x54,0x5C,0x00}},
	{0x6838, {0x48,0x7E,0xC8,0x70,0x54,0xC8,0xD2,0xE4,0x48,0x54,0x62,0x00}},
	{0x6BBB, {0x2E,0xFA,0x2A,0x70,0x0E,0xFA,0x8A,0x74,0x54,0x5A,0x8A,0x00}},
	{0x7372, {0x94,0xBE,0x54,0x5E,0xF4,0x5E,0x54,0xDE,0x54,0x48,0xB6,0x00}},
	{0x78BA, {0x08,0xFE,0x4A,0x54,0x5E,0x94,0x7E,0x54,0x5E,0x74,0x1E,0x00}},
	{0x7A6B, {0x34,0xFE,0x54,0x5E,0xF4,0x5E,0x54,0xDE,0xD4,0x48,0x76,0x00}},
	{0x899A, {0x54,0x08,0xFE,0x82,0x7C,0x44,0x7C,0x44,0x7C,0x2A,0xCE,0x00}},
	{0x89D2, {0x3C,0x24,0x48,0xFE,0x52,0x7E,0x52,0x7E,0x42,0x42,0x86,0x00}},
	{0x8D6B, {0x24,0x7E,0x24,0x24,0xFE,0x5A,0x5A,0xDA,0x5A,0x5A,0xB6,0x00}},
	{0x8F03, {0x48,0xFE,0x54,0xD4,0xE2,0xD4,0xD4,0xC8,0x48,0xD4,0x62,0x00}},
	{0x90ED, {0x2E,0xFA,0x7A,0x5C,0x7A,0x0A,0x7A,0x1A,0xFC,0x28,0x68,0x00}},
	{0x95A3, {0xEE,0xAA,0xEE,0xAA,0xEE,0x9A,0xAA,0x92,0xFE,0xAA,0xBA,0x00}},
	{0x9694, {0xFE,0xA0,0xBC,0xD4,0xBC,0xA0,0xBE,0xB6,0xE2,0xBE,0xAA,0x00}},
	{0x9769, {0x28,0xFE,0x28,0x10,0x7C,0x54,0x7C,0x10,0xFE,0x10,0x10,0x00}},
	{0x5B66, {0x54,0x08,0xFE,0x82,0x7C,0x08,0x10,0xFE,0x10,0x10,0x30,0x00}},
	{0x5CB3, {0x0C,0x70,0x40,0x7C,0x48,0x48,0xFE,0x10,0x92,0x92,0xFE,0x00}},
	{0x697D, {0x10,0xBA,0x6C,0x38,0x6C,0xBA,0x10,0xFE,0x38,0x54,0x92,0x00}},
	{0x984D, {0x4E,0xF4,0x9E,0x6A,0xAE,0x4A,0xAE,0x0A,0xEE,0xA0,0xEA,0x00}},
	{0x984E, {0xBE,0xB4,0xBE,0x0A,0x6E,0x0A,0xFE,0x4A,0x6E,0x20,0x6A,0x00}},
	{0x639B, {0x54,0x7C,0xD4,0x54,0x7C,0x56,0xFC,0x54,0x5C,0x74,0xC4,0x00}},
	{0x7B20, {0x48,0x6E,0xB4,0x10,0x10,0xFE,0x24,0x24,0x28,0x08,0xFE,0x00}},
	{0x6A2B, {0x76,0x62,0xF2,0x74,0x74,0xEA,0xF2,0xC8,0x5C,0x48,0x7E,0x00}},
	{0x6A7F, {0x7E,0x5C,0xDC,0x5C,0x40,0xFE,0xDC,0xDC,0x5C,0x40,0x7E,0x00}},
	{0x68B6, {0x5E,0x52,0xDE,0x50,0x56,0xDC,0xD6,0xDC,0x56,0x6C,0x46,0x00}},
	{0x9C0D, {0x64,0xB4,0x24,0xEE,0xBC,0xEC,0xA4,0xF4,0x34,0xAA,0xAA,0x00}},
	{0x6F5F, {0x96,0x22,0x36,0xA2,0x3E,0x10,0x3E,0x82,0xAA,0xAA,0x86,0x00}},
	{0x5272, {0x22,0xFA,0xAA,0x7A,0x2A,0x7A,0x22,0xFA,0x72,0x52,0x76,0x00}},
	{0x559D, {0x1E,0xF2,0xBE,0xB2,0xBE,0xA8,0xAE,0xFA,0x12,0x1A,0x06,0x00}},
	{0x6070, {0x48,0x54,0xE2,0xDC,0xC0,0x40,0x5E,0x52,0x52,0x52,0x5E,0x00}},
	{0x62EC, {0x42,0x5C,0xC4,0x44,0x5E,0x44,0xC4,0x5E,0x52,0x52,0xDE,0x00}},
	{0x6D3B, {0x82,0x5C,0x04,0x84,0x5E,0x04,0x04,0x5E,0x52,0x92,0x9E,0x00}},
	{0x6E07, {0x9E,0x52,0x1E,0x92,0x5E,0x08,0x1E,0x7A,0x52,0x9A,0x86,0x00}},
	{0x6ED1, {0x9C,0x54,0x1C,0x94,0x3E,0x22,0x1C,0x54,0x5C,0x94,0x94,0x00}},
	{0x845B, {0x28,0xFE,0x44,0x7C,0x44,0x7C,0x3E,0x62,0xCA,0x7A,0x06,0x00}},
	{0x8910, {0x5E,0x52,0xFE,0x32,0x5E,0x48,0xEE,0x7A,0x52,0x5A,0x46,0x00}},
	{0x8F44, {0x48,0xFE,0x6A,0xDC,0xC8,0xDC,0xC8,0xFE,0x5C,0xD4,0x5C,0x00}},
	{0x4E14, {0x7C,0x44,0x44,0x7C,0x44,0x44,0x7C,0x44,0x44,0x44,0xFE,0x00}},
	{0x9C39, {0x76,0xA2,0x32,0xF4,0xB4,0xEA,0xB2,0xE8,0x1C,0x88,0xBE,0x00}},
	{0x53F6, {0x04,0xE4,0xA4,0xA4,0xBE,0xA4,0xA4,0xE4,0x04,0x04,0x04,0x00}},
	{0x691B, {0x54,0x7E,0xD4,0x40,0x54,0xD4,0xF6,0xD4,0x54,0x54,0x56,0x00}},
	{0x6A3A, {0x54,0x7E,0xD4,0x7E,0x5C,0xFE,0xDC,0xFE,0x48,0x7E,0x48,0x00}},
	{0x9784, {0xA8,0xEE,0xAA,0xF2,0x5A,0xEA,0xFA,0x56,0xF0,0x52,0x5E,0x00}},
	{0x682A, {0x48,0x58,0xDC,0x68,0x48,0xFE,0xC8,0xC8,0x5C,0x6A,0x48,0x00}},
	{0x515C, {0x56,0xBA,0xAA,0xBA,0xAA,0xBA,0xC6,0x28,0x28,0x4A,0x8E,0x00}},
	{0x7AC3, {0x10,0xFE,0xAA,0x4C,0xFE,0x54,0xFE,0x92,0xFE,0x10,0x1E,0x00}},
	{0x84B2, {0x28,0xFE,0x28,0x8A,0x3E,0x88,0x3E,0x2A,0xBE,0xAA,0xAA,0x00}},
	{0x91DC, {0x28,0x44,0xAA,0x10,0x28,0x7C,0x92,0x7C,0x10,0x54,0xFE,0x00}},
	{0x938C, {0x54,0xBE,0x14,0xFE,0x56,0xFE,0x56,0xFE,0xD4,0x76,0xD4,0x00}},
	{0x565B, {0x08,0xEE,0xA8,0xBE,0xA0,0xB6,0xAA,0xFE,0x3E,0x2A,0x3E,0x00}},
	{0x9D28, {0xF4,0xAE,0xAA,0xFE,0xAA,0xAE,0xA8,0xFE,0x22,0x2A,0x26,0x00}},
	{0x6822, {0x5E,0x48,0xE8,0x5E,0x52,0xD2,0xDE,0xD2,0x52,0x52,0x5E,0x00}},
	{0x8305, {0x28,0xFE,0x28,0x7C,0x28,0x10,0xFE,0x32,0x50,0x90,0x30,0x00}},
	{0x8431, {0x28,0xFE,0x28,0x10,0xFE,0x82,0x7C,0x44,0x7C,0x00,0xFE,0x00}},
	{0x7CA5, {0xD6,0x7A,0x72,0xD6,0xBC,0x94,0xF6,0x7A,0x72,0x52,0xD6,0x00}},
	{0x5208, {0x12,0x12,0x9A,0x5A,0x2A,0x2A,0x22,0x52,0x52,0x42,0x86,0x00}},
	{0x82C5, {0x28,0xFE,0x28,0x12,0x9A,0x5A,0x2A,0x22,0x52,0x42,0x86,0x00}},
	{0x74E6, {0xFE,0x20,0x20,0x3C,0x24,0x34,0x54,0x44,0x44,0x74,0xC6,0x00}},
	{0x4E7E, {0x48,0xEE,0x50,0xEE,0xA2,0xE4,0xA8,0xE8,0x52,0xF2,0x4E,0x00}},
	{0x4F83, {0x3E,0x32,0x52,0x5E,0xC0,0x5A,0x5A,0x5A,0x5A,0x5A,0x6A,0x00}},
	{0x51A0, {0xFE,0x82,0x64,0x04,0x1E,0xE4,0x74,0x64,0x6C,0xA0,0xBE,0x00}},
	{0x5BD2, {0x10,0xFE,0xAA,0x7C,0x28,0xFE,0x44,0xB2,0x08,0x70,0x0C,0x00}},
	{0x520A, {0x72,0x2A,0x2A,0x2A,0xFA,0x2A,0x2A,0x22,0x22,0x22,0x26,0x00}},
	{0x52D8, {0x54,0xF4,0x5E,0x76,0x56,0x76,0x56,0xF6,0xDA,0x8A,0xF6,0x00}},
	{0x52E7, {0x48,0x78,0xAE,0xFA,0x2A,0x7A,0xEA,0x7A,0x6A,0x6A,0x76,0x00}},
	{0x5DFB, {0x54,0x10,0x7C,0x28,0xFE,0x44,0xBA,0x08,0x78,0x42,0x7E,0x00}},
	{0x559A, {0x0C,0xF4,0xA4,0xBE,0xAA,0xB6,0xA2,0xFE,0x08,0x14,0x22,0x00}},
	{0x582A, {0x54,0x7E,0x54,0xDC,0x54,0x5C,0x54,0x7E,0xF6,0x20,0x3E,0x00}},
	{0x59E6, {0x10,0xFE,0x24,0x38,0x44,0xFE,0xAA,0xAA,0xCC,0x66,0xAA,0x00}},
	{0x5B8C, {0x10,0xFE,0x82,0x7C,0x00,0xFE,0x28,0x28,0x2A,0x4A,0x8E,0x00}},
	{0x5B98, {0x10,0xFE,0x82,0x7C,0x44,0x7C,0x40,0x7E,0x42,0x42,0x7E,0x00}},
	{0x5BDB, {0x10,0xFE,0xAA,0x7C,0x28,0x7C,0x7C,0x44,0x7C,0x2A,0xCE,0x00}},
	{0x5E72, {0x7C,0x10,0x10,0x10,0xFE,0x10,0x10,0x10,0x10,0x10,0x10,0x00}},
	{0x5E79, {0x44,0xEA,0x50,0xEE,0xA4,0xE4,0xBE,0xE4,0x44,0xE4,0x44,0x00}},
	{0x60A3, {0x10,0x7C,0x54,0x7C,0xFE,0x92,0xFE,0x10,0x44,0xCA,0xBA,0x00}},
	{0x611F, {0x0A,0x7E,0x48,0x7A,0x54,0x54,0x7A,0x80,0x54,0xCA,0xBA,0x00}},
	{0x6163, {0x5C,0x6A,0xFE,0xEA,0xDC,0x54,0x5C,0x54,0x5C,0x40,0x62,0x00}},
	{0x61BE, {0x44,0x7E,0xE4,0xFC,0xEE,0x6C,0x7A,0x40,0x54,0x72,0x6E,0x00}},
	{0x63DB, {0x4C,0x54,0xC4,0x7E,0x6A,0x76,0xE2,0x7E,0x48,0x54,0xE2,0x00}},
	{0x6562, {0x74,0x24,0xF6,0x5A,0x7A,0x5A,0x7A,0x54,0x74,0xDA,0x12,0x00}},
	{0x67D1, {0x52,0x52,0xFE,0x52,0x52,0xDE,0xD2,0xD2,0x52,0x52,0x5E,0x00}},
	{0x6853, {0x5E,0x40,0xDE,0x52,0x52,0xDE,0xD2,0xD2,0x5E,0x40,0x5E,0x00}},
	{0x68FA, {0x48,0x7E,0xE2,0x5C,0x54,0xDC,0xD0,0xDE,0x52,0x52,0x5E,0x00}},
	{0x6B3E, {0x28,0xFE,0x2A,0x76,0x04,0x74,0x04,0xF4,0x2A,0xBA,0x6A,0x00}},
	{0x6B53, {0x44,0x76,0xAA,0xF6,0x24,0x74,0xE4,0x74,0x6A,0x6A,0x72,0x00}},
	{0x6C57, {0x9C,0x48,0x08,0x88,0x7E,0x08,0x08,0x48,0x48,0x88,0x88,0x00}},
	{0x6F22, {0x94,0x3E,0x14,0xBE,0x2A,0x3E,0x08,0xBE,0x88,0x94,0xA2,0x00}},
	{0x6F97, {0xB6,0x36,0x36,0xB6,0x22,0x3E,0x36,0xBE,0xB6,0xBE,0xA2,0x00}},
	{0x6F45, {0x90,0x1E,0x28,0xBE,0x14,0x1E,0x34,0x9E,0x94,0x94,0x9E,0x00}},
	{0x74B0, {0xFE,0x6A,0x7E,0x40,0xFE,0x54,0x5C,0x4A,0xDC,0x2A,0x08,0x00}},
	{0x7518, {0x44,0x44,0xFE,0x44,0x44,0x7C,0x44,0x44,0x44,0x44,0x7C,0x00}},
	{0x76E3, {0xF4,0xA6,0xF8,0x90,0xF6,0xA0,0xF0,0x00,0x7C,0x54,0xFE,0x00}},
	{0x770B, {0x7C,0x10,0x7C,0x10,0xFE,0x20,0x7C,0xA4,0x3C,0x24,0x3C,0x00}},
	{0x7AFF, {0x48,0x6E,0xB4,0x00,0x7C,0x10,0x10,0xFE,0x10,0x10,0x10,0x00}},
	{0x7BA1, {0x48,0x6E,0xB4,0x10,0xFE,0xAA,0xBA,0x20,0x3C,0x24,0x3C,0x00}},
	{0x7C21, {0x48,0x6E,0xB4,0xEE,0xAA,0xEE,0xBA,0xAA,0xBA,0xAA,0xBA,0x00}},
	{0x7DE9, {0x46,0x58,0xAA,0xFE,0x48,0xBE,0xD0,0x5E,0xF2,0x4C,0x72,0x00}},
	{0x7F36, {0x40,0x7C,0x50,0x90,0x10,0xFE,0x10,0x54,0x54,0x54,0x7C,0x00}},
	{0x7FF0, {0x44,0xEA,0x40,0xFE,0xAA,0xFE,0xAA,0xEE,0x5A,0xEA,0x4A,0x00}},
	{0x809D, {0xEE,0xA4,0xA4,0xE4,0xBE,0xA4,0xE4,0xA4,0xA4,0xA4,0xA4,0x00}},
	{0x8266, {0x44,0xFC,0xB6,0xF8,0xB6,0xB8,0xE0,0xAC,0xAC,0xAC,0xBE,0x00}},
	{0x839E, {0x28,0xFE,0x28,0xFE,0x82,0x7C,0x00,0xFE,0x28,0x2A,0xCE,0x00}},
	{0x89B3, {0x4E,0x7A,0xAE,0xFA,0x2E,0x7A,0xEE,0x74,0x64,0x6C,0x76,0x00}},
	{0x8ACC, {0xC8,0x3E,0xC8,0x3E,0xEA,0x3E,0xEA,0x3E,0xC8,0xDC,0xEA,0x00}},
	{0x8CAB, {0x7C,0x54,0xFE,0x54,0x7C,0x44,0x7C,0x44,0x7C,0x44,0x82,0x00}},
	{0x9084, {0xBE,0x2A,0x3E,0x00,0x3E,0xDC,0x56,0x5C,0x6A,0x40,0xBE,0x00}},
	{0x9451, {0x44,0xBC,0x16,0xF8,0x56,0xF8,0x40,0xEC,0xCC,0x6C,0xDE,0x00}},
	{0x9593, {0xEE,0xAA,0xEE,0xAA,0xEE,0xBA,0xAA,0xBA,0xAA,0xBA,0x86,0x00}},
	{0x9591, {0xEE,0xAA,0xEE,0xAA,0xEE,0x92,0xFE,0x92,0xBA,0xD6,0x92,0x00}},
	{0x95A2, {0xEE,0xAA,0xEE,0xAA,0xEE,0x82,0xAA,0x92,0xBA,0x92,0xAA,0x00}},
	{0x9665, {0xE8,0xAE,0xB2,0xC4,0xAE,0xAA,0xAA,0xAE,0xEA,0xAA,0xAE,0x00}},
	{0x97D3, {0x44,0xFE,0x4A,0xFE,0xB2,0xFE,0xA4,0xFE,0x54,0xFE,0x44,0x00}},
	{0x9928, {0x44,0xBE,0x12,0xEE,0xAA,0xEE,0xA8,0xEE,0x8A,0xAA,0xEE,0x00}},
	{0x8218, {0x44,0xBE,0x12,0xEE,0x4A,0xEE,0x48,0xEE,0xAA,0xAA,0xEE,0x00}},
	{0x4E38, {0x20,0x20,0xF8,0x28,0x28,0x68,0x38,0x28,0x48,0x4A,0x8E,0x00}},
	{0x542B, {0x10,0x28,0x7C,0x82,0x7C,0x08,0x10,0x7C,0x44,0x44,0x7C,0x00}},
	{0x5CB8, {0x92,0xFE,0x00,0x7E,0x40,0x5C,0x48,0x7E,0x48,0x48,0x88,0x00}},
	{0x5DCC, {0x92,0xFE,0x54,0x7E,0x40,0x76,0x5A,0x7A,0x74,0x74,0x9A,0x00}},
	{0x73A9, {0xDC,0x40,0x40,0x7E,0xD4,0x54,0x54,0x54,0xD4,0x14,0x26,0x00}},
	{0x764C, {0x08,0x7E,0x40,0xDC,0x54,0x7E,0xEA,0x7E,0x40,0x6A,0xBE,0x00}},
	{0x773C, {0x1E,0xF2,0xBE,0xF2,0xB2,0xBE,0xF4,0xB6,0xB4,0xF2,0x1A,0x00}},
	{0x5CA9, {0x10,0x92,0xFE,0x00,0xFE,0x20,0x20,0x7E,0xA2,0x22,0x3E,0x00}},
	{0x7FEB, {0xF0,0x5E,0xF0,0x50,0xFE,0x54,0xF4,0x94,0xF4,0x94,0xF6,0x00}},
	{0x8D0B, {0x7E,0x54,0x6E,0x6C,0x6E,0x5C,0x54,0x5C,0x54,0x5C,0xA2,0x00}},
	{0x96C1, {0x7E,0x40,0x54,0x54,0x6E,0x6C,0x6E,0x6C,0x6E,0x6C,0xAE,0x00}},
	{0x9811, {0xEE,0x04,0x0E,0xFA,0x6E,0x6A,0x6E,0x6A,0xBE,0x80,0x0A,0x00}},
	{0x9854, {0x2E,0xF4,0x5E,0x5A,0xFE,0xAA,0xCE,0xAA,0xDE,0x20,0xCA,0x00}},
	{0x9858, {0xEE,0x84,0xFE,0xDA,0xFE,0xDA,0xFE,0xAA,0x2E,0xB0,0x6A,0x00}},
	{0x4F01, {0x10,0x28,0x44,0x92,0x10,0x5C,0x50,0x50,0x50,0x50,0xFE,0x00}},
	{0x4F0E, {0x28,0x28,0x7E,0x48,0xDC,0x44,0x54,0x48,0x48,0x54,0x62,0x00}},
	{0x5371, {0x3C,0x24,0x48,0xFE,0x40,0x5C,0x54,0x54,0x50,0x52,0x9E,0x00}},
	{0x559C, {0x10,0xFE,0x10,0x7C,0x44,0x7C,0x28,0xFE,0x7C,0x44,0x7C,0x00}},
	{0x5668, {0xEE,0xAA,0xEE,0x10,0xFE,0x28,0xC6,0x00,0xEE,0xAA,0xEE,0x00}},
	{0x57FA, {0x28,0xFE,0x28,0x38,0x28,0xFE,0x44,0x92,0x7C,0x10,0xFE,0x00}},
	{0x5947, {0x10,0xFE,0x10,0x28,0x44,0xFE,0x04,0x74,0x54,0x74,0x0C,0x00}},
	{0x5B09, {0x48,0x5E,0x48,0xFE,0xB2,0xBE,0xD4,0x5E,0x7E,0x92,0x9E,0x00}},
	{0x5BC4, {0x10,0xFE,0x92,0x7C,0x28,0x44,0xFE,0x74,0x54,0x74,0x0C,0x00}},
	{0x5C90, {0x48,0x48,0x7E,0x48,0xDC,0xC4,0xD4,0xC8,0xC8,0x14,0x22,0x00}},
	{0x5E0C, {0x64,0x18,0x64,0x10,0xFE,0x28,0x7E,0xCA,0x4A,0x4E,0x08,0x00}},
	{0x5E7E, {0x54,0x98,0x54,0xBA,0xFE,0x14,0xFE,0x48,0x4A,0x6C,0x92,0x00}},
	{0x5FCC, {0x7C,0x04,0x7C,0x40,0x44,0x7C,0x00,0x54,0x42,0xCA,0xBA,0x00}},
	{0x63EE, {0x7E,0x62,0xC8,0x7E,0x48,0x7E,0xEA,0x7E,0x48,0x7E,0xC8,0x00}},
	{0x673A, {0x5C,0x54,0xD4,0x54,0x54,0xD4,0xD4,0xD4,0x54,0x54,0x66,0x00}},
	{0x65D7, {0x48,0x4E,0xF0,0x4A,0x5E,0x6A,0xAE,0xAA,0xBE,0x20,0x6A,0x00}},
	{0x65E2, {0xFE,0xAA,0xEA,0xAA,0xAA,0xFE,0x84,0xAC,0xAC,0xEC,0x16,0x00}},
	{0x671F, {0x5E,0xFA,0x5A,0x7E,0x5A,0x7A,0x5E,0xFA,0x0A,0x52,0x96,0x00}},
	{0x68CB, {0x54,0x7E,0xD4,0x5C,0x54,0xDC,0xD4,0xFE,0x40,0x54,0x62,0x00}},
	{0x68C4, {0x10,0xFE,0x44,0xFA,0x54,0xFE,0x54,0xFE,0x38,0x54,0x92,0x00}},
	{0x6A5F, {0x5A,0x6C,0xDA,0x6C,0x7E,0xC4,0xFE,0xD4,0x56,0x54,0x6A,0x00}},
	{0x5E30, {0x5C,0x44,0xDC,0xC4,0xFE,0xEA,0x48,0x7E,0x6A,0xAA,0x88,0x00}},
	{0x6BC5, {0x2E,0xFA,0x5A,0x50,0xFE,0x3A,0x6A,0xB4,0x54,0x9A,0x6A,0x00}},
	{0x6C17, {0x40,0x7C,0x80,0x7C,0x00,0xFC,0x14,0x54,0x24,0x54,0x82,0x00}},
	{0x6C7D, {0x90,0x1E,0x20,0x9C,0x00,0x3C,0x04,0x44,0x44,0x84,0x82,0x00}},
	{0x757F, {0x54,0x98,0x54,0xBA,0xFE,0x14,0xFE,0x08,0xEA,0xEC,0xF2,0x00}},
	{0x7948, {0x42,0x4C,0xE8,0x28,0x4E,0x4A,0xEA,0x4A,0x4A,0x52,0x42,0x00}},
	{0x5B63, {0x0C,0x70,0x10,0xFE,0x38,0x54,0xBA,0x08,0xFE,0x10,0x30,0x00}},
	{0x7A00, {0x32,0xCC,0x52,0x48,0xFE,0x54,0x64,0xDE,0xD6,0x56,0x44,0x00}},
	{0x7D00, {0x5E,0x42,0x82,0xC2,0x5E,0x90,0xD0,0x50,0xF2,0x52,0x5E,0x00}},
	{0x5FBD, {0x54,0x54,0xBE,0x0A,0x7A,0x5A,0xEA,0x54,0x7C,0x54,0x4A,0x00}},
	{0x898F, {0x5E,0x52,0xFE,0x52,0x5E,0xF2,0x5E,0x4C,0xAC,0x94,0x26,0x00}},
	{0x8A18, {0xDE,0x02,0xC2,0x02,0xDE,0x10,0xD0,0x10,0xD2,0xD2,0xDE,0x00}},
	{0x8CB4, {0x10,0x7C,0x54,0xFE,0x44,0x7C,0x44,0x7C,0x44,0x7C,0x82,0x00}},
	{0x8D77, {0x2E,0x72,0x22,0x22,0xFE,0x28,0x68,0x7A,0x6E,0x60,0x9E,0x00}},
	{0x8ECC, {0x48,0xE8,0x5C,0xEC,0xEC,0xEC,0xEC,0xEC,0x54,0xF4,0x56,0x00}},
	{0x8F1D, {0x3E,0xA2,0xA8,0x3E,0xE8,0x7E,0x6A,0x7E,0x68,0x7E,0x88,0x00}},
	{0x98E2, {0x5C,0xB4,0x14,0xF4,0xB4,0xF4,0xB4,0xF4,0x94,0x94,0xE6,0x00}},
	{0x9A0E, {0xE8,0x9E,0xC8,0x94,0xC2,0x9E,0xE2,0x3A,0xAA,0xBA,0x66,0x00}},
	{0x9B3C, {0x10,0x7C,0x54,0x7C,0x54,0x7C,0x2A,0x2C,0x2E,0x48,0x8E,0x00}},
	{0x4E80, {0x38,0x48,0xFC,0x54,0x7C,0x54,0xFE,0x92,0xFE,0x10,0x1E,0x00}},
	{0x507D, {0x54,0x48,0x7C,0x54,0xDE,0x62,0x7E,0x42,0x6A,0x6A,0x46,0x00}},
	{0x5100, {0x54,0x7E,0x48,0x7E,0xC8,0x7E,0x54,0x7E,0x56,0x7C,0x52,0x00}},
	{0x5993, {0x24,0x24,0x2E,0xF4,0x5E,0x52,0x6A,0x24,0x24,0x6A,0x92,0x00}},
	{0x5B9C, {0x10,0xFE,0x82,0x7C,0x44,0x7C,0x44,0x7C,0x44,0x44,0xFE,0x00}},
	{0x622F, {0x24,0x36,0x24,0xFE,0xA4,0xB4,0x86,0x54,0xD4,0x5A,0xF2,0x00}},
	{0x6280, {0x48,0x48,0xFE,0x48,0x5C,0x44,0xD4,0x48,0x48,0x54,0xE2,0x00}},
	{0x64EC, {0x66,0x72,0xE2,0x74,0x66,0x7A,0xD4,0x7E,0x54,0x54,0xEA,0x00}},
	{0x6B3A, {0x54,0xF6,0x5A,0x76,0x54,0x74,0x54,0xF4,0x0A,0x4A,0x92,0x00}},
	{0x72A0, {0x54,0xFE,0xC8,0xFE,0xC8,0x7E,0x54,0xFE,0x56,0x7C,0x52,0x00}},
	{0x7591, {0x8E,0xA2,0xCA,0xA4,0xEE,0xC2,0x54,0xF6,0x54,0x54,0xAE,0x00}},
	{0x7947, {0x42,0x5C,0xF4,0x34,0x54,0x5E,0xF4,0x54,0x54,0x52,0x5A,0x00}},
	{0x7FA9, {0x44,0xFE,0x10,0x7C,0x10,0xFE,0x68,0x2A,0xFE,0x24,0x6A,0x00}},
	{0x87FB, {0x54,0x7E,0xC8,0xFE,0xC8,0xFE,0xD4,0x7E,0x56,0x7C,0xD2,0x00}},
	{0x8ABC, {0xC8,0x3E,0xE2,0x1C,0xD4,0x1C,0xD4,0x1C,0xD4,0xD4,0xFE,0x00}},
	{0x8B70, {0xD4,0x3E,0xC8,0x3E,0xC8,0x3E,0xD4,0x3E,0xD6,0xFC,0xD2,0x00}},
	{0x63AC, {0x50,0x5E,0xE2,0x4A,0x6E,0x4A,0xFE,0x5A,0x6E,0x4A,0xC6,0x00}},
	{0x83CA, {0x28,0xFE,0x28,0x40,0x7E,0x92,0x5A,0xFE,0x32,0x5A,0x96,0x00}},
	{0x97A0, {0xA8,0xEE,0xB2,0xEA,0x5E,0xEA,0xFE,0x4A,0xFE,0x4A,0x46,0x00}},
	{0x5409, {0x10,0x10,0xFE,0x10,0x10,0x7C,0x00,0x7C,0x44,0x44,0x7C,0x00}},
	{0x5403, {0x08,0xEE,0xB0,0xAE,0xA2,0xA4,0xA8,0xE8,0x12,0x12,0x0E,0x00}},
	{0x55AB, {0x16,0xFE,0xD6,0xFE,0xD6,0xFA,0xC8,0xFE,0x08,0x14,0x22,0x00}},
	{0x6854, {0x44,0x44,0xFE,0x44,0x44,0xDE,0xC0,0xDE,0x52,0x52,0x5E,0x00}},
	{0x6A58, {0x5C,0x44,0xFE,0x5A,0x68,0xFE,0xE6,0xFA,0x6A,0x7A,0x66,0x00}},
	{0x8A70, {0xC4,0x04,0xFE,0x04,0xC4,0x1E,0xC0,0x1E,0xD2,0xD2,0xDE,0x00}},
	{0x7827, {0x08,0xE8,0x48,0x4E,0x48,0x88,0x7E,0x52,0x52,0x72,0x1E,0x00}},
	{0x6775, {0x50,0x5C,0xE8,0x48,0x48,0xFE,0xC8,0xC8,0x48,0x48,0x48,0x00}},
	{0x9ECD, {0x7C,0x10,0xFE,0x38,0xD6,0x28,0xD6,0x54,0x38,0xD6,0x30,0x00}},
	{0x5374, {0x2E,0x2A,0xFA,0x2A,0x2A,0xFA,0x2A,0x4A,0x58,0xF8,0x08,0x00}},
	{0x5BA2, {0x10,0xFE,0xA2,0x38,0x68,0x10,0x28,0xC6,0x7C,0x44,0x7C,0x00}},
	{0x811A, {0xEE,0xAE,0xBE,0xEE,0xAE,0xBE,0xEE,0xAE,0xB4,0xBC,0xA4,0x00}},
	{0x8650, {0x08,0x0E,0x08,0x7E,0x48,0x4E,0x5E,0x50,0x5E,0x50,0x9E,0x00}},
	{0x9006, {0x94,0x3E,0x08,0x2A,0x2A,0xFE,0x48,0x48,0x50,0x40,0xBE,0x00}},
	{0x4E18, {0x0C,0x70,0x40,0x40,0x7C,0x48,0x48,0x48,0x48,0x48,0xFE,0x00}},
	{0x4E45, {0x20,0x3C,0x24,0x44,0x48,0x88,0x10,0x10,0x28,0x44,0x82,0x00}},
	{0x4EC7, {0x28,0x28,0x7C,0x54,0xD4,0x54,0x54,0x54,0x54,0x54,0x66,0x00}},
	{0x4F11, {0x28,0x28,0x7E,0x48,0xDC,0x5C,0x5C,0x6A,0x6A,0x48,0x48,0x00}},
	{0x53CA, {0xF8,0x28,0x28,0x2E,0x22,0x32,0x54,0x54,0x48,0x94,0x62,0x00}},
	{0x5438, {0x3C,0xD4,0xD4,0xD4,0xD6,0xD2,0xDA,0xEA,0x24,0x2A,0x52,0x00}},
	{0x5BAE, {0x10,0xFE,0x82,0x7C,0x44,0x7C,0x10,0xFE,0x82,0x82,0xFE,0x00}},
	{0x5F13, {0x7C,0x04,0x04,0x7C,0x40,0x80,0xFE,0x02,0x02,0x02,0x0C,0x00}},
	{0x6025, {0x38,0x48,0xFC,0x04,0x7C,0x04,0x7C,0x00,0x54,0xCA,0xBA,0x00}},
	{0x6551, {0x34,0x24,0xF6,0x2A,0xBA,0xAA,0x2A,0x64,0xB4,0x2A,0x6A,0x00}},
	{0x673D, {0x5E,0x48,0xE8,0x50,0x5E,0xD2,0xC2,0xC2,0x42,0x42,0x4C,0x00}},
	{0x6C42, {0x14,0x10,0xFE,0x10,0x54,0x58,0x10,0x38,0x54,0x92,0x30,0x00}},
	{0x6C72, {0xBC,0x54,0x14,0x94,0x56,0x12,0x1A,0x5A,0x54,0xA4,0x9A,0x00}},
	{0x6CE3, {0x88,0x48,0x3E,0x84,0x54,0x14,0x14,0x54,0x48,0x88,0xBE,0x00}},
	{0x7078, {0x20,0x3C,0x44,0x18,0xE6,0x10,0x54,0x58,0x10,0x28,0xC6,0x00}},
	{0x7403, {0xCA,0x48,0x7E,0x48,0xEA,0x6C,0x48,0x5C,0xEA,0x08,0x18,0x00}},
	{0x7A76, {0x10,0xFE,0xAA,0x28,0x4C,0x20,0xF8,0x28,0x2A,0x4A,0x8E,0x00}},
	{0x7AAE, {0x10,0xFE,0xAA,0x4C,0x26,0x72,0x56,0xFC,0x36,0xD2,0x36,0x00}},
	{0x7B08, {0x48,0x6E,0xB4,0x00,0xF8,0x28,0x2E,0x22,0x54,0x48,0xB6,0x00}},
	{0x7D1A, {0x5C,0x44,0x94,0xD4,0x56,0x92,0xDA,0x5A,0xD4,0x64,0x5A,0x00}},
	{0x7CFE, {0x44,0x54,0x94,0xD4,0x54,0x94,0xD4,0x56,0xFC,0x44,0x44,0x00}},
	{0x7D66, {0x48,0x54,0xA2,0xDC,0x40,0x80,0xDE,0x52,0xF2,0x52,0x5E,0x00}},
	{0x65E7, {0xBE,0xA2,0xA2,0xA2,0xA2,0xBE,0xA2,0xA2,0xA2,0xA2,0xBE,0x00}},
	{0x725B, {0x10,0x50,0x7C,0x50,0x90,0x10,0xFE,0x10,0x10,0x10,0x10,0x00}},
	{0x53BB, {0x10,0x10,0x7C,0x10,0x10,0xFE,0x10,0x20,0x28,0x44,0xFA,0x00}},
	{0x5C45, {0x7E,0x42,0x7E,0x48,0x7E,0x48,0x48,0x7E,0x62,0x62,0xBE,0x00}},
	{0x5DE8, {0xFE,0x80,0x80,0xFC,0x84,0x84,0xFC,0x80,0x80,0x80,0xFE,0x00}},
	{0x62D2, {0x5E,0x50,0xF0,0x5E,0x52,0x72,0xDE,0x50,0x50,0x50,0xDE,0x00}},
	{0x62E0, {0x50,0x56,0xDA,0x6A,0x6A,0x6A,0xEA,0x52,0x50,0x68,0xC6,0x00}},
	{0x6319, {0x54,0x08,0xFE,0x44,0xBA,0x10,0x7C,0x10,0xFE,0x10,0x30,0x00}},
	{0x6E20, {0x9E,0x50,0x9E,0x12,0x5E,0x90,0x1E,0xFE,0x38,0x54,0x92,0x00}},
	{0x865A, {0x08,0x0E,0x08,0x7E,0x52,0x5C,0x40,0x54,0x76,0x54,0xBE,0x00}},
	{0x8A31, {0xE8,0x0E,0xF4,0x04,0xE4,0x1E,0xE4,0x04,0xE4,0xA4,0xE4,0x00}},
	{0x8DDD, {0xFE,0xB0,0xB0,0xFE,0x52,0x52,0xFE,0xD0,0xD0,0xF0,0xDE,0x00}},
	{0x92F8, {0x5E,0xB2,0x1E,0xF4,0x5E,0xF4,0x54,0xFE,0xDA,0x6A,0xCE,0x00}},
	{0x6F01, {0x9C,0x14,0x24,0xBE,0x2A,0x3E,0x2A,0xBE,0x80,0x94,0xAA,0x00}},
	{0x79A6, {0x66,0xBE,0x56,0xFE,0x56,0x7C,0x00,0xFE,0x54,0x92,0x30,0x00}},
	{0x9B5A, {0x38,0x28,0x48,0xFC,0x54,0x7C,0x54,0x7C,0x00,0x54,0xAA,0x00}},
	{0x4EA8, {0x10,0xFE,0x44,0x7C,0x00,0x7C,0x08,0x10,0x10,0x10,0x30,0x00}},
	{0x4EAB, {0x10,0xFE,0x7C,0x44,0x7C,0x00,0x7C,0x08,0xFE,0x10,0x30,0x00}},
	{0x4EAC, {0x10,0xFE,0x00,0x7C,0x44,0x7C,0x10,0x54,0x52,0x92,0x30,0x00}},
	{0x4F9B, {0x54,0x54,0x7E,0x54,0xD4,0x54,0x7E,0x40,0x54,0x54,0x62,0x00}},
	{0x4FA0, {0x28,0x3E,0x48,0x6A,0xEA,0x48,0x7E,0x48,0x48,0x54,0x62,0x00}},
	{0x50D1, {0x3C,0x28,0x7E,0x54,0xE2,0x5C,0x54,0x7E,0x76,0x7E,0x62,0x00}},
	{0x5147, {0x44,0x6C,0x54,0x54,0x6C,0x44,0x7C,0x28,0x2A,0x4A,0x8E,0x00}},
	{0x7AF6, {0x24,0xFE,0x5A,0x5A,0xFE,0x5A,0x5A,0x7E,0x24,0x6C,0xB6,0x00}},
	{0x5171, {0x28,0x28,0x7C,0x28,0x28,0x28,0xFE,0x00,0x28,0x44,0x82,0x00}},
	{0x51F6, {0x82,0x8A,0xCA,0xAA,0x92,0x92,0xAA,0xAA,0xC2,0x82,0xFE,0x00}},
	{0x5354, {0x48,0x5E,0x4A,0xEA,0x56,0x40,0x54,0x7E,0x56,0x56,0x6A,0x00}},
	{0x5321, {0xFE,0x80,0xBE,0x88,0x88,0x9C,0x88,0x88,0xBE,0x80,0xFE,0x00}},
	{0x537F, {0x46,0x7E,0xAE,0xBE,0xAE,0xBE,0xE6,0xAE,0x3C,0x44,0x84,0x00}},
	{0x53EB, {0x02,0xEA,0xAA,0xAA,0xAA,0xAA,0xAA,0xEE,0x1A,0x02,0x02,0x00}},
	{0x55AC, {0x7C,0x10,0xFE,0x44,0xBA,0x28,0xFE,0xBA,0xAA,0xBA,0x86,0x00}},
	{0x5883, {0x48,0x7E,0x54,0xFE,0x52,0x5E,0x52,0x7E,0xD4,0x14,0x26,0x00}},
	{0x5CE1, {0x48,0x7E,0x48,0x6A,0xEA,0xC8,0xFE,0xC8,0xC8,0x14,0x22,0x00}},
	{0x5F37, {0xC8,0x52,0x7E,0xC8,0xBE,0xAA,0xEA,0x7E,0x48,0x4A,0xFE,0x00}},
	{0x5F4A, {0xFE,0x5C,0x5C,0xDC,0x80,0xBE,0xDC,0x5C,0x5C,0x40,0xFE,0x00}},
	{0x602F, {0x48,0x48,0xDC,0xC8,0xC8,0x7E,0x48,0x48,0x50,0x54,0x7A,0x00}},
	{0x6050, {0xFC,0x54,0x5C,0x54,0x74,0xD6,0x00,0x54,0x42,0xCA,0xBA,0x00}},
	{0x606D, {0x28,0xFE,0x28,0x28,0xFE,0x44,0xA2,0x20,0xAA,0x2A,0x60,0x00}},
	{0x631F, {0x48,0x7E,0xC8,0x6A,0x6A,0x48,0xFE,0x48,0x48,0x54,0xE2,0x00}},
	{0x6559, {0x24,0x74,0x26,0xFA,0x2A,0x4A,0xBA,0x14,0xF4,0x2A,0x6A,0x00}},
	{0x6A4B, {0x5C,0x48,0xFE,0x54,0x62,0xDC,0xD4,0xFE,0x76,0x7E,0x62,0x00}},
	{0x6CC1, {0xBE,0x62,0x22,0xA2,0x7E,0x14,0x14,0x54,0x54,0x94,0xA6,0x00}},
	{0x72C2, {0xAE,0xA4,0x44,0x44,0xA4,0x2E,0x64,0xA4,0x24,0x24,0xDE,0x00}},
	{0x72ED, {0xA8,0xBE,0x48,0x6A,0xEA,0x48,0x7E,0xC8,0x48,0x54,0xA2,0x00}},
	{0x77EF, {0x9C,0x88,0xFE,0x54,0x62,0xDC,0x54,0x7E,0x76,0xBE,0xA2,0x00}},
	{0x80F8, {0xE8,0xAE,0xB2,0xE6,0xB6,0xAA,0xF6,0xB2,0xBE,0xA2,0xA6,0x00}},
	{0x8105, {0x20,0x7C,0x24,0xFE,0x5A,0xB6,0x7C,0x44,0x7C,0x44,0x4C,0x00}},
	{0x8208, {0x46,0xBA,0xEE,0xBA,0xEE,0xBA,0xAA,0xFE,0x00,0x44,0x82,0x00}},
	{0x854E, {0x28,0xFE,0x10,0xFE,0x7C,0xAA,0x38,0xFE,0xAA,0xBA,0x86,0x00}},
	{0x90F7, {0x46,0x7E,0xAE,0xBC,0x6E,0xBE,0xA6,0xEE,0x3C,0x44,0x84,0x00}},
	{0x93E1, {0x48,0xBE,0x14,0xFE,0x52,0xFE,0x52,0xFE,0xD4,0x54,0xE6,0x00}},
	{0x97FF, {0x76,0xB6,0x66,0xB4,0x7C,0x28,0xFE,0x44,0x7C,0x44,0x7C,0x00}},
	{0x9957, {0x76,0xB6,0xF6,0x64,0xB4,0x28,0x7C,0xAA,0x38,0x28,0x76,0x00}},
	{0x9A5A, {0x56,0xFA,0x74,0xBA,0x7E,0x50,0x7C,0x50,0x7E,0x02,0xAA,0x00}},
	{0x4EF0, {0x50,0x5E,0x6A,0x6A,0xEA,0x6A,0x6A,0x7A,0x68,0x48,0x48,0x00}},
	{0x51DD, {0x26,0xB2,0x62,0x34,0x26,0x3A,0x54,0x7E,0x94,0x94,0x2A,0x00}},
	{0x5C2D, {0x10,0x7C,0x10,0x44,0xFE,0x44,0x00,0xFE,0x28,0x2A,0xCE,0x00}},
	{0x6681, {0x08,0xFC,0xA8,0xB4,0xFE,0xB4,0xA0,0xBE,0xF4,0x14,0x26,0x00}},
	{0x696D, {0xAA,0x28,0xFE,0x28,0xFE,0x10,0x7C,0x10,0xFE,0x54,0x92,0x00}},
	{0x5C40, {0x7E,0x42,0x7E,0x40,0x7E,0x42,0x7A,0x6A,0x6A,0x7A,0x86,0x00}},
	{0x66F2, {0x28,0x28,0xFE,0xAA,0xAA,0xAA,0xFE,0xAA,0xAA,0xAA,0xFE,0x00}},
	{0x6975, {0x7E,0x50,0xD8,0x4E,0x6A,0xEA,0xEC,0xEA,0x4A,0x58,0x7E,0x00}},
	{0x7389, {0x7C,0x10,0x10,0x10,0x10,0x7C,0x10,0x14,0x12,0x10,0xFE,0x00}},
	{0x6850, {0x5E,0x52,0xDE,0x52,0x5E,0xD6,0xD6,0xD6,0x5E,0x52,0x56,0x00}},
	{0x7C81, {0x22,0xAC,0xA4,0x24,0xFE,0x24,0x64,0x74,0xA4,0x24,0x24,0x00}},
	{0x50C5, {0x54,0x7E,0x54,0x7E,0xEA,0x6A,0x7E,0x48,0x5C,0x48,0x7E,0x00}},
	{0x52E4, {0x54,0xFC,0x54,0xFE,0xAA,0xAA,0xFA,0x2A,0x7A,0x2A,0xF6,0x00}},
	{0x5747, {0x50,0x5E,0x52,0xE2,0x5A,0x42,0x46,0x6A,0xD2,0x02,0x0C,0x00}},
	{0x5DFE, {0x10,0x10,0xFE,0x92,0x92,0x92,0x92,0x92,0x96,0x10,0x10,0x00}},
	{0x9326, {0x48,0xBC,0x14,0xDC,0x54,0xDC,0x48,0xFE,0xEA,0x6A,0xC8,0x00}},
	{0x65A4, {0x0C,0x70,0x40,0x40,0x7E,0x48,0x48,0x48,0x48,0x48,0x88,0x00}},
	{0x6B23, {0x14,0x66,0x4A,0x46,0x74,0x54,0x54,0x54,0x5A,0x5A,0x92,0x00}},
	{0x6B3D, {0x48,0xAE,0x0A,0xF6,0x44,0xE4,0x44,0xE4,0xCA,0x6A,0xD2,0x00}},
	{0x7434, {0xEE,0x44,0xEE,0x44,0xEE,0x10,0x38,0xC6,0x7C,0x08,0x10,0x00}},
	{0x7981, {0x24,0xFE,0x6C,0xB6,0x24,0x7C,0x00,0xFE,0x54,0x92,0x30,0x00}},
	{0x79BD, {0x10,0x28,0x7C,0xD6,0x6C,0x7C,0x10,0xFE,0xAA,0xF6,0x82,0x00}},
	{0x7B4B, {0x48,0x6E,0xB4,0x00,0xE8,0xBE,0xEA,0xAA,0xEA,0xAA,0xB6,0x00}},
	{0x7DCA, {0xEE,0xC2,0xEA,0xE4,0xC4,0xEA,0x10,0x24,0xFE,0x54,0x92,0x00}},
	{0x82B9, {0x28,0xFE,0x28,0x0C,0x70,0x40,0x7E,0x48,0x48,0x48,0x88,0x00}},
	{0x83CC, {0x28,0xFE,0x28,0xFE,0xBA,0x92,0xFE,0xBA,0xD6,0x92,0xFE,0x00}},
	{0x887F, {0x48,0x54,0xE2,0x2C,0x40,0x40,0xFE,0x62,0x44,0x44,0x48,0x00}},
	{0x895F, {0x4A,0x5E,0xEA,0x3E,0x4A,0x5E,0xE0,0x7E,0x44,0x56,0x4C,0x00}},
	{0x8B39, {0xD4,0x3E,0xD4,0x3E,0xEA,0x2A,0xFE,0x08,0xDC,0xC8,0xFE,0x00}},
	{0x8FD1, {0x84,0x58,0x10,0x1E,0x14,0xD4,0x54,0x64,0x44,0x40,0xBE,0x00}},
	{0x91D1, {0x10,0x28,0x44,0xBA,0x10,0x7C,0x10,0x54,0x54,0x10,0xFE,0x00}},
	{0x541F, {0x08,0xF4,0xA2,0xAC,0xA0,0xA0,0xBE,0xE2,0x04,0x04,0x08,0x00}},
	{0x9280, {0x5E,0xB2,0x1E,0xF2,0x52,0xFE,0x54,0xF6,0xD4,0x72,0xDA,0x00}},
	{0x4E5D, {0x20,0x20,0xF8,0x28,0x28,0x28,0x28,0x48,0x4A,0x4A,0x8E,0x00}},
	{0x5036, {0x3C,0x34,0x5C,0x54,0xDC,0x54,0x5C,0x40,0x7E,0x40,0x62,0x00}},
	{0x53E5, {0x40,0x7E,0x82,0x7A,0x4A,0x4A,0x4A,0x7A,0x02,0x02,0x0C,0x00}},
	{0x533A, {0xFE,0x84,0x84,0xB4,0x88,0x88,0x94,0xA4,0xC0,0x80,0xFE,0x00}},
	{0x72D7, {0xA8,0xAE,0x52,0x7A,0xAA,0x2A,0x6A,0xBA,0x22,0x22,0xCC,0x00}},
	{0x7396, {0xD0,0x5C,0x54,0x54,0xE4,0x48,0x48,0x54,0xD4,0x22,0x42,0x00}},
	{0x77E9, {0x4E,0x48,0x78,0xAE,0x2A,0xFA,0x2E,0x28,0x58,0x48,0x8E,0x00}},
	{0x82E6, {0x28,0xFE,0x28,0x10,0xFE,0x10,0x10,0x7C,0x44,0x44,0x7C,0x00}},
	{0x8EAF, {0x2E,0x78,0x5A,0x7A,0x5C,0x7C,0x5A,0xFA,0x38,0x58,0xBE,0x00}},
	{0x99C6, {0xEE,0x88,0xCA,0x8A,0xCC,0x8C,0xEA,0x2A,0xA8,0xA8,0x6E,0x00}},
	{0x99C8, {0xC4,0x98,0xD0,0x90,0xDE,0x94,0xF4,0x34,0xB4,0xB4,0x7E,0x00}},
	{0x99D2, {0xE8,0x8E,0xD2,0x8E,0xCA,0x8A,0xEA,0x2E,0xA2,0xA2,0x66,0x00}},
	{0x5177, {0x7C,0x44,0x7C,0x44,0x7C,0x44,0x7C,0x00,0xFE,0x44,0x82,0x00}},
	{0x611A, {0x7C,0x54,0x7C,0x54,0xFE,0x9A,0xB6,0x82,0x54,0xCA,0xBA,0x00}},
	{0x865E, {0x08,0x0E,0x08,0x7E,0x4A,0x6E,0x7C,0x44,0x7E,0x54,0xA2,0x00}},
	{0x55B0, {0x08,0xF4,0xAA,0xBC,0xB4,0xBC,0xB4,0xFC,0x1A,0x14,0x3A,0x00}},
	{0x7A7A, {0x10,0xFE,0xAA,0x28,0x4C,0x00,0x7C,0x10,0x10,0x10,0xFE,0x00}},
	{0x5076, {0x3E,0x2A,0x7E,0x6A,0xFE,0x48,0x7E,0x6A,0x6E,0x7A,0x66,0x00}},
	{0x5BD3, {0x10,0xFE,0x82,0x7C,0x54,0x7C,0x54,0xFE,0x92,0x9A,0xB6,0x00}},
	{0x9047, {0xBE,0x2A,0x3E,0x08,0x3E,0xEA,0x6E,0x7A,0x66,0x40,0xBE,0x00}},
	{0x9685, {0xFE,0xAA,0xBE,0xEA,0xBE,0xA8,0xBE,0xAA,0xEE,0xBA,0xA6,0x00}},
	{0x4E32, {0x10,0xFE,0x92,0xFE,0x10,0xFE,0x92,0x92,0xFE,0x10,0x10,0x00}},
	{0x6ADB, {0x64,0x76,0xD2,0x40,0x76,0xD6,0xF6,0xC6,0x56,0x74,0x44,0x00}},
	{0x91E7, {0x52,0xB2,0x1A,0xFA,0x5A,0xFA,0x5A,0xFA,0xD2,0x62,0xC2,0x00}},
	{0x5C51, {0x7E,0x42,0x7E,0x44,0x56,0x44,0x5E,0x52,0x5E,0x52,0x96,0x00}},
	{0x5C48, {0x7E,0x42,0x7E,0x48,0x6A,0x6A,0x7E,0x48,0x6A,0x6A,0xBE,0x00}},
	{0x6398, {0x7E,0x62,0xFE,0x64,0x76,0x76,0xFE,0x64,0x56,0x56,0xDE,0x00}},
	{0x7A9F, {0x10,0xFE,0xAA,0x4C,0x7E,0x42,0x7E,0x5C,0x48,0xAA,0xBE,0x00}},
	{0x6C93, {0x10,0xF2,0x3C,0x54,0x92,0x7C,0x44,0x7C,0x44,0x44,0x7C,0x00}},
	{0x9774, {0xAC,0xEC,0xB4,0xF4,0x56,0xF4,0xF4,0x54,0xF4,0x54,0x56,0x00}},
	{0x8F61, {0x5A,0x84,0x5A,0x84,0x5A,0xFE,0x5A,0x00,0x7C,0x44,0x7C,0x00}},
	{0x7AAA, {0x10,0xFE,0xAA,0x48,0x9C,0x08,0xBE,0x08,0x1C,0x88,0xBE,0x00}},
	{0x718A, {0x44,0x96,0xF4,0x06,0xF0,0x94,0xF6,0x94,0xB6,0x00,0xAA,0x00}},
	{0x9688, {0xFE,0xAA,0xBE,0xEA,0xBE,0xA0,0xBE,0xA8,0xEA,0xA4,0xB2,0x00}},
	{0x7C82, {0x20,0x3C,0x44,0x18,0xE6,0x10,0x54,0xFE,0x38,0x54,0x92,0x00}},
	{0x6817, {0xFE,0x28,0xFE,0xAA,0xFE,0x10,0xFE,0x38,0x54,0x92,0x10,0x00}},
	{0x7E70, {0x5C,0x54,0x9C,0xFE,0x6A,0xBE,0xC8,0x7E,0xDC,0x6A,0x48,0x00}},
	{0x6851, {0x78,0x28,0x10,0xEE,0xAA,0x44,0xAA,0xFE,0x38,0x54,0x92,0x00}},
	{0x936C, {0x54,0xB4,0x14,0xFE,0x5C,0xF4,0x54,0xF4,0xD4,0x7A,0xDA,0x00}},
	{0x52F2, {0x74,0x24,0xFE,0x76,0x76,0x76,0x2A,0xF6,0x00,0x54,0xAA,0x00}},
	{0x541B, {0x7C,0x14,0x14,0xFE,0x14,0x7C,0x20,0x3E,0x62,0xA2,0x3E,0x00}},
	{0x85AB, {0x28,0xFE,0x28,0x7C,0x10,0xFE,0x54,0x7C,0xFE,0x00,0xAA,0x00}},
	{0x8A13, {0xD2,0x12,0xDA,0x1A,0xDA,0x1A,0xDA,0x1A,0xD2,0xD2,0xE2,0x00}},
	{0x7FA4, {0xFA,0x54,0x5E,0xF4,0x54,0xFE,0x44,0x74,0xDE,0x54,0x74,0x00}},
	{0x8ECD, {0xFE,0x92,0x7C,0x10,0x7C,0x7C,0x54,0x7C,0x10,0xFE,0x10,0x00}},
	{0x90E1, {0xF6,0x56,0x56,0xFC,0x56,0xF6,0x46,0x76,0xD4,0x54,0x74,0x00}},
	{0x5366, {0x28,0x78,0x28,0x28,0xFC,0x2A,0x7A,0x28,0x38,0xC8,0x08,0x00}},
	{0x8888, {0x40,0xFE,0x5A,0x5A,0xBE,0x10,0xFE,0x28,0x6A,0xA4,0x32,0x00}},
	{0x7941, {0x4E,0x4A,0xEA,0x2C,0x4A,0x4A,0xEA,0x4A,0x4C,0x48,0x48,0x00}},
	{0x4FC2, {0x26,0x38,0x54,0x58,0xC8,0x54,0x7A,0x48,0x6A,0x6A,0x48,0x00}},
	{0x50BE, {0x2E,0x24,0x6E,0x7A,0xEE,0x6A,0x6E,0x7A,0x4E,0x40,0x52,0x00}},
	{0x5211, {0xF2,0x52,0x5A,0x5A,0xFA,0x5A,0x52,0x52,0x52,0x52,0x96,0x00}},
	{0x5144, {0x7C,0x44,0x44,0x44,0x7C,0x28,0x28,0x28,0x2A,0x4A,0x8E,0x00}},
	{0x5553, {0xF4,0x06,0x7A,0x5A,0x74,0x44,0x8A,0x7C,0x44,0x44,0x7C,0x00}},
	{0x572D, {0x10,0x7C,0x10,0x10,0xFE,0x10,0x10,0x7C,0x10,0x10,0xFE,0x00}},
	{0x73EA, {0xC8,0x5C,0x48,0x48,0xFE,0x48,0x48,0x5C,0xC8,0x08,0x3E,0x00}},
	{0x578B, {0xF2,0x5A,0x5A,0xFA,0x52,0x52,0x86,0x10,0x7C,0x10,0xFE,0x00}},
	{0x5951, {0x5E,0xEA,0x4A,0xEA,0x4A,0xF6,0x10,0xFE,0x10,0x28,0xC6,0x00}},
	{0x5F62, {0xFA,0x52,0x54,0x50,0xFA,0x52,0x54,0x50,0x52,0x52,0x94,0x00}},
	{0x5F84, {0x5C,0x44,0x94,0x08,0x54,0x6A,0xC8,0x5C,0x48,0x48,0x7E,0x00}},
	{0x6075, {0x10,0xFE,0x7C,0x54,0x7C,0x54,0x7C,0x00,0x54,0xCA,0xBA,0x00}},
	{0x6176, {0x08,0x7E,0x54,0x7C,0x54,0x7E,0x6A,0x5C,0x74,0x48,0xB6,0x00}},
	{0x6167, {0x44,0xEE,0x44,0xFE,0x04,0x7C,0x04,0x7C,0x50,0xCA,0xBA,0x00}},
	{0x61A9, {0x24,0xCE,0x4A,0xEE,0x4A,0xAA,0xEE,0x00,0x54,0xCA,0xBA,0x00}},
	{0x63B2, {0x5E,0x52,0xDE,0x52,0x5E,0x48,0xDE,0x7A,0x52,0x5A,0xC6,0x00}},
	{0x643A, {0x54,0x5E,0xF4,0x5E,0x54,0x5E,0xC0,0x7C,0x56,0x52,0xE6,0x00}},
	{0x656C, {0x54,0xF4,0x56,0x4A,0x7A,0x9A,0x7A,0x54,0x54,0x7A,0x1A,0x00}},
	{0x666F, {0x7C,0x44,0x7C,0x44,0xFE,0x44,0x7C,0x10,0x54,0x92,0x30,0x00}},
	{0x6842, {0x48,0x5C,0xC8,0x48,0x7E,0xC8,0xC8,0xDC,0x48,0x48,0x7E,0x00}},
	{0x6E13, {0x86,0x38,0x2A,0xAA,0x08,0x1C,0x08,0xBE,0x88,0x94,0xA2,0x00}},
	{0x7566, {0x04,0xEE,0xE4,0xE4,0xFE,0xE4,0xE4,0xEE,0xE4,0xE4,0x1E,0x00}},
	{0x7A3D, {0x2A,0xDE,0x48,0x5A,0xEE,0x50,0x5E,0xD2,0xDE,0x52,0x5E,0x00}},
	{0x7CFB, {0x0C,0x70,0x20,0x68,0x10,0x24,0xFA,0x10,0x54,0x92,0x10,0x00}},
	{0x7D4C, {0x5C,0x44,0x94,0xC8,0x54,0xAA,0xC8,0x5C,0xC8,0x48,0x7E,0x00}},
	{0x7D99, {0x54,0x5E,0x9C,0xD4,0x5E,0x94,0xDE,0x5C,0xF4,0x50,0x5E,0x00}},
	{0x7E4B, {0x2E,0xFA,0x60,0x6E,0xF4,0x2A,0x10,0x24,0xFE,0x54,0x92,0x00}},
	{0x7F6B, {0xFE,0xAA,0xFE,0x28,0x78,0x28,0xFC,0x2A,0x68,0x38,0xC8,0x00}},
	{0x830E, {0x28,0xFE,0x28,0x7C,0x24,0x38,0xC6,0x10,0x7C,0x10,0xFE,0x00}},
	{0x834A, {0x28,0xFE,0x28,0xF2,0x5A,0x5A,0xFA,0x52,0x52,0x52,0x96,0x00}},
	{0x86CD, {0x54,0x08,0xFE,0x92,0x7C,0x54,0x54,0x7C,0x10,0x14,0xFA,0x00}},
	{0x8A08, {0xE4,0x04,0xE4,0x04,0xFE,0x04,0xE4,0x04,0xE4,0xA4,0xE4,0x00}},
	{0x8A63, {0xD0,0x12,0xDC,0x12,0xDE,0x00,0xDE,0x12,0xDE,0xD2,0xDE,0x00}},
	{0x8B66, {0x54,0xF6,0x7A,0x8C,0x6A,0xFE,0x00,0x7C,0x00,0x7C,0x7C,0x00}},
	{0x8EFD, {0x5C,0xC4,0x54,0xC8,0xD4,0xEA,0xC8,0xDC,0x48,0xC8,0x7E,0x00}},
	{0x981A, {0xFE,0x14,0x5E,0x2A,0x5E,0xAA,0x2E,0x7A,0x2E,0x30,0xCA,0x00}},
	{0x9D8F, {0x34,0xCE,0x5A,0x2E,0x7A,0x2E,0xF8,0x2E,0x22,0x52,0x86,0x00}},
	{0x82B8, {0x28,0xFE,0x28,0x00,0x7C,0x00,0xFE,0x10,0x20,0x44,0xFA,0x00}},
	{0x8FCE, {0x90,0x5E,0x2A,0x2A,0x2A,0xEA,0x6A,0x78,0x68,0x48,0xBE,0x00}},
	{0x9BE8, {0x64,0xBE,0x20,0xEE,0xAA,0xEE,0xA4,0xF6,0x16,0xA4,0xAC,0x00}},
	{0x5287, {0x22,0x3A,0x22,0xFA,0xAA,0xBA,0xAA,0xD2,0xB2,0x5A,0xB6,0x00}},
	{0x621F, {0x4A,0xE8,0x4E,0xF8,0xAA,0xEA,0xAA,0xE4,0x44,0xEA,0x52,0x00}},
	{0x6483, {0x2E,0xFA,0x60,0x6E,0xF4,0x2A,0x7C,0x10,0xFE,0x10,0x30,0x00}},
	{0x6FC0, {0x94,0x3C,0x2E,0xBA,0x2A,0x1A,0x3A,0x9C,0x9C,0xAA,0x9A,0x00}},
	{0x9699, {0xE4,0xB6,0xA4,0xCE,0xAA,0xAE,0xAA,0xAE,0xC4,0x96,0x8C,0x00}},
	{0x6841, {0x56,0x50,0xE0,0x4E,0x52,0xD2,0xF2,0xD2,0x52,0x52,0x56,0x00}},
	{0x5091, {0x24,0x3E,0x6C,0x56,0xE4,0x48,0x7E,0x48,0x5C,0x6A,0x48,0x00}},
	{0x6B20, {0x40,0x7E,0x52,0x54,0x90,0x10,0x10,0x28,0x28,0x44,0x82,0x00}},
	{0x6C7A, {0x88,0x5E,0x0A,0x8A,0x0A,0x3E,0x08,0x48,0x54,0x94,0xA2,0x00}},
	{0x6F54, {0x96,0x3E,0x16,0xBA,0x16,0x28,0x12,0xBE,0x88,0xAA,0x88,0x00}},
	{0x7A74, {0x10,0xFE,0x82,0x82,0x28,0x28,0x28,0x44,0x44,0x44,0x82,0x00}},
	{0x7D50, {0x44,0x44,0xBE,0xC4,0x44,0x9E,0xC0,0x5E,0xD2,0x52,0x5E,0x00}},
	{0x8840, {0x10,0x20,0x7C,0x54,0x54,0x54,0x54,0x54,0x54,0x54,0xFE,0x00}},
	{0x8A23, {0xC8,0x1E,0xCA,0x0A,0xCA,0x3E,0xC8,0x08,0xD4,0xD4,0xE2,0x00}},
	{0x6708, {0x3E,0x22,0x22,0x3E,0x22,0x22,0x3E,0x22,0x42,0x42,0x86,0x00}},
	{0x4EF6, {0x24,0x34,0x5E,0x54,0xC4,0x44,0x5E,0x44,0x44,0x44,0x44,0x00}},
	{0x5039, {0x28,0x34,0x7E,0x48,0xFE,0x6A,0x6A,0x7E,0x48,0x54,0x62,0x00}},
	{0x5026, {0x28,0x2A,0x48,0x7E,0xD4,0x62,0x5C,0x44,0x5C,0x52,0x5E,0x00}},
	{0x5065, {0x34,0x5E,0x56,0x6E,0xE4,0x5E,0x54,0x7E,0x54,0x50,0x6E,0x00}},
	{0x517C, {0x44,0xFE,0x28,0x7C,0x2C,0xFE,0x2C,0x7C,0x28,0x6C,0xAA,0x00}},
	{0x5238, {0x54,0x10,0x7C,0x28,0xFE,0x44,0x7C,0xAA,0x28,0x28,0x58,0x00}},
	{0x5263, {0x22,0x52,0xFA,0x2A,0xFA,0xAA,0xAA,0xFA,0x22,0x52,0x86,0x00}},
	{0x55A7, {0x04,0xFE,0xB6,0xA0,0xAE,0xAA,0xAE,0xEA,0x0E,0x00,0x1E,0x00}},
	{0x570F, {0xFE,0x92,0xD6,0xAA,0xFE,0xAA,0xD6,0xA2,0xBA,0x82,0xFE,0x00}},
	{0x5805, {0xFE,0xA2,0xFA,0x94,0xF4,0xAA,0xFA,0x10,0x7C,0x10,0xFE,0x00}},
	{0x5ACC, {0x54,0x7E,0x54,0xFE,0x96,0xBE,0xD6,0x7E,0x54,0xB6,0x94,0x00}},
	{0x5EFA, {0xC8,0x5E,0x4A,0xBE,0xC8,0x5C,0x48,0xFE,0x48,0x40,0xBE,0x00}},
	{0x61B2, {0x10,0xFE,0x92,0x7C,0x10,0xFE,0xAA,0xFE,0x54,0xCA,0xBA,0x00}},
	{0x61F8, {0x6E,0x64,0xE8,0x8E,0xF4,0x2E,0xA4,0x00,0x54,0xCA,0xBA,0x00}},
	{0x62F3, {0x54,0x10,0x7C,0x28,0xFE,0x44,0xBA,0x10,0xFE,0x10,0x30,0x00}},
	{0x6372, {0x48,0x6A,0xC8,0x7E,0x54,0x62,0xDC,0x44,0x5C,0x52,0xDE,0x00}},
	{0x691C, {0x48,0x54,0xFE,0x48,0x7E,0xEA,0xEA,0xFE,0x48,0x54,0x62,0x00}},
	{0x6A29, {0x50,0x5E,0xE8,0x7E,0x54,0xDE,0xF4,0xDE,0x54,0x54,0x5E,0x00}},
	{0x727D, {0x10,0xFE,0x50,0x24,0xFE,0x92,0x24,0x7C,0x50,0xFE,0x10,0x00}},
	{0x72AC, {0x10,0x14,0x10,0xFE,0x10,0x10,0x10,0x28,0x28,0x44,0x82,0x00}},
	{0x732E, {0x24,0xF6,0x24,0xFE,0x94,0xD4,0xB4,0xF4,0xAA,0xFA,0xAA,0x00}},
	{0x7814, {0x1E,0xEA,0x4A,0x4A,0x5E,0x8A,0x6A,0x6A,0x6A,0x6A,0x12,0x00}},
	{0x786F, {0x1E,0xF2,0x5E,0x52,0x5E,0x92,0x7E,0x6C,0x6C,0x6C,0x16,0x00}},
	{0x7D79, {0x5E,0x52,0x9E,0xC0,0x5E,0x92,0xDE,0x52,0xDE,0x52,0x56,0x00}},
	{0x770C, {0x3C,0xA4,0xBC,0xA4,0xBC,0xA4,0xFE,0x10,0x54,0x92,0x10,0x00}},
	{0x80A9, {0xFE,0x00,0x7E,0x42,0x7E,0x40,0x5E,0x52,0x5E,0x52,0x96,0x00}},
	{0x898B, {0x7C,0x44,0x7C,0x44,0x7C,0x44,0x7C,0x28,0x28,0x4A,0x8E,0x00}},
	{0x8B19, {0xD4,0x3E,0xD4,0x3E,0xD6,0x3E,0xD6,0x3E,0xD4,0xF6,0xD4,0x00}},
	{0x8CE2, {0xEE,0xCA,0xE4,0xFA,0x44,0x7C,0x44,0x7C,0x44,0x7C,0x82,0x00}},
	{0x8ED2, {0x4E,0xE4,0x44,0xE4,0xFE,0xE4,0xE4,0xE4,0x44,0xE4,0x44,0x00}},
	{0x9063, {0x88,0x3E,0x2A,0x3E,0x1C,0xD4,0x5E,0x52,0x5E,0x40,0xBE,0x00}},
	{0x9375, {0x5A,0xAE,0x0A,0xF6,0x5A,0xEE,0x4A,0xFE,0xCA,0x68,0xD6,0x00}},
	{0x967A, {0xE8,0xB4,0xBE,0xC8,0xBE,0xAA,0xAA,0xBE,0xC8,0x94,0xA2,0x00}},
	{0x9855, {0xFE,0x94,0xFE,0x9A,0xFE,0x6A,0x6E,0xFA,0x6E,0x70,0xCA,0x00}},
	{0x9A13, {0xC8,0x94,0xFE,0xC8,0xFE,0xEA,0xEA,0x3E,0xA8,0xB4,0x62,0x00}},
	{0x9E78, {0x44,0x6A,0x4E,0xF4,0xDE,0xBA,0xDA,0xBE,0xD4,0x94,0xFA,0x00}},
	{0x5143, {0x7C,0x00,0x00,0xFE,0x28,0x28,0x28,0x28,0x4A,0x4A,0x8E,0x00}},
	{0x539F, {0x7E,0x48,0x5C,0x54,0x5C,0x54,0x5C,0x48,0x6A,0x48,0x98,0x00}},
	{0x53B3, {0x52,0x04,0x7E,0x40,0x76,0x5A,0x7A,0x74,0x74,0x74,0x9A,0x00}},
	{0x5E7B, {0x20,0x2E,0x22,0xC2,0x52,0x22,0x22,0x42,0x92,0xF2,0x0C,0x00}},
	{0x5F26, {0xC8,0x48,0x7E,0xC8,0x90,0xB4,0xC8,0x50,0x50,0x64,0xFA,0x00}},
	{0x6E1B, {0x8A,0x48,0x3E,0xA4,0x7C,0x24,0x3E,0x6C,0x6C,0xBA,0x8A,0x00}},
	{0x6E90, {0xBE,0x24,0x2E,0xAA,0x2E,0x2A,0x2E,0xA4,0xB6,0xC4,0x8C,0x00}},
	{0x7384, {0x10,0x10,0xFE,0x10,0x20,0x64,0x18,0x10,0x20,0x44,0xFA,0x00}},
	{0x73FE, {0xFE,0x52,0x5E,0x52,0xFE,0x52,0x5E,0x6C,0xCC,0x14,0x26,0x00}},
	{0x7D43, {0x44,0x44,0x9E,0xC4,0x48,0x9A,0xC4,0x44,0xE8,0x52,0x5E,0x00}},
	{0x8237, {0x44,0xE4,0xBE,0xE4,0xA8,0xBA,0xE4,0xA4,0xA8,0xB2,0xBE,0x00}},
	{0x8A00, {0x7C,0x00,0xFE,0x00,0x7C,0x00,0x7C,0x00,0x7C,0x44,0x7C,0x00}},
	{0x8AFA, {0xC8,0x3E,0xD4,0x14,0xFE,0x24,0xE8,0x24,0xEA,0xC4,0xD8,0x00}},
	{0x9650, {0xDE,0xD2,0xDE,0x92,0xD2,0xDE,0xD4,0xD6,0x94,0x92,0x9A,0x00}},
	{0x4E4E, {0x0C,0x70,0x10,0x54,0x54,0x10,0xFE,0x10,0x10,0x10,0x30,0x00}},
	{0x500B, {0x3E,0x22,0x6A,0x7E,0xEA,0x7E,0x76,0x76,0x7E,0x62,0x7E,0x00}},
	{0x53E4, {0x10,0x10,0x10,0xFE,0x10,0x10,0x7C,0x44,0x44,0x44,0x7C,0x00}},
	{0x547C, {0x06,0xF8,0xA8,0xBA,0xAA,0xA8,0xBE,0xE8,0x08,0x08,0x18,0x00}},
	{0x56FA, {0xFE,0x82,0x92,0xFE,0x92,0xBA,0xAA,0xAA,0xBA,0x82,0xFE,0x00}},
	{0x59D1, {0x24,0x24,0x24,0xFE,0x54,0x54,0x6E,0x2A,0x2A,0x5A,0x8E,0x00}},
	{0x5B64, {0xE2,0x3C,0x50,0x54,0x54,0x74,0xD4,0x54,0x54,0x5A,0xE2,0x00}},
	{0x5DF1, {0xFC,0x04,0x04,0x04,0xFC,0x80,0x80,0x80,0x82,0x82,0x7E,0x00}},
	{0x5EAB, {0x08,0x7E,0x48,0x7E,0x48,0x7E,0x6A,0x7E,0x48,0x7E,0x88,0x00}},
	{0x5F27, {0xC2,0x5C,0x50,0xD4,0x94,0x94,0xD4,0x54,0x54,0x5A,0xE2,0x00}},
	{0x6238, {0xFE,0x00,0x7C,0x44,0x44,0x44,0x7C,0x40,0x40,0x40,0x80,0x00}},
	{0x6545, {0x48,0x48,0xEE,0x5A,0x4A,0xEA,0xAA,0xA4,0xA4,0xEA,0x12,0x00}},
	{0x67AF, {0x44,0x44,0xC4,0x7E,0x44,0xC4,0xDE,0xD2,0x52,0x52,0x5E,0x00}},
	{0x6E56, {0xAE,0x2A,0x7A,0xAE,0x2A,0x7A,0x5E,0xDA,0xDA,0xF2,0x96,0x00}},
	{0x72D0, {0xA2,0xBC,0x50,0x54,0xD4,0x54,0x54,0xD4,0x54,0x5A,0xA2,0x00}},
	{0x7CCA, {0x56,0xD6,0xFE,0x56,0xD6,0x7E,0xEE,0xEE,0xEE,0x7A,0x4A,0x00}},
	{0x88B4, {0x44,0x5E,0xEA,0x30,0x4E,0x40,0xFE,0x68,0x4E,0x42,0x46,0x00}},
	{0x80A1, {0xEE,0xAA,0xAA,0xE0,0xAE,0xA2,0xEA,0xA4,0xA4,0xAA,0xB2,0x00}},
	{0x80E1, {0x4E,0x4A,0xEA,0x4E,0x4A,0xEA,0xAE,0xAA,0xAA,0xEA,0x16,0x00}},
	{0x83F0, {0x28,0xFE,0x28,0xE2,0x3C,0x54,0x74,0xD4,0x54,0x5A,0xE2,0x00}},
	{0x864E, {0x08,0x0E,0x08,0x7E,0x52,0x5C,0x40,0x54,0x54,0x54,0xA6,0x00}},
	{0x8A87, {0xC8,0x3E,0xD4,0x22,0xDC,0x00,0xFE,0x10,0xDE,0xC2,0xC6,0x00}},
	{0x8DE8, {0xE4,0xBE,0xAA,0xF0,0x4E,0x40,0xFE,0xC8,0xCE,0xE2,0xC6,0x00}},
	{0x9237, {0x44,0xA4,0x04,0xFE,0x44,0xE4,0x4E,0xEA,0xCA,0x6A,0xCE,0x00}},
	{0x96C7, {0xFE,0x00,0x7E,0x42,0x7E,0x54,0x5E,0x74,0x5E,0x54,0x9E,0x00}},
	{0x9867, {0xEE,0x04,0xEE,0xAA,0xEE,0x8A,0x6E,0xCA,0xEE,0xC0,0xEA,0x00}},
	{0x9F13, {0x24,0xF4,0x2E,0xF4,0x0E,0xF2,0x9A,0xF4,0x54,0x5A,0xF2,0x00}},
	{0x4E94, {0x7C,0x10,0x10,0x10,0x10,0x7C,0x24,0x24,0x24,0x24,0xFE,0x00}},
	{0x4E92, {0xFE,0x20,0x20,0x3C,0x24,0x44,0x48,0x78,0x08,0x08,0xFE,0x00}},
	{0x4F0D, {0x3C,0x28,0x48,0x48,0xC8,0x7C,0x54,0x54,0x54,0x54,0x7E,0x00}},
	{0x5348, {0x40,0x7C,0x50,0x90,0x10,0xFE,0x10,0x10,0x10,0x10,0x10,0x00}},
	{0x5449, {0x1C,0x54,0x54,0x5C,0x40,0x7C,0x04,0xFE,0x00,0x44,0x82,0x00}},
	{0x543E, {0x7C,0x10,0x7C,0x24,0x24,0xFE,0x00,0x7C,0x44,0x44,0x7C,0x00}},
	{0x5A2F, {0x4E,0x4A,0x5A,0xFE,0xB0,0xBC,0xE4,0x5E,0x60,0xAA,0x92,0x00}},
	{0x5F8C, {0x48,0x50,0x88,0x12,0x7E,0x50,0xDC,0x74,0x48,0x54,0x62,0x00}},
	{0x5FA1, {0x66,0x7E,0xB6,0x16,0x7E,0x56,0xDE,0x76,0x74,0x7C,0x44,0x00}},
	{0x609F, {0x5E,0x44,0xDE,0xCA,0xCA,0x7E,0x40,0x5E,0x52,0x52,0x5E,0x00}},
	{0x68A7, {0x5E,0x44,0xDE,0x4A,0x4A,0xFE,0xC0,0xDE,0x52,0x52,0x5E,0x00}},
	{0x6A8E, {0x48,0x54,0xFE,0x6A,0x76,0xFE,0xC8,0xFE,0x6A,0x6E,0x7A,0x00}},
	{0x745A, {0xD6,0x56,0x7E,0x56,0xD6,0x7E,0x6E,0x6E,0xEA,0x3A,0x0A,0x00}},
	{0x7881, {0x28,0xFE,0x28,0x38,0x28,0xFE,0x44,0xFA,0x40,0xBC,0x3C,0x00}},
	{0x8A9E, {0xDE,0x04,0xDE,0x0A,0xCA,0x3E,0xC0,0x1E,0xD2,0xD2,0xDE,0x00}},
	{0x8AA4, {0xCE,0x0A,0xEA,0x2E,0xE0,0x3C,0xC4,0x3E,0xC0,0xD4,0xE2,0x00}},
	{0x8B77, {0xD4,0x3E,0xD4,0x1E,0xF4,0x1E,0xD4,0x1E,0xD4,0xC8,0xF6,0x00}},
	{0x9190, {0xD6,0x56,0x7E,0xD6,0xD6,0xFE,0xEE,0xEE,0xEE,0xFA,0xEA,0x00}},
	{0x4E5E, {0x40,0x7E,0x40,0xBC,0x04,0x08,0x10,0x20,0x42,0x42,0x3E,0x00}},
	{0x9BC9, {0x7E,0xAA,0x2A,0xFE,0xAA,0xFE,0xA8,0xFC,0x08,0xA8,0xBE,0x00}},
	{0x4EA4, {0x10,0xFE,0x28,0x44,0xAA,0x28,0x28,0x10,0x10,0x28,0xC6,0x00}},
	{0x4F7C, {0x28,0x3E,0x54,0x54,0xE2,0x54,0x54,0x48,0x48,0x54,0x62,0x00}},
	{0x4FAF, {0x2C,0x24,0x44,0x7E,0xD0,0x5C,0x68,0x7E,0x48,0x54,0x62,0x00}},
	{0x5019, {0x2C,0x24,0x44,0x7E,0xE8,0x6E,0x74,0x7E,0x64,0x4A,0x52,0x00}},
	{0x5016, {0x28,0x3E,0x48,0x7E,0xD4,0x54,0x7E,0x48,0x7E,0x48,0x48,0x00}},
	{0x5149, {0x10,0x54,0x54,0x10,0xFE,0x28,0x28,0x28,0x2A,0x4A,0x8E,0x00}},
	{0x516C, {0x28,0x28,0x28,0x44,0x54,0x92,0x10,0x20,0x28,0x44,0xFA,0x00}},
	{0x529F, {0x08,0xE8,0x5E,0x4A,0x4A,0x4A,0x4A,0x6A,0xD2,0x12,0x26,0x00}},
	{0x52B9, {0x28,0xF8,0x5E,0x5A,0x8A,0x5A,0x5A,0x2A,0x2A,0x52,0x96,0x00}},
	{0x52FE, {0x40,0x7E,0x52,0x92,0x12,0x22,0x22,0x4A,0x76,0x02,0x0C,0x00}},
	{0x539A, {0x7E,0x40,0x5C,0x54,0x5C,0x54,0x5C,0x44,0x7E,0x48,0x98,0x00}},
	{0x53E3, {0x00,0xFE,0x82,0x82,0x82,0x82,0x82,0x82,0x82,0xFE,0x82,0x00}},
	{0x5411, {0x10,0x20,0xFE,0x82,0xBA,0xAA,0xAA,0xAA,0xBA,0x82,0x86,0x00}},
	{0x540E, {0x06,0x78,0x40,0x7E,0x40,0x40,0x5E,0x52,0x52,0x52,0x9E,0x00}},
	{0x5589, {0x16,0xD2,0xA2,0xBE,0xA8,0xAE,0xB4,0xFE,0x24,0x2A,0x32,0x00}},
	{0x5751, {0x48,0x48,0x7E,0xC0,0x5C,0x54,0x54,0x54,0xD4,0x24,0x46,0x00}},
	{0x57A2, {0x42,0x5C,0x50,0xDE,0x50,0x50,0x5E,0x5A,0xEA,0x0A,0x0E,0x00}},
	{0x597D, {0x2E,0x22,0x22,0xF4,0x54,0x5E,0x64,0x24,0x24,0x54,0x8C,0x00}},
	{0x5B54, {0xE8,0x28,0x28,0x48,0x48,0x68,0xC8,0x48,0x4A,0x4A,0xCE,0x00}},
	{0x5B5D, {0x10,0x7A,0x14,0xFE,0x20,0x7C,0x88,0x10,0xFE,0x10,0x30,0x00}},
	{0x5B8F, {0x10,0xFE,0x82,0x10,0xFE,0x20,0x28,0x48,0x50,0x94,0x3A,0x00}},
	{0x5DE5, {0x00,0x7C,0x10,0x10,0x10,0x10,0x10,0x10,0x10,0x10,0xFE,0x00}},
	{0x5DE7, {0x1E,0xE8,0x48,0x50,0x5E,0x52,0x42,0x62,0xC2,0x02,0x0C,0x00}},
	{0x5DF7, {0x28,0xFE,0x28,0x28,0xFE,0x44,0xBA,0x08,0x78,0x42,0x7E,0x00}},
	{0x5E78, {0x10,0x7C,0x10,0xFE,0x28,0x28,0xFE,0x10,0x7C,0x10,0x10,0x00}},
	{0x5E83, {0x08,0x7E,0x40,0x48,0x48,0x48,0x50,0x50,0x54,0x54,0xBA,0x00}},
	{0x5E9A, {0x08,0x7E,0x48,0x5E,0x4A,0x7E,0x4A,0x5E,0x48,0x54,0xA2,0x00}},
	{0x5EB7, {0x08,0x7E,0x48,0x5E,0x4A,0x7E,0x48,0x6A,0x5C,0x6A,0x98,0x00}},
	{0x5F18, {0xC8,0x48,0x48,0xC8,0x88,0x88,0xD0,0x50,0x54,0x54,0xFA,0x00}},
	{0x6052, {0x5E,0x40,0xDE,0xD2,0xD2,0x5E,0x52,0x52,0x5E,0x40,0x5E,0x00}},
	{0x614C, {0x54,0x7E,0xD4,0xC8,0xFE,0x50,0x5C,0x40,0x6A,0x6A,0x6A,0x00}},
	{0x6297, {0x48,0x48,0xFE,0x40,0x5C,0x54,0xD4,0x54,0x54,0x54,0xE6,0x00}},
	{0x62D8, {0x50,0x5E,0xE2,0x5E,0x56,0x56,0xD6,0x5E,0x42,0x42,0xCC,0x00}},
	{0x63A7, {0x48,0x7E,0xE2,0x54,0x66,0x40,0xDC,0x48,0x48,0x48,0xFE,0x00}},
	{0x653B, {0x10,0xD0,0x5E,0x74,0x54,0x54,0x54,0x68,0xC8,0x14,0x22,0x00}},
	{0x6602, {0x7C,0x44,0x7C,0x44,0x7C,0x2E,0xCA,0x8A,0xAA,0xCA,0x08,0x00}},
	{0x6643, {0x7C,0x44,0x7C,0x44,0x7C,0x10,0x54,0xFE,0x28,0x48,0x8E,0x00}},
	{0x66F4, {0xFE,0x10,0x7C,0x54,0x7C,0x54,0x7C,0x50,0x20,0x30,0xCE,0x00}},
	{0x676D, {0x48,0x48,0xFE,0x40,0x5C,0xD4,0xD4,0xD4,0x54,0x54,0x66,0x00}},
	{0x6821, {0x48,0x7E,0xD4,0x54,0x62,0xD4,0xD4,0xC8,0x48,0x54,0x62,0x00}},
	{0x6897, {0x7E,0x48,0xFE,0x6A,0x7E,0xEA,0xFE,0xC8,0x58,0x48,0x76,0x00}},
	{0x69CB, {0x54,0x7E,0xD4,0x7E,0x54,0xFE,0xDC,0xDC,0x7E,0x54,0x54,0x00}},
	{0x6C5F, {0x80,0x5C,0x08,0x88,0x48,0x08,0x08,0x48,0x48,0x88,0xBE,0x00}},
	{0x6D2A, {0x94,0x14,0x3E,0x94,0x14,0x14,0x3E,0x80,0x94,0x94,0xA2,0x00}},
	{0x6D69, {0x94,0x5E,0x14,0xA4,0x1E,0x00,0x1E,0x52,0x52,0x92,0x9E,0x00}},
	{0x6E2F, {0x94,0x3E,0x14,0xBE,0x14,0x22,0x1C,0x44,0x5C,0x92,0x9E,0x00}},
	{0x6E9D, {0x94,0x3E,0x14,0xBE,0x14,0x3E,0x1C,0x9C,0xBE,0x94,0x94,0x00}},
	{0x7532, {0xFE,0x92,0x92,0xFE,0x92,0x92,0x92,0xFE,0x10,0x10,0x10,0x00}},
	{0x7687, {0x10,0x7C,0x44,0x7C,0x44,0x7C,0xFE,0x10,0x7C,0x10,0xFE,0x00}},
	{0x786C, {0x1E,0xE4,0x5E,0x56,0x5E,0x96,0x7E,0x64,0x6C,0x64,0x1A,0x00}},
	{0x7A3F, {0x28,0xFE,0x54,0x5C,0xC0,0x7E,0x62,0xFE,0xF6,0x7E,0x62,0x00}},
	{0x7CE0, {0x44,0xDE,0xD4,0x5E,0xD6,0x5E,0xE4,0xD6,0xCC,0x56,0x4C,0x00}},
	{0x7D05, {0x40,0x5E,0x84,0xC4,0x44,0xA4,0xC4,0x44,0xE4,0x44,0x5E,0x00}},
	{0x7D18, {0x48,0x48,0xBE,0xC8,0x50,0x94,0xE4,0x48,0xC8,0x52,0x5E,0x00}},
	{0x7D5E, {0x48,0x7E,0x94,0xD4,0x62,0x94,0xD4,0x48,0xC8,0x54,0x62,0x00}},
	{0x7DB1, {0x7E,0x62,0xB6,0xEA,0x7E,0xAA,0xEA,0x7E,0xFE,0x62,0x66,0x00}},
	{0x8015, {0x54,0xD4,0x7E,0xD4,0x54,0xD4,0x7E,0xD4,0xD4,0x54,0x64,0x00}},
	{0x8003, {0x10,0x7A,0x14,0xFE,0x10,0x3C,0x60,0xBE,0x02,0x02,0x0C,0x00}},
	{0x80AF, {0x10,0x5C,0x50,0xFE,0x44,0x7C,0x44,0x7C,0x44,0x44,0x4C,0x00}},
	{0x80B1, {0xE4,0xA4,0xBE,0xE8,0xAA,0xB2,0xF4,0xA4,0xA8,0xAA,0xBE,0x00}},
	{0x8154, {0xE4,0xBE,0xB2,0xEA,0xB2,0xA0,0xEE,0xA4,0xA4,0xA4,0xBE,0x00}},
	{0x818F, {0x10,0xFE,0x44,0x7C,0xFE,0xAA,0x7C,0x44,0x7C,0x44,0x4C,0x00}},
	{0x822A, {0x48,0xE8,0xBE,0xE0,0xBC,0xB4,0xF4,0xB4,0xB4,0xB4,0xA6,0x00}},
	{0x8352, {0x28,0xFE,0x28,0x10,0xFE,0x40,0x7C,0x00,0x54,0x54,0x96,0x00}},
	{0x884C, {0x5C,0x40,0x80,0x3E,0x44,0x44,0xC4,0x44,0x44,0x44,0x4C,0x00}},
	{0x8861, {0x56,0x58,0xA8,0x16,0x7A,0x7A,0xFA,0x52,0x7A,0x52,0x6A,0x00}},
	{0x8B1B, {0xD4,0x3E,0xD4,0x3E,0xD4,0x3E,0xDC,0x1C,0xFE,0xD4,0xD4,0x00}},
	{0x8CA2, {0x7C,0x10,0xFE,0x44,0x7C,0x44,0x7C,0x44,0x7C,0x44,0x82,0x00}},
	{0x8CFC, {0xD4,0xFE,0xD4,0xFE,0xD4,0xFE,0xFC,0xEC,0x3E,0xA4,0xAC,0x00}},
	{0x90CA, {0x26,0xFE,0x56,0x54,0x8E,0x56,0x56,0x26,0x24,0x54,0x84,0x00}},
	{0x9175, {0xE4,0x4E,0x44,0xFE,0xE8,0xF6,0xA2,0xA4,0xFE,0xA4,0xEC,0x00}},
	{0x9271, {0x44,0xBE,0x10,0xF4,0x54,0xF4,0x54,0xE8,0xCA,0x6A,0xCE,0x00}},
	{0x783F, {0x04,0xFE,0x50,0x54,0x54,0x94,0x74,0x68,0x6A,0x6A,0x0E,0x00}},
	{0x92FC, {0x7E,0xA2,0x36,0xEA,0x7E,0xEA,0x6A,0xFE,0xFE,0x62,0xE6,0x00}},
	{0x95A4, {0xEE,0xAA,0xEE,0xAA,0xEE,0x92,0xBA,0xC6,0xBA,0xAA,0xBA,0x00}},
	{0x964D, {0xCE,0xCA,0xD4,0x84,0xDA,0xC4,0xDE,0xD4,0xBE,0x84,0x84,0x00}},
	{0x9805, {0x1E,0xE8,0x5E,0x52,0x5E,0x52,0x5E,0x72,0xDE,0x00,0x12,0x00}},
	{0x9999, {0x0C,0x70,0x10,0xFE,0x38,0x54,0xFE,0x44,0x7C,0x44,0x7C,0x00}},
	{0x9AD8, {0x10,0xFE,0x44,0x7C,0x00,0xFE,0x82,0xBA,0xAA,0xBA,0x86,0x00}},
	{0x9D3B, {0x84,0x7E,0x2A,0xAE,0x2A,0x2E,0x28,0xBE,0xE2,0x8A,0x96,0x00}},
	{0x525B, {0xFA,0x8A,0xDE,0xAE,0xFE,0xAE,0xAA,0xFA,0xFA,0x8A,0x8A,0x00}},
	{0x52AB, {0x28,0x28,0xFE,0x2A,0x2A,0xFA,0x2A,0x4A,0x52,0xF2,0x16,0x00}},
	{0x53F7, {0x7C,0x44,0x7C,0x00,0xFE,0x20,0x3C,0x44,0x04,0x04,0x18,0x00}},
	{0x5408, {0x10,0x28,0x44,0xBA,0x00,0x00,0x7C,0x44,0x44,0x44,0x7C,0x00}},
	{0x58D5, {0x48,0x7E,0x54,0xDC,0x7E,0x62,0x5C,0x6E,0xD4,0x26,0x18,0x00}},
	{0x62F7, {0x4A,0x5C,0xC8,0x7E,0x48,0x5E,0xF0,0x5E,0x42,0x42,0xCC,0x00}},
	{0x6FE0, {0x88,0x3E,0x14,0x9C,0x3E,0x22,0x1C,0xAE,0x94,0xA6,0x98,0x00}},
	{0x8C6A, {0x10,0xFE,0x44,0x7C,0xFE,0x82,0x7C,0xDA,0x2C,0xCA,0x30,0x00}},
	{0x8F5F, {0x10,0xFE,0x54,0x7C,0x54,0xFE,0x6C,0x6C,0x6C,0xFE,0x24,0x00}},
	{0x9EB9, {0x50,0xFE,0x52,0xEA,0x5E,0xEA,0x5E,0x6A,0xB6,0x40,0xBE,0x00}},
	{0x514B, {0x10,0xFE,0x10,0x7C,0x44,0x44,0x7C,0x28,0x2A,0x4A,0x8E,0x00}},
	{0x523B, {0x22,0xFA,0x2A,0xCA,0x5A,0x2A,0x4A,0x92,0x22,0x52,0x96,0x00}},
	{0x544A, {0x50,0x7C,0x50,0x90,0xFE,0x00,0x7C,0x44,0x44,0x44,0x7C,0x00}},
	{0x56FD, {0xFE,0x82,0xFE,0x92,0x92,0xBA,0x92,0x96,0xFE,0x82,0xFE,0x00}},
	{0x7A40, {0x2E,0xFA,0x2A,0xF0,0x8E,0x7A,0x2A,0xF4,0x24,0x7A,0xAA,0x00}},
	{0x9177, {0xF4,0x5E,0x54,0xE4,0xFE,0xE0,0xAE,0xAA,0xEA,0xAA,0xEE,0x00}},
	{0x9D60, {0xA4,0xFE,0xAA,0x2E,0xFA,0x0E,0xE8,0xAE,0xA2,0xAA,0xF6,0x00}},
	{0x9ED2, {0x7C,0x54,0x7C,0x54,0x7C,0x10,0x7C,0x10,0xFE,0x00,0xAA,0x00}},
	{0x7344, {0xB4,0xA6,0x5C,0x46,0xBC,0x24,0x7C,0xA4,0x3A,0x3A,0xCA,0x00}},
	{0x6F09, {0x88,0x3E,0x34,0xBE,0x36,0x3E,0x24,0xB6,0xA4,0xE4,0xB6,0x00}},
	{0x8170, {0xEE,0xA4,0xBE,0xF6,0xBE,0xA4,0xFE,0xAA,0xAC,0xA4,0xBA,0x00}},
	{0x7511, {0xBE,0x48,0xE8,0xEC,0xEC,0x0C,0xEC,0xAC,0xEC,0xAC,0xFA,0x00}},
	{0x5FFD, {0x40,0x7E,0xAA,0x2A,0x52,0xA6,0x00,0x54,0x42,0xCA,0xBA,0x00}},
	{0x60DA, {0x50,0x5E,0xEA,0xD6,0xEA,0x52,0x46,0x50,0x54,0x72,0x6E,0x00}},
	{0x9AA8, {0x7C,0x44,0x5C,0x54,0xFE,0x82,0x7C,0x44,0x7C,0x44,0x4C,0x00}},
	{0x72DB, {0xA8,0xA8,0x5E,0x52,0xB2,0x3E,0x72,0xB2,0x32,0x32,0xDE,0x00}},
	{0x8FBC, {0x98,0x48,0x08,0x08,0x08,0xD4,0x54,0x54,0x62,0x40,0xBE,0x00}},
	{0x6B64, {0x28,0x28,0x28,0xAA,0xBC,0xA8,0xA8,0xA8,0xAA,0xBA,0xCE,0x00}},
	{0x9803, {0x9E,0x88,0xBE,0xD2,0x9E,0x92,0x9E,0xB2,0xFE,0x00,0x12,0x00}},
	{0x4ECA, {0x10,0x28,0x44,0xBA,0x00,0x00,0x7C,0x04,0x08,0x08,0x10,0x00}},
	{0x56F0, {0xFE,0x82,0x92,0xFE,0x92,0xBA,0xBA,0xD6,0x92,0x82,0xFE,0x00}},
	{0x5764, {0x48,0x48,0x7E,0xEA,0x6A,0x7E,0x6A,0x6A,0xFE,0x08,0x08,0x00}},
	{0x58BE, {0x2E,0xCA,0x6E,0xAA,0x6E,0xAC,0x6A,0x10,0x7C,0x10,0xFE,0x00}},
	{0x5A5A, {0x42,0x5C,0x54,0xFE,0xB4,0xB2,0xDE,0x52,0x5E,0xB2,0x9E,0x00}},
	{0x6068, {0x5E,0x52,0xFE,0xD2,0xD2,0x5E,0x54,0x56,0x54,0x52,0x5A,0x00}},
	{0x61C7, {0x2E,0xCA,0x6E,0xBA,0x6E,0xAC,0x6A,0x00,0x54,0xCA,0xBA,0x00}},
	{0x660F, {0x04,0x78,0x48,0x7E,0x48,0xE6,0x7C,0x44,0x7C,0x44,0x7C,0x00}},
	{0x6606, {0x7C,0x44,0x7C,0x44,0x7C,0x48,0x4A,0x6C,0x48,0x6A,0xCE,0x00}},
	{0x6839, {0x5E,0x52,0xDE,0x52,0x52,0xDE,0xD4,0xD6,0x54,0x52,0x5A,0x00}},
	{0x68B1, {0x7E,0x62,0xEA,0x7E,0x6A,0xFE,0xFE,0xEA,0x6A,0x62,0x7E,0x00}},
	{0x6DF7, {0xBE,0x22,0x3E,0xA2,0x3E,0x24,0x24,0xB6,0xA4,0xA4,0xB6,0x00}},
	{0x75D5, {0x08,0x7E,0x40,0xDE,0x52,0x5E,0xD2,0x5C,0x56,0x54,0x9A,0x00}},
	{0x7D3A, {0x52,0x52,0xBE,0xD2,0x52,0x9E,0xD2,0x52,0xD2,0x52,0x5E,0x00}},
	{0x826E, {0x7C,0x44,0x7C,0x44,0x44,0x7C,0x48,0x4A,0x44,0x64,0xC2,0x00}},
	{0x9B42, {0x08,0xFE,0x2A,0x3E,0xEA,0x7E,0x4C,0xAE,0xEE,0x14,0x26,0x00}},
	{0x4E9B, {0x24,0x24,0xB6,0xA4,0xB4,0xC6,0x00,0x7C,0x00,0x00,0xFE,0x00}},
	{0x4F50, {0x28,0x28,0x5E,0x48,0xC8,0x4E,0x54,0x54,0x64,0x44,0x5E,0x00}},
	{0x53C9, {0x7C,0x04,0x24,0x54,0x44,0x28,0x28,0x10,0x28,0x44,0x82,0x00}},
	{0x5506, {0x08,0xF2,0xBE,0xB4,0xA6,0xA8,0xAC,0xF4,0x08,0x14,0x22,0x00}},
	{0x5D6F, {0x54,0x7E,0x48,0x5C,0xC8,0xFE,0xD0,0xDE,0xD4,0x24,0x1E,0x00}},
	{0x5DE6, {0x10,0x10,0xFE,0x20,0x20,0x3C,0x48,0x48,0x88,0x08,0x7E,0x00}},
	{0x5DEE, {0x44,0xFE,0x10,0x7C,0x10,0xFE,0x20,0x3C,0x48,0x88,0x7E,0x00}},
	{0x67FB, {0x10,0xFE,0x38,0x54,0xFE,0x44,0x7C,0x44,0x7C,0x44,0xFE,0x00}},
	{0x6C99, {0x88,0x48,0x2C,0xAA,0x4A,0x08,0x1A,0x42,0x44,0x88,0xB0,0x00}},
	{0x7473, {0xD4,0x7E,0x48,0x5C,0xC8,0x7E,0x50,0x5E,0xD4,0x24,0x1E,0x00}},
	{0x7802, {0x08,0xE8,0x5C,0x5A,0x4A,0x88,0x6A,0x62,0x64,0x68,0x10,0x00}},
	{0x8A50, {0xE8,0x0E,0xF8,0x08,0xEE,0x08,0xE8,0x0E,0xE8,0xA8,0xE8,0x00}},
	{0x9396, {0x56,0xA4,0x1E,0xF2,0x5E,0xF2,0x5E,0xF2,0xDE,0x60,0xD2,0x00}},
	{0x88DF, {0x88,0x2A,0x88,0x1A,0x44,0x98,0xFE,0x28,0x6A,0xA4,0x32,0x00}},
	{0x5750, {0x10,0x54,0x54,0x54,0xBA,0x10,0x10,0x7C,0x10,0x10,0xFE,0x00}},
	{0x5EA7, {0x08,0x7E,0x54,0x54,0x54,0x6A,0x48,0x5C,0x48,0x48,0xBE,0x00}},
	{0x632B, {0x54,0x54,0xD4,0x54,0x6A,0x48,0xC8,0x5C,0x48,0x48,0xFE,0x00}},
	{0x50B5, {0x28,0x3C,0x48,0x5C,0xC8,0x7E,0x54,0x5C,0x54,0x5C,0x62,0x00}},
	{0x50AC, {0x2A,0x2A,0x7E,0x54,0xDE,0x74,0x5E,0x54,0x5E,0x54,0x5E,0x00}},
	{0x518D, {0xFE,0x10,0x7C,0x54,0x7C,0x54,0x54,0xFE,0x44,0x44,0x4C,0x00}},
	{0x6700, {0x7C,0x44,0x7C,0x44,0xFE,0x50,0x7E,0x52,0x5A,0xF4,0x1A,0x00}},
	{0x54C9, {0x28,0x7A,0x28,0x28,0xFE,0x04,0x74,0x56,0x54,0x74,0x0A,0x00}},
	{0x585E, {0x10,0xFE,0xAA,0x7C,0x28,0xFE,0x44,0x92,0x7C,0x10,0xFE,0x00}},
	{0x59BB, {0x10,0xFE,0x14,0xFE,0x14,0x7C,0x10,0xFE,0x24,0x38,0xC6,0x00}},
	{0x5BB0, {0x10,0xFE,0x92,0x7C,0x28,0x28,0xFE,0x10,0xFE,0x10,0x10,0x00}},
	{0x5F69, {0x12,0xE2,0xA4,0x50,0x22,0xF2,0x24,0x60,0xB2,0x22,0x24,0x00}},
	{0x624D, {0x08,0x08,0xFE,0x08,0x0C,0x08,0x18,0x28,0xC8,0x08,0x18,0x00}},
	{0x63A1, {0x46,0x78,0xEA,0x64,0x48,0x7E,0xC8,0x5C,0x5C,0x6A,0xC8,0x00}},
	{0x683D, {0x28,0x7A,0x28,0xFE,0x28,0xFA,0x2A,0x74,0x74,0xA4,0x2A,0x00}},
	{0x6B73, {0x10,0x5C,0x50,0xFE,0x08,0x7E,0x48,0x7A,0x44,0x74,0xAA,0x00}},
	{0x6E08, {0x88,0x3E,0x14,0x88,0x36,0x14,0x1C,0x54,0x5C,0x94,0xA4,0x00}},
	{0x707D, {0x54,0x54,0xA8,0x54,0x54,0x00,0x54,0x58,0x10,0x28,0xC6,0x00}},
	{0x91C7, {0x0C,0x70,0x94,0x48,0x10,0xFE,0x10,0x38,0x54,0x92,0x10,0x00}},
	{0x7280, {0x7E,0x42,0x7E,0x40,0x76,0x48,0x68,0x7E,0x48,0x7E,0x88,0x00}},
	{0x7815, {0x08,0xFC,0x54,0x54,0x66,0x88,0x68,0x7E,0x68,0x68,0x08,0x00}},
	{0x7826, {0x24,0xB6,0xA4,0xB4,0xC6,0x00,0xFE,0x20,0x7C,0xA4,0x3C,0x00}},
	{0x796D, {0x7E,0x52,0xB4,0x28,0x44,0xBA,0x00,0xFE,0x54,0x92,0x30,0x00}},
	{0x658E, {0x10,0xFE,0x44,0x38,0xC6,0x7C,0x44,0x7C,0x54,0x7C,0x94,0x00}},
	{0x7D30, {0x5E,0x56,0x96,0xD6,0x56,0x9E,0xD6,0x56,0xF6,0x56,0x5E,0x00}},
	{0x83DC, {0x28,0xFE,0x0C,0x70,0x14,0x48,0x10,0xFE,0x38,0x54,0x92,0x00}},
	{0x88C1, {0x28,0x7A,0x28,0xFE,0x24,0xFC,0x26,0x6C,0xD4,0x54,0x6A,0x00}},
	{0x8F09, {0x28,0x7A,0x28,0xFE,0x24,0xFC,0x76,0x74,0x74,0xFC,0x2A,0x00}},
	{0x969B, {0xDE,0xEA,0xDA,0x94,0xE2,0xDC,0xC0,0xFE,0x88,0xAA,0x98,0x00}},
	{0x5264, {0x22,0xFA,0x5A,0x2A,0xDA,0x5A,0x72,0x52,0x72,0x52,0x96,0x00}},
	{0x5728, {0x10,0xFE,0x20,0x28,0x48,0xDC,0x48,0x48,0x48,0x48,0x7E,0x00}},
	{0x6750, {0x44,0x44,0xFE,0x44,0x46,0xC4,0xCC,0xD4,0x64,0x44,0x4C,0x00}},
	{0x7F6A, {0xFE,0xAA,0xFE,0x28,0xEE,0x28,0xEE,0x28,0xEE,0x28,0x48,0x00}},
	{0x8CA1, {0xE4,0xA4,0xFE,0xA4,0xE6,0xA4,0xAC,0xF4,0x04,0xA4,0xAC,0x00}},
	{0x51B4, {0x3E,0x94,0x54,0x14,0x14,0x3E,0x44,0x4C,0x94,0xA4,0x0C,0x00}},
	{0x5742, {0x5E,0x50,0x50,0xDE,0x52,0x5A,0x5A,0x54,0xE4,0x2A,0x12,0x00}},
	{0x962A, {0xDE,0xD0,0xD0,0x9E,0xD2,0xDA,0xDA,0xD4,0xA4,0xAA,0x92,0x00}},
	{0x583A, {0x7E,0x6A,0x7E,0xEA,0x7E,0x54,0x62,0x54,0xD4,0x14,0x24,0x00}},
	{0x698A, {0x54,0x54,0xFE,0x5A,0x5A,0xEE,0xDA,0xDA,0x5E,0x54,0x54,0x00}},
	{0x80B4, {0x64,0x18,0x64,0x10,0xFE,0x20,0x7C,0xA4,0x3C,0x24,0x2C,0x00}},
	{0x54B2, {0x14,0xF4,0xA0,0xBE,0xA8,0xA8,0xBE,0xE8,0x08,0x14,0x22,0x00}},
	{0x5D0E, {0x48,0x7E,0x48,0x54,0xE2,0xFE,0xC2,0xFA,0xEA,0x3A,0x06,0x00}},
	{0x57FC, {0x48,0x7E,0x48,0xD4,0x62,0x7E,0x42,0x7A,0xEA,0x3A,0x06,0x00}},
	{0x7895, {0x08,0xFE,0x48,0x54,0x42,0x9E,0x62,0x7A,0x6A,0x7A,0x06,0x00}},
	{0x9DFA, {0xE6,0xAA,0xE4,0x4E,0xEA,0xCE,0x7C,0x44,0x7E,0x02,0xAA,0x00}},
	{0x4F5C, {0x28,0x2E,0x58,0x48,0xCE,0x48,0x48,0x4E,0x48,0x48,0x48,0x00}},
	{0x524A, {0xB2,0xAA,0x2A,0xFA,0x9A,0xFA,0x9A,0xF2,0x92,0x92,0xB6,0x00}},
	{0x548B, {0x08,0xEE,0xB8,0xA8,0xAE,0xA8,0xA8,0xEE,0x08,0x08,0x08,0x00}},
	{0x643E, {0x48,0x7E,0xE2,0x54,0x66,0x50,0xDE,0x68,0x4E,0x48,0xC8,0x00}},
	{0x6628, {0x08,0xEE,0xB8,0xA8,0xEE,0xA8,0xA8,0xAE,0xE8,0x08,0x08,0x00}},
	{0x6714, {0x5E,0x2A,0xFA,0x2E,0xAA,0xAA,0xFE,0x2A,0x2A,0x4A,0x96,0x00}},
	{0x67F5, {0x5E,0x5A,0xDA,0x5A,0x5A,0xFE,0xDA,0xDA,0x5A,0x52,0x56,0x00}},
	{0x7A84, {0x10,0xFE,0xAA,0x4C,0x20,0x3E,0x50,0x9E,0x10,0x1E,0x10,0x00}},
	{0x7B56, {0x48,0x6E,0xB4,0x10,0xFE,0x10,0xFE,0x92,0x38,0x54,0x92,0x00}},
	{0x7D22, {0x10,0x7C,0x10,0xFE,0xAA,0x92,0x24,0xFA,0x10,0x54,0x92,0x00}},
	{0x932F, {0x4A,0xBE,0x0A,0xEA,0x5E,0xE0,0x4E,0xEA,0xCE,0x6A,0xCE,0x00}},
	{0x685C, {0x48,0x6A,0xEA,0x44,0x48,0xFE,0xD4,0xD8,0x48,0x54,0x62,0x00}},
	{0x9BAD, {0x64,0xAE,0x24,0xE4,0xBE,0xE4,0xA4,0xEE,0x04,0xA4,0xBE,0x00}},
	{0x7B39, {0x48,0x6E,0xB4,0x00,0x54,0xFE,0x54,0x54,0x5C,0x40,0x7E,0x00}},
	{0x5319, {0xE8,0xA8,0xE8,0xAA,0xEC,0x08,0xE8,0x4A,0x6E,0xC0,0xBE,0x00}},
	{0x518A, {0x7E,0x6A,0x6A,0x6A,0x6A,0xFE,0x6A,0x6A,0x6A,0x6A,0x46,0x00}},
	{0x5237, {0x7A,0x4A,0x7A,0x42,0x7A,0x52,0x7A,0x5A,0x5A,0x52,0x96,0x00}},
	{0x5BDF, {0x10,0xFE,0x82,0x76,0xAA,0x44,0xBA,0x00,0xFE,0x54,0xB2,0x00}},
	{0x62F6, {0x4A,0x4A,0xD4,0x4A,0x40,0x6E,0xCA,0x56,0x42,0x44,0xD8,0x00}},
	{0x64AE, {0x5C,0x54,0xDC,0x54,0x7E,0x58,0xDE,0x5A,0x5A,0x7C,0xCA,0x00}},
	{0x64E6, {0x48,0x7E,0xE2,0x5E,0x6A,0x54,0xE2,0x7E,0x48,0x6A,0xD8,0x00}},
	{0x672D, {0x28,0x28,0xF8,0x28,0x28,0x68,0x78,0xA8,0x2A,0x2A,0x2E,0x00}},
	{0x6BBA, {0x1E,0xDA,0x2A,0x50,0x8E,0x2A,0xFA,0x24,0x74,0xAA,0x2A,0x00}},
	{0x85A9, {0x28,0xFE,0x28,0xC4,0xDE,0x8A,0xDE,0xD4,0xDE,0x94,0xAE,0x00}},
	{0x96D1, {0x4A,0xFA,0x5E,0x5C,0x9E,0x2C,0xFC,0x2E,0x7C,0xAC,0x2E,0x00}},
	{0x7690, {0x10,0x7C,0x44,0x7C,0x44,0x7C,0x10,0xD6,0x10,0xFE,0x10,0x00}},
	{0x9BD6, {0x64,0xAE,0x24,0xEE,0xA4,0xFE,0xAA,0xEE,0x0A,0xAE,0xAA,0x00}},
	{0x634C, {0x7A,0x6A,0xEE,0x7E,0x56,0x56,0xDA,0x6A,0x6A,0x4A,0xD6,0x00}},
	{0x9306, {0x44,0xAE,0x04,0xEE,0x44,0xFE,0x4A,0xEE,0xCA,0x6E,0xCA,0x00}},
	{0x9BAB, {0x64,0xBE,0x2A,0xEA,0xB0,0xEA,0xAA,0xE4,0x04,0xAA,0xB2,0x00}},
	{0x76BF, {0x00,0x7C,0x54,0x54,0x54,0x54,0x54,0x54,0x54,0x54,0xFE,0x00}},
	{0x6652, {0x3E,0xD4,0xB4,0xBE,0xF6,0xB6,0xB6,0xA2,0xE2,0x22,0x3E,0x00}},
	{0x4E09, {0x00,0x7C,0x00,0x00,0x00,0x38,0x00,0x00,0x00,0x00,0xFE,0x00}},
	{0x5098, {0x10,0x28,0xD6,0x54,0xBA,0x54,0xBA,0x10,0xFE,0x10,0x10,0x00}},
	{0x53C2, {0x10,0x24,0xFA,0x20,0xFE,0x54,0xA2,0x10,0x24,0x08,0x70,0x00}},
	{0x5C71, {0x10,0x10,0x10,0x92,0x92,0x92,0x92,0x92,0x92,0x92,0xFE,0x00}},
	{0x60E8, {0x48,0x52,0xFE,0xD0,0xFE,0x54,0x6A,0x44,0x4A,0x44,0x58,0x00}},
	{0x6492, {0x68,0x78,0xEE,0x7A,0x4A,0x7A,0xEA,0x7C,0x6C,0x6A,0xEA,0x00}},
	{0x6563, {0x54,0xF4,0x56,0xFA,0x0A,0xFA,0x9A,0xF4,0x94,0x9A,0xB2,0x00}},
	{0x685F, {0x4A,0x4E,0xF8,0x4E,0x78,0xCE,0xF8,0xCA,0x44,0x4C,0x72,0x00}},
	{0x71E6, {0x58,0x56,0x5A,0xEA,0xD4,0xEA,0x48,0x7E,0x5C,0xAA,0x88,0x00}},
	{0x73CA, {0xDE,0x5A,0x5A,0x5A,0xDA,0x7E,0x5A,0x5A,0xDA,0x12,0x16,0x00}},
	{0x7523, {0x10,0xFE,0x24,0x7E,0x40,0x68,0x7E,0x68,0x5C,0x48,0xBE,0x00}},
	{0x7B97, {0x48,0x6E,0xB4,0x7C,0x44,0x7C,0x44,0x7C,0x28,0xFE,0x48,0x00}},
	{0x7E82, {0x48,0x6E,0xB4,0x7C,0x44,0xFE,0x54,0xA2,0x7C,0x54,0x92,0x00}},
	{0x8695, {0xFE,0x10,0xFE,0x44,0x92,0x7C,0x54,0x54,0x7C,0x14,0xFA,0x00}},
	{0x8B83, {0xD4,0x3E,0xD4,0x2A,0xDC,0x14,0xDC,0x14,0xDC,0xC0,0xE2,0x00}},
	{0x8CDB, {0x44,0xEE,0x44,0xAA,0x7C,0x44,0x7C,0x44,0x7C,0x44,0x82,0x00}},
	{0x9178, {0xE8,0x52,0x5E,0xEA,0xF2,0xE8,0xAE,0xBA,0xE4,0xAC,0xF2,0x00}},
	{0x9910, {0x2E,0x32,0x6A,0xAC,0x52,0xA8,0x7C,0xAA,0x38,0x28,0x76,0x00}},
	{0x65AC, {0x42,0xEC,0x48,0xE8,0xEE,0xEA,0xEA,0xEA,0x4A,0xF2,0x42,0x00}},
	{0x66AB, {0x22,0xFC,0x68,0x6E,0xFA,0x22,0x7C,0x44,0x7C,0x44,0x7C,0x00}},
	{0x6B8B, {0xEA,0x4E,0x58,0x6E,0xB8,0xAE,0x78,0x2A,0x24,0x4C,0x92,0x00}},
	{0x4ED5, {0x28,0x28,0x48,0x7E,0xC8,0x48,0x48,0x48,0x48,0x48,0x5C,0x00}},
	{0x4ED4, {0x2E,0x22,0x42,0x44,0xC4,0x5E,0x44,0x44,0x44,0x44,0x4C,0x00}},
	{0x4F3A, {0x3E,0x22,0x5E,0x42,0xDE,0x56,0x56,0x56,0x5E,0x42,0x46,0x00}},
	{0x4F7F, {0x28,0x3E,0x48,0x7E,0xEA,0x6A,0x7E,0x48,0x58,0x48,0x76,0x00}},
	{0x523A, {0x22,0xFA,0x22,0xFA,0xAA,0xAA,0x22,0x72,0xAA,0x22,0x26,0x00}},
	{0x53F8, {0xFE,0x02,0x7A,0x02,0x7A,0x4A,0x4A,0x4A,0x7A,0x02,0x06,0x00}},
	{0x53F2, {0x10,0x7C,0x54,0x54,0x54,0x7C,0x50,0x30,0x10,0x28,0xC6,0x00}},
	{0x55E3, {0xEE,0xA2,0xAE,0xE2,0x0E,0xFA,0xDA,0xFA,0xDE,0xD2,0x96,0x00}},
	{0x56DB, {0xFE,0xAA,0xAA,0xAA,0xAA,0xAA,0xAE,0xC2,0x82,0x82,0xFE,0x00}},
	{0x58EB, {0x10,0x10,0x10,0xFE,0x10,0x10,0x10,0x10,0x10,0x10,0x7C,0x00}},
	{0x59CB, {0x24,0x24,0x28,0xFA,0x5E,0x50,0x6E,0x2A,0x2A,0x5A,0x8E,0x00}},
	{0x59C9, {0x44,0x5E,0x44,0xE4,0xBE,0xB6,0xD6,0x56,0x56,0xA4,0x84,0x00}},
	{0x59FF, {0x10,0x9E,0x2A,0x08,0x54,0xA2,0xFE,0x24,0x68,0x18,0xE6,0x00}},
	{0x5B50, {0x7C,0x04,0x08,0x10,0x10,0xFE,0x10,0x10,0x10,0x10,0x30,0x00}},
	{0x5C4D, {0x7E,0x42,0x7E,0x40,0x7E,0x54,0x5C,0x6E,0x5C,0x54,0xA6,0x00}},
	{0x5E02, {0x10,0xFE,0x10,0x10,0xFE,0x92,0x92,0x92,0x96,0x10,0x10,0x00}},
	{0x5E2B, {0x5E,0xE8,0xA8,0xBE,0xEA,0x8A,0xEA,0xAA,0xA8,0xE8,0x08,0x00}},
	{0x5FD7, {0x10,0x10,0xFE,0x10,0x10,0x7C,0x00,0x54,0x42,0xCA,0xBA,0x00}},
	{0x601D, {0x7C,0x54,0x7C,0x54,0x54,0x7C,0x00,0x54,0x42,0xCA,0xBA,0x00}},
	{0x6307, {0x50,0x52,0xDC,0x52,0x5E,0x40,0xDE,0x52,0x5E,0x52,0xDE,0x00}},
	{0x652F, {0x10,0x10,0xFE,0x10,0x7C,0x04,0x28,0x28,0x10,0x28,0xC6,0x00}},
	{0x5B5C, {0xE8,0x28,0x2E,0x5A,0x4A,0x6A,0xCA,0x44,0x44,0x4A,0xD2,0x00}},
	{0x65AF, {0x52,0xFC,0x58,0x78,0x5E,0x7A,0x5A,0xFA,0x0A,0x52,0x92,0x00}},
	{0x65BD, {0x48,0x4E,0xF0,0x48,0x4A,0x6E,0xBA,0xAA,0xA8,0x2A,0x6E,0x00}},
	{0x65E8, {0x80,0x8C,0xF0,0x82,0x7E,0x00,0x7C,0x44,0x7C,0x44,0x7C,0x00}},
	{0x679D, {0x48,0x48,0xFE,0x48,0x5C,0xC4,0xD4,0xC8,0x48,0x54,0x62,0x00}},
	{0x6B62, {0x10,0x10,0x10,0x50,0x5C,0x50,0x50,0x50,0x50,0x50,0xFE,0x00}},
	{0x6B7B, {0xFE,0x48,0x48,0x6A,0xAC,0xA8,0x68,0x28,0x2A,0x4A,0x8E,0x00}},
	{0x6C0F, {0x04,0x78,0x48,0x48,0x48,0x7E,0x48,0x48,0x44,0x64,0xC2,0x00}},
	{0x7345, {0xAE,0xA4,0x7C,0x6E,0xBE,0x26,0x7E,0xAE,0x2C,0x3C,0xC4,0x00}},
	{0x7949, {0x44,0x44,0xE4,0x34,0x56,0x54,0xF4,0x54,0x54,0x54,0x5E,0x00}},
	{0x79C1, {0x14,0x64,0x24,0x24,0xF4,0x24,0x28,0x78,0xAA,0x2A,0x2E,0x00}},
	{0x7CF8, {0x10,0x10,0x64,0x28,0x10,0x24,0xFA,0x10,0x54,0x92,0x10,0x00}},
	{0x7D19, {0x42,0x5C,0x94,0xD4,0x54,0x9E,0xD4,0x54,0xF4,0x52,0x5A,0x00}},
	{0x7D2B, {0x24,0xB6,0xA4,0xF6,0x10,0x60,0x14,0xFA,0x10,0x54,0x92,0x00}},
	{0x80A2, {0xE4,0xA4,0xBE,0xE4,0xAE,0xA2,0xEA,0xA4,0xA4,0xAA,0xB2,0x00}},
	{0x8102, {0xE8,0xAA,0xAC,0xEA,0xAE,0xA0,0xEE,0xAA,0xAE,0xAA,0xAE,0x00}},
	{0x81F3, {0xFE,0x10,0x20,0x28,0x74,0x10,0x10,0x7C,0x10,0x10,0xFE,0x00}},
	{0x8996, {0x5E,0x52,0xFE,0x32,0x5E,0x52,0xFE,0x4C,0x4C,0x4C,0x56,0x00}},
	{0x8A5E, {0xDE,0x02,0xDE,0x02,0xDE,0x16,0xD6,0x16,0xDE,0xC2,0xC6,0x00}},
	{0x8A69, {0xC8,0x1C,0xC8,0x3E,0xC4,0x3E,0xC4,0x24,0xD4,0xC4,0xCC,0x00}},
	{0x8A66, {0xCA,0x08,0xFE,0x04,0xC4,0x3C,0xD4,0x14,0xD4,0xFA,0xC2,0x00}},
	{0x8A8C, {0xC8,0x08,0xFE,0x08,0xC8,0x1C,0xC0,0x14,0xD0,0xF2,0xEE,0x00}},
	{0x8AEE, {0xC8,0x2E,0xD6,0x04,0xD4,0x2A,0xC0,0x1E,0xD2,0xD2,0xDE,0x00}},
	{0x8CC7, {0x90,0x1E,0x2A,0x94,0x7C,0x44,0x7C,0x44,0x7C,0x44,0x82,0x00}},
	{0x8CDC, {0xEE,0xAA,0xEE,0xAA,0xEE,0xA8,0xAE,0xEA,0x16,0xAA,0xA6,0x00}},
	{0x96CC, {0x54,0x54,0x5E,0xD4,0xFE,0xD4,0xD4,0xDE,0xD4,0xF4,0xDE,0x00}},
	{0x98FC, {0x5E,0xA2,0x0E,0xE2,0xAE,0xEA,0xAA,0xEA,0x8E,0xA2,0xE6,0x00}},
	{0x6B6F, {0x10,0x5C,0x50,0xFE,0x00,0xD6,0x92,0xFE,0xBA,0xD6,0xFE,0x00}},
	{0x4E8B, {0x10,0xFE,0x7C,0x54,0x7C,0x14,0xFE,0x14,0x7C,0x10,0x30,0x00}},
	{0x4F3C, {0x32,0x32,0x56,0x56,0xD2,0x52,0x5A,0x52,0x64,0x4A,0x52,0x00}},
	{0x4F8D, {0x28,0x3C,0x48,0x7E,0xC4,0x7E,0x44,0x64,0x54,0x44,0x4C,0x00}},
	{0x5150, {0x5C,0x54,0x54,0x5C,0x54,0x54,0x5C,0x28,0x2A,0x4A,0x8E,0x00}},
	{0x5B57, {0x10,0xFE,0x82,0x7C,0x08,0x10,0xFE,0x10,0x10,0x10,0x30,0x00}},
	{0x5BFA, {0x10,0x7C,0x10,0xFE,0x08,0xFE,0x08,0x48,0x28,0x08,0x18,0x00}},
	{0x6148, {0x44,0xFE,0x44,0x88,0x44,0xAA,0xEE,0x00,0x54,0xCA,0xBA,0x00}},
	{0x6301, {0x48,0x5C,0xC8,0x7E,0x44,0x7E,0xC4,0x64,0x54,0x44,0xCC,0x00}},
	{0x6642, {0x08,0xFC,0xA8,0xBE,0xE4,0xBE,0xA4,0xB4,0xE4,0x04,0x0C,0x00}},
	{0x6B21, {0x10,0x9E,0x52,0x2A,0x08,0x08,0x48,0x48,0x94,0x94,0x22,0x00}},
	{0x6ECB, {0x94,0x08,0x3E,0x92,0x12,0x24,0x12,0x92,0xA4,0xA4,0xB6,0x00}},
	{0x6CBB, {0x88,0x48,0x10,0x94,0x7A,0x00,0x1C,0x54,0x54,0x94,0x9C,0x00}},
	{0x723E, {0xFE,0x54,0x92,0xFE,0xB6,0xDA,0xB6,0xDA,0xB6,0xDA,0x92,0x00}},
	{0x74BD, {0xFE,0x54,0x92,0xFE,0xB6,0xDA,0x7C,0x10,0x7C,0x14,0xFE,0x00}},
	{0x75D4, {0x08,0x7E,0x48,0xDC,0x48,0x7E,0xC4,0x7E,0x44,0x54,0x8C,0x00}},
	{0x78C1, {0x0A,0xE4,0x5E,0x4A,0x4A,0x94,0x6A,0x6A,0x74,0x74,0x1E,0x00}},
	{0x793A, {0x7C,0x00,0x00,0xFE,0x10,0x10,0x54,0x52,0x92,0x10,0x30,0x00}},
	{0x800C, {0xFE,0x10,0x20,0xFE,0xAA,0xAA,0xAA,0xAA,0xAA,0xAA,0x86,0x00}},
	{0x8033, {0xFE,0x44,0x7C,0x44,0x44,0x7C,0x44,0x44,0x5E,0xE4,0x04,0x00}},
	{0x81EA, {0x10,0x20,0xFE,0x82,0xFE,0x82,0x82,0xFE,0x82,0x82,0xFE,0x00}},
	{0x8494, {0x28,0xFE,0x28,0x1C,0xE8,0xBE,0xE4,0xBE,0xE4,0x14,0x0C,0x00}},
	{0x8F9E, {0x24,0xDE,0x4A,0x4A,0xFE,0x44,0x44,0xFE,0xA4,0xA4,0xE4,0x00}},
	{0x6C50, {0x88,0x48,0x0E,0x92,0x12,0x2A,0x06,0x44,0x44,0x88,0xB0,0x00}},
	{0x9E7F, {0x08,0x7E,0x54,0x7E,0x56,0x7E,0x64,0x76,0x64,0x64,0xB6,0x00}},
	{0x5F0F, {0x0A,0x08,0xFE,0x08,0x08,0x78,0x28,0x24,0x24,0x34,0xC2,0x00}},
	{0x8B58, {0xD4,0x16,0xFC,0x2C,0xFE,0x04,0xFC,0x2E,0xFC,0xEC,0xFA,0x00}},
	{0x9D2B, {0x04,0xEE,0xEA,0xEE,0xEA,0xEE,0xE8,0xEE,0xE2,0xEA,0x16,0x00}},
	{0x7AFA, {0x48,0x48,0x6E,0xB4,0x24,0x00,0x7C,0x00,0x00,0x00,0xFE,0x00}},
	{0x8EF8, {0x48,0xC8,0x7E,0xEA,0xEA,0xFE,0xEA,0xEA,0x6A,0xEA,0x7E,0x00}},
	{0x5B8D, {0x10,0xFE,0x82,0x10,0xFE,0x00,0x28,0x24,0x44,0x42,0x82,0x00}},
	{0x96EB, {0x7C,0x10,0xFE,0x92,0xB6,0x00,0xFE,0x10,0x18,0x14,0x10,0x00}},
	{0x4E03, {0x20,0x20,0x20,0x26,0x38,0xE0,0x20,0x20,0x22,0x22,0x1E,0x00}},
	{0x53F1, {0x10,0xF0,0xB0,0xB2,0xB4,0xB8,0xB0,0xF0,0x12,0x12,0x1E,0x00}},
	{0x57F7, {0x28,0xF8,0x2C,0xFC,0x5C,0x5C,0xFC,0x2C,0xF4,0x24,0x26,0x00}},
	{0x5931, {0x10,0x50,0x7C,0x50,0x90,0xFE,0x10,0x28,0x28,0x44,0x82,0x00}},
	{0x5AC9, {0x44,0x5E,0x50,0xF4,0xBC,0xBE,0xD4,0x5E,0x74,0x94,0xAA,0x00}},
	{0x5BA4, {0x10,0xFE,0x82,0x7C,0x10,0x28,0x74,0x10,0x7C,0x10,0xFE,0x00}},
	{0x6089, {0x0C,0x70,0x54,0x10,0xFE,0x38,0x54,0x92,0x44,0xCA,0xBA,0x00}},
	{0x6E7F, {0xBE,0x22,0x3E,0xA2,0x3E,0x14,0x14,0xB6,0x94,0x94,0xBE,0x00}},
	{0x6F06, {0x88,0x3E,0x1C,0xAA,0x14,0x22,0x08,0xAA,0x9C,0xAA,0x98,0x00}},
	{0x75BE, {0x08,0x7E,0x50,0xDC,0x68,0x48,0xFE,0x48,0x48,0x54,0xA2,0x00}},
	{0x8CEA, {0x6C,0x48,0x6E,0xB4,0x24,0x7C,0x44,0x7C,0x44,0x7C,0x82,0x00}},
	{0x5B9F, {0x10,0xFE,0x92,0x7C,0x10,0x7C,0x10,0xFE,0x10,0x28,0xC6,0x00}},
	{0x8500, {0x28,0xFE,0x20,0xFE,0x56,0x54,0xFE,0x06,0x76,0x54,0x74,0x00}},
	{0x7BE0, {0x48,0x6E,0xB4,0x26,0x4A,0x64,0xEA,0x7E,0x6C,0x56,0x44,0x00}},
	{0x5072, {0x3E,0x2A,0x7E,0x6A,0xEA,0x7E,0x40,0x54,0x50,0x72,0x6E,0x00}},
	{0x67F4, {0x24,0xB6,0xA4,0xB4,0xC6,0x10,0xFE,0x38,0x54,0x92,0x10,0x00}},
	{0x829D, {0x28,0xFE,0x28,0x10,0x7C,0x04,0x08,0x50,0x60,0x40,0xBE,0x00}},
	{0x5C61, {0x7E,0x42,0x7E,0x6A,0x5C,0x6A,0x48,0x7E,0x54,0x4C,0xB2,0x00}},
	{0x854A, {0x28,0xFE,0x28,0x54,0xCA,0xBA,0x00,0x24,0x48,0xDA,0xB6,0x00}},
	{0x7E1E, {0x48,0x7E,0x94,0xDC,0x40,0xBE,0xE2,0x7E,0xF6,0x7E,0x62,0x00}},
	{0x820E, {0x10,0x28,0x54,0xBA,0x10,0xFE,0x00,0x7C,0x44,0x44,0x7C,0x00}},
	{0x5199, {0xFE,0x82,0x40,0x7C,0x40,0x78,0x08,0xFE,0x08,0x08,0x30,0x00}},
	{0x5C04, {0x22,0x72,0x5E,0x72,0x52,0x7A,0x56,0xF2,0x32,0x52,0xB6,0x00}},
	{0x6368, {0x48,0x54,0xEA,0x5C,0x48,0x7E,0xC0,0x5C,0x54,0x54,0xDC,0x00}},
	{0x8D66, {0x24,0x74,0x26,0x2A,0xFA,0x5A,0x5A,0xD4,0x54,0x5A,0xB2,0x00}},
	{0x659C, {0x22,0x52,0x86,0x72,0x22,0xF6,0x22,0xB2,0xBE,0x22,0x62,0x00}},
	{0x716E, {0x10,0x7A,0x14,0xFE,0x24,0x7C,0xA4,0x3C,0x00,0x54,0xAA,0x00}},
	{0x793E, {0x44,0x44,0xE4,0x2E,0x44,0x44,0xE4,0x44,0x44,0x44,0x5E,0x00}},
	{0x7D17, {0x48,0x48,0xAC,0xEA,0x4A,0x88,0xDA,0x42,0xC4,0x48,0x70,0x00}},
	{0x8005, {0x10,0x10,0x7A,0x14,0xFE,0x20,0x7C,0xA4,0x3C,0x24,0x3C,0x00}},
	{0x8B1D, {0xD2,0x3A,0xEE,0x3A,0xEA,0x3E,0xEE,0x3A,0xDA,0xEA,0xDA,0x00}},
	{0x8ECA, {0x10,0xFE,0x10,0x7C,0x54,0x7C,0x54,0x7C,0x10,0xFE,0x10,0x00}},
	{0x906E, {0x88,0x3E,0x20,0x2A,0x3E,0xEA,0x6E,0x40,0x6A,0x40,0xBE,0x00}},
	{0x86C7, {0x44,0x5E,0xF2,0xA8,0xAA,0xAC,0xE8,0x48,0x4A,0x6A,0xCE,0x00}},
	{0x90AA, {0xFE,0xAA,0xAA,0xAC,0xAA,0xFA,0x2A,0x6A,0xAC,0x28,0x68,0x00}},
	{0x501F, {0x54,0x7E,0x54,0x54,0xFE,0x40,0x5C,0x54,0x5C,0x54,0x5C,0x00}},
	{0x52FA, {0x40,0x7E,0x42,0xA2,0x12,0x12,0x12,0x02,0x02,0x02,0x0C,0x00}},
	{0x5C3A, {0x7C,0x44,0x44,0x7C,0x48,0x48,0x48,0x48,0x44,0x44,0x82,0x00}},
	{0x6753, {0x50,0x5E,0xE2,0x42,0x52,0xCA,0xCA,0xC2,0x42,0x42,0x4C,0x00}},
	{0x707C, {0x50,0x5E,0x62,0xC2,0xD2,0xCA,0x4A,0x42,0x62,0xA2,0x8C,0x00}},
	{0x7235, {0xFE,0x54,0xFE,0xAA,0xFE,0x02,0xEE,0xA2,0xEA,0x82,0xE6,0x00}},
	{0x914C, {0xE8,0x4E,0x52,0xE2,0xF2,0xEA,0xAA,0xA2,0xE2,0xA2,0xEC,0x00}},
	{0x91C8, {0x1E,0xEA,0x2A,0xAA,0x2E,0xFC,0x2C,0x6C,0xAA,0x32,0x22,0x00}},
	{0x932B, {0x5E,0xB2,0x1E,0xF2,0x5E,0xE8,0x4E,0xEA,0xD6,0x6A,0xD6,0x00}},
	{0x82E5, {0x28,0xFE,0x28,0x10,0xFE,0x20,0x3C,0x64,0xA4,0x24,0x3C,0x00}},
	{0x5BC2, {0x10,0xFE,0xA2,0x36,0x22,0xFA,0x2A,0xB4,0xB4,0x2A,0x6A,0x00}},
	{0x5F31, {0xEE,0x22,0xEE,0x88,0xEE,0x22,0xAA,0x66,0xAA,0x22,0x66,0x00}},
	{0x60F9, {0x28,0xFE,0x10,0xFE,0x20,0x7C,0xA4,0x3C,0x50,0xCA,0xBA,0x00}},
	{0x4E3B, {0x20,0x10,0xFE,0x10,0x10,0x10,0x7C,0x10,0x10,0x10,0xFE,0x00}},
	{0x53D6, {0xF0,0x5E,0x72,0x5A,0x5A,0x74,0x54,0x54,0x7A,0xD2,0x10,0x00}},
	{0x5B88, {0x10,0xFE,0x82,0x08,0xFE,0x08,0x48,0x28,0x08,0x08,0x18,0x00}},
	{0x624B, {0x0C,0x70,0x10,0x7C,0x10,0x10,0xFE,0x10,0x10,0x10,0x30,0x00}},
	{0x6731, {0x10,0x50,0x7C,0x90,0x10,0xFE,0x10,0x38,0x54,0x92,0x10,0x00}},
	{0x6B8A, {0xE4,0x54,0x5E,0x74,0xA4,0xBE,0x64,0x24,0x2C,0x56,0x84,0x00}},
	{0x72E9, {0xA4,0xBE,0x52,0x44,0xBE,0x24,0x64,0xB4,0x24,0x24,0xCC,0x00}},
	{0x73E0, {0xC8,0x58,0x5C,0x68,0xC8,0x7E,0x48,0x48,0xDC,0x2A,0x08,0x00}},
	{0x7A2E, {0x24,0xD8,0x7E,0x48,0xFE,0x6A,0x7E,0xC8,0xDC,0x48,0x7E,0x00}},
	{0x816B, {0xE2,0xAC,0xBE,0xE4,0xBE,0xB6,0xFE,0xA4,0xAE,0xA4,0xBE,0x00}},
	{0x8DA3, {0x5C,0xF8,0x5E,0x5A,0xFA,0x5C,0x5C,0xFA,0xC8,0xC0,0xBE,0x00}},
	{0x9152, {0xBE,0x54,0x14,0xBE,0x76,0x36,0x36,0x62,0x7E,0xA2,0xBE,0x00}},
	{0x9996, {0x44,0x08,0xFE,0x10,0x7C,0x44,0x7C,0x44,0x7C,0x44,0x7C,0x00}},
	{0x5112, {0x5C,0x48,0x7E,0x6A,0xC0,0x7E,0x48,0x7E,0x6A,0x6A,0x6A,0x00}},
	{0x53D7, {0x06,0xF8,0x54,0xFE,0x82,0x7C,0x04,0x28,0x10,0x28,0xC6,0x00}},
	{0x546A, {0x1E,0xF2,0xB2,0xB2,0xBE,0xAC,0xAC,0xEC,0x0C,0x14,0x26,0x00}},
	{0x5BFF, {0x10,0x7C,0x10,0x7C,0x10,0xFE,0x24,0xFE,0x24,0x54,0x8C,0x00}},
	{0x6388, {0x46,0x78,0xEA,0x7E,0x62,0x5C,0xC4,0x54,0x48,0x54,0xE2,0x00}},
	{0x6A39, {0x52,0x7A,0xD6,0x7A,0x42,0xFE,0xEA,0xFA,0x52,0x5A,0x76,0x00}},
	{0x7DAC, {0x46,0x58,0xAA,0xFE,0x62,0x9C,0xC4,0x54,0xC8,0x54,0x62,0x00}},
	{0x9700, {0x7C,0x10,0xFE,0x92,0x24,0xFE,0x10,0xFE,0xAA,0xAA,0xAA,0x00}},
	{0x56DA, {0xFE,0x82,0x92,0x92,0x92,0x92,0xAA,0xAA,0xC6,0x82,0xFE,0x00}},
	{0x53CE, {0x2E,0xA2,0xAA,0xAA,0xAA,0xAA,0xA4,0xE4,0xA4,0x2A,0x32,0x00}},
	{0x5468, {0x7E,0x52,0x52,0x7A,0x52,0x7E,0x42,0x7A,0x6A,0x7A,0x86,0x00}},
	{0x5B97, {0x10,0xFE,0x82,0x7C,0x00,0xFE,0x10,0x54,0x52,0x92,0x30,0x00}},
	{0x5C31, {0x24,0xF6,0x04,0x7E,0x54,0x74,0x24,0xB4,0xB4,0x2A,0x6A,0x00}},
	{0x5DDE, {0x52,0x52,0x52,0xF6,0xF6,0xF6,0x52,0x52,0x52,0x52,0x92,0x00}},
	{0x4FEE, {0x28,0x2E,0x5A,0x64,0xFA,0x64,0x6A,0x64,0x6A,0x44,0x58,0x00}},
	{0x6101, {0x74,0x24,0xF6,0x2C,0x74,0xA4,0x2A,0x00,0x54,0xCA,0xBA,0x00}},
	{0x62FE, {0x48,0x54,0xE2,0x5C,0x40,0x40,0xDE,0x52,0x52,0x52,0xDE,0x00}},
	{0x6D32, {0xAA,0x2A,0x2A,0xBE,0x7E,0x7E,0x2A,0xAA,0xAA,0xAA,0xCA,0x00}},
	{0x79C0, {0x0C,0x70,0x10,0xFE,0x54,0x92,0x78,0x28,0x2C,0x44,0x8C,0x00}},
	{0x79CB, {0x28,0xC8,0x48,0x6A,0xEC,0x48,0x48,0xC8,0xD4,0x54,0x62,0x00}},
	{0x7D42, {0x48,0x4C,0x94,0xC8,0x54,0xA2,0xC8,0x44,0xC0,0x58,0x44,0x00}},
	{0x7E4D, {0x48,0x5E,0x8A,0xDE,0x48,0xAA,0xFE,0x6A,0xFE,0x6A,0x4A,0x00}},
	{0x7FD2, {0xEE,0x22,0xAA,0x66,0xAA,0x10,0x7C,0x44,0x7C,0x44,0x7C,0x00}},
	{0x81ED, {0x10,0x7C,0x44,0x7C,0x44,0x7C,0x10,0xFE,0x10,0x28,0xC6,0x00}},
	{0x821F, {0x10,0x7C,0x44,0x54,0x44,0xFE,0x54,0x54,0x54,0x44,0x8C,0x00}},
	{0x8490, {0x28,0xFE,0x10,0x7C,0x54,0x7C,0x54,0x7C,0x36,0x30,0xDE,0x00}},
	{0x8846, {0x20,0x7C,0x54,0x54,0xFE,0x18,0x52,0x9A,0x14,0x54,0x92,0x00}},
	{0x8972, {0x26,0xF4,0x56,0xF2,0x56,0x74,0x56,0xFE,0x6A,0xA4,0x32,0x00}},
	{0x8B90, {0x54,0x7E,0xEC,0x6C,0x7E,0x00,0x7C,0x00,0x7C,0x44,0x7C,0x00}},
	{0x8E74, {0xD6,0xFC,0xC4,0xFE,0x6C,0x7C,0xD4,0xFC,0xD4,0xDA,0xF2,0x00}},
	{0x8F2F, {0x5C,0xD4,0x5C,0xC0,0xFE,0xD4,0xDC,0xD4,0x5E,0xF4,0x44,0x00}},
	{0x9031, {0xBE,0x22,0x2A,0x3E,0x2A,0xFE,0x62,0x7A,0x5A,0x40,0xBE,0x00}},
	{0x914B, {0x44,0x08,0xFE,0x28,0xFE,0xAA,0xCE,0x82,0xFE,0x82,0xFE,0x00}},
	{0x916C, {0xEA,0x4A,0x4A,0xFE,0xFE,0xFE,0xAA,0xAA,0xEA,0xAA,0xEA,0x00}},
	{0x96C6, {0x28,0x3E,0x50,0xFC,0x50,0x7E,0x10,0xFE,0x38,0x54,0x92,0x00}},
	{0x919C, {0xE8,0x5E,0x5A,0xFE,0xFA,0xFE,0xAC,0xAE,0xEE,0xB4,0xE6,0x00}},
	{0x4EC0, {0x24,0x24,0x44,0x44,0xDE,0x44,0x44,0x44,0x44,0x44,0x44,0x00}},
	{0x4F4F, {0x28,0x24,0x5E,0x44,0xC4,0x44,0x4E,0x44,0x44,0x44,0x5E,0x00}},
	{0x5145, {0x10,0xFE,0x10,0x20,0x44,0x7C,0x28,0x28,0x2A,0x4A,0x8E,0x00}},
	{0x5341, {0x10,0x10,0x10,0x10,0xFE,0x10,0x10,0x10,0x10,0x10,0x10,0x00}},
	{0x5F93, {0x52,0x4A,0x84,0x3E,0x44,0x44,0xD6,0x54,0x54,0x54,0x6E,0x00}},
	{0x620E, {0x0A,0x08,0xFE,0x08,0x48,0x4A,0xEA,0x44,0x44,0x8C,0x32,0x00}},
	{0x67D4, {0x7C,0x08,0xFE,0x32,0x54,0xB0,0x10,0xFE,0x38,0x54,0x92,0x00}},
	{0x6C41, {0x88,0x48,0x08,0x88,0x7E,0x08,0x08,0x48,0x48,0x88,0x88,0x00}},
	{0x6E0B, {0x84,0x56,0x14,0x94,0x3E,0x00,0x22,0x54,0x40,0x94,0xA2,0x00}},
	{0x7363, {0xD4,0x26,0xF4,0xFE,0xF4,0x04,0xF4,0x04,0xF4,0x9A,0xFA,0x00}},
	{0x7E26, {0x5A,0x52,0xA0,0xCE,0x54,0xB4,0xD4,0x56,0xD4,0x5C,0x56,0x00}},
	{0x91CD, {0x0C,0x70,0xFE,0x54,0x7C,0x54,0x7C,0x10,0x7C,0x10,0xFE,0x00}},
	{0x9283, {0x48,0xBE,0x08,0xF0,0x52,0xFE,0x54,0xF4,0xD4,0x64,0xC6,0x00}},
	{0x53D4, {0x2E,0x22,0x3A,0x2A,0xFA,0x24,0x24,0xB4,0xAA,0x2A,0x6A,0x00}},
	{0x5919, {0x7C,0x44,0x7C,0x54,0x5C,0x6C,0x6C,0x5C,0x4C,0x54,0xA6,0x00}},
	{0x5BBF, {0x10,0xFE,0x82,0x3E,0x48,0x5E,0xD2,0x5E,0x52,0x52,0x5E,0x00}},
	{0x6DD1, {0x96,0x52,0x1A,0x92,0x7A,0x14,0x34,0xB4,0xDA,0x9A,0xB2,0x00}},
	{0x795D, {0x5E,0x52,0xF2,0x32,0x5E,0x4C,0xEC,0x4C,0x4C,0x54,0x56,0x00}},
	{0x7E2E, {0x48,0x7E,0xA2,0xDE,0x64,0xAE,0xEA,0x6E,0xEA,0x6A,0x6E,0x00}},
	{0x7C9B, {0x10,0x7C,0x14,0xFE,0x14,0xFC,0x56,0x7A,0x5E,0x7A,0x96,0x00}},
	{0x587E, {0x28,0xFC,0x54,0x74,0x2C,0xB4,0x66,0x10,0x7C,0x10,0xFE,0x00}},
	{0x719F, {0x28,0xFC,0x74,0x54,0x74,0x2C,0xB4,0x66,0x00,0x54,0xAA,0x00}},
	{0x51FA, {0x10,0x92,0x92,0x92,0xFE,0x10,0x10,0x92,0x92,0x92,0xFE,0x00}},
	{0x8853, {0x56,0x50,0xB8,0x16,0x52,0x7A,0xFA,0x7A,0x52,0x52,0x56,0x00}},
	{0x8FF0, {0x8A,0x08,0x3E,0x08,0x08,0xDC,0x5A,0x6A,0x48,0x40,0xBE,0x00}},
	{0x4FCA, {0x28,0x32,0x5E,0x54,0xE6,0x50,0x5C,0x74,0x48,0x54,0x62,0x00}},
	{0x5CFB, {0x48,0x52,0x7E,0x54,0xE6,0xD0,0xDC,0xF4,0xC8,0x14,0x22,0x00}},
	{0x6625, {0x10,0x7C,0x10,0x7C,0x28,0xFE,0x7C,0xAA,0x38,0x28,0x38,0x00}},
	{0x77AC, {0x1E,0xF4,0xBE,0xF2,0xA4,0xFE,0xAC,0xBC,0xEE,0x14,0x24,0x00}},
	{0x7AE3, {0x48,0x52,0xFE,0x34,0xA6,0xA8,0xAC,0x74,0x48,0xD4,0x22,0x00}},
	{0x821C, {0x0E,0xF0,0x54,0xFE,0x82,0x74,0x5E,0xD4,0x3E,0x44,0x84,0x00}},
	{0x99FF, {0xE8,0x92,0xDE,0x94,0xE6,0x88,0xEC,0x34,0xA8,0xB4,0x62,0x00}},
	{0x51C6, {0x14,0x94,0x5E,0x34,0x1E,0x14,0x54,0x5E,0x94,0x94,0x1E,0x00}},
	{0x5FAA, {0x42,0x5C,0x94,0x1E,0x54,0x5E,0xDA,0x5E,0x5A,0x6A,0x4E,0x00}},
	{0x65EC, {0x40,0x7E,0x82,0x7A,0x4A,0x7A,0x4A,0x4A,0x7A,0x02,0x0C,0x00}},
	{0x696F, {0x42,0x5C,0xD4,0x5E,0x54,0xDE,0xDA,0xDE,0x5A,0x6A,0x4E,0x00}},
	{0x6B89, {0xE8,0x4E,0x52,0x7A,0xAA,0xBA,0x6A,0x2A,0x3A,0x42,0x8C,0x00}},
	{0x6DF3, {0x88,0x7E,0x1C,0x94,0x5C,0x00,0x1C,0x44,0x7E,0x88,0x98,0x00}},
	{0x6E96, {0x94,0x1E,0xB4,0x1E,0x54,0x9E,0x10,0xFE,0x10,0x10,0x10,0x00}},
	{0x6F64, {0xB6,0x36,0x36,0xB6,0x22,0x3E,0x2A,0xBE,0xAA,0xBE,0xA2,0x00}},
	{0x76FE, {0x06,0x78,0x48,0x7E,0x48,0x5E,0x52,0x5E,0x52,0x52,0x9E,0x00}},
	{0x7D14, {0x48,0x4E,0xB8,0xC8,0x6A,0xAA,0xFE,0x48,0xC8,0x4A,0x4E,0x00}},
	{0x5DE1, {0xAA,0x2A,0x2A,0x2A,0x54,0xEA,0x6A,0x6A,0x6A,0x40,0xBE,0x00}},
	{0x9075, {0x94,0x3E,0x14,0x3E,0x3E,0xC4,0x7E,0x54,0x4C,0x40,0xBE,0x00}},
	{0x9187, {0xE4,0x5E,0x4E,0xEA,0xEE,0xE0,0xAE,0xA2,0xFE,0xA4,0xEC,0x00}},
	{0x9806, {0x5E,0x54,0x7E,0x7A,0x7E,0x7A,0x7E,0x7A,0x5E,0x50,0x9A,0x00}},
	{0x51E6, {0x40,0x5C,0x74,0x54,0x54,0x54,0xB4,0x26,0x20,0x50,0x8E,0x00}},
	{0x521D, {0x5E,0x4A,0xEA,0x2A,0x4A,0x4A,0xEA,0x6A,0x4A,0x52,0x56,0x00}},
	{0x6240, {0xF2,0x0C,0x78,0x58,0x5E,0x5A,0x7A,0x4A,0x4A,0x52,0x82,0x00}},
	{0x6691, {0x7C,0x44,0x7C,0x10,0x7A,0x14,0xFE,0x24,0x7C,0xA4,0x3C,0x00}},
	{0x66D9, {0x1E,0xF6,0xBE,0xA4,0xEE,0xA4,0xBE,0xAA,0xEE,0x1A,0x0E,0x00}},
	{0x6E1A, {0x88,0x4A,0x1C,0x88,0x3E,0x10,0x1E,0x72,0x5E,0x92,0x9E,0x00}},
	{0x5EB6, {0x08,0x7E,0x40,0x54,0x7E,0x54,0x54,0x5C,0x40,0x54,0xAA,0x00}},
	{0x7DD2, {0x48,0x4A,0x9C,0xC8,0x7E,0x90,0xDE,0x72,0xDE,0x52,0x5E,0x00}},
	{0x7F72, {0xFE,0xAA,0xFE,0x10,0x7A,0x14,0xFE,0x24,0x7C,0xA4,0x3C,0x00}},
	{0x66F8, {0x10,0x7C,0x14,0xFE,0x14,0x7C,0x10,0xFE,0x7C,0x44,0x7C,0x00}},
	{0x85AF, {0x28,0xFE,0x28,0xFE,0xAA,0xFE,0x18,0xFE,0x7C,0xA4,0x3C,0x00}},
	{0x85F7, {0x28,0xFE,0x28,0xCA,0x1C,0xC8,0x3E,0xD0,0x3E,0xD2,0xDE,0x00}},
	{0x8AF8, {0xC8,0x0A,0xDC,0x08,0xFE,0x10,0xDE,0x32,0xDE,0xD2,0xDE,0x00}},
	{0x52A9, {0x74,0x54,0x5E,0x76,0x56,0x56,0x76,0x5A,0x5A,0x72,0xC6,0x00}},
	{0x53D9, {0x2E,0x52,0x82,0x7A,0x2A,0xFA,0x24,0xB4,0xB4,0x2A,0x6A,0x00}},
	{0x5973, {0x10,0x10,0x10,0xFE,0x24,0x24,0x48,0x68,0x18,0x24,0xC2,0x00}},
	{0x5E8F, {0x08,0x7E,0x40,0x7C,0x54,0x48,0x7E,0x4A,0x48,0x48,0x98,0x00}},
	{0x5F90, {0x48,0x54,0xA2,0x1C,0x48,0x7E,0xC8,0x6A,0x6A,0x48,0x58,0x00}},
	{0x6055, {0x20,0xFE,0x5A,0x5A,0x3A,0xCE,0x00,0x54,0x42,0xCA,0xBA,0x00}},
	{0x92E4, {0x44,0xBC,0x2E,0xFE,0x6E,0xEE,0x7E,0xEE,0xEA,0x72,0xC6,0x00}},
	{0x9664, {0xC8,0xD4,0xE2,0x9C,0xC8,0xFE,0xC8,0xEA,0xAA,0x88,0x98,0x00}},
	{0x50B7, {0x28,0x2E,0x5A,0x4E,0xCA,0x5E,0x48,0x4E,0x56,0x4A,0x56,0x00}},
	{0x511F, {0x2A,0x3E,0x62,0x5C,0xD4,0x7E,0x7E,0x62,0x7E,0x40,0x62,0x00}},
	{0x52DD, {0xE4,0xB6,0xA4,0xFE,0xAC,0xB2,0xE8,0xBE,0xAA,0xAA,0xB6,0x00}},
	{0x5320, {0xFE,0x84,0xB8,0xA0,0xBE,0xA8,0xA8,0xC8,0x88,0x80,0xFE,0x00}},
	{0x5347, {0x14,0x64,0x24,0x24,0xFE,0x24,0x24,0x24,0x24,0x44,0x84,0x00}},
	{0x53EC, {0xFE,0x12,0x12,0x22,0x4C,0x80,0x7E,0x42,0x42,0x42,0x7E,0x00}},
	{0x54E8, {0x1A,0xEA,0xA8,0xBE,0xB2,0xBE,0xB2,0xFE,0x12,0x12,0x16,0x00}},
	{0x5546, {0x10,0xFE,0x44,0xFE,0xAA,0xAE,0xC2,0xBA,0xAA,0xBA,0x86,0x00}},
	{0x5531, {0x0E,0xEA,0xAE,0xAA,0xAE,0xA0,0xBE,0xF2,0x1E,0x12,0x1E,0x00}},
	{0x5617, {0x54,0x10,0xFE,0xAA,0x78,0x42,0x7E,0x44,0x7C,0x44,0x7C,0x00}},
	{0x5968, {0x5E,0xEA,0x44,0x7E,0xD4,0x4C,0x10,0xFE,0x10,0x28,0xC6,0x00}},
	{0x59BE, {0x10,0x7C,0x28,0x28,0xFE,0x10,0xFE,0x24,0x68,0x18,0xE6,0x00}},
	{0x5A3C, {0x5E,0x52,0x5E,0xF2,0xBE,0xA0,0xDE,0x52,0x5E,0xB2,0x9E,0x00}},
	{0x5BB5, {0x10,0xFE,0x92,0x54,0x7C,0x44,0x7C,0x44,0x7C,0x44,0x4C,0x00}},
	{0x5C06, {0x46,0x78,0x6A,0xC0,0x44,0x7E,0x44,0xD4,0x4C,0x44,0x4C,0x00}},
	{0x5C0F, {0x10,0x10,0x10,0x54,0x54,0x52,0x52,0x92,0x10,0x10,0x30,0x00}},
	{0x5C11, {0x10,0x10,0x54,0x52,0x52,0x90,0x34,0x04,0x08,0x30,0xC0,0x00}},
	{0x5C1A, {0x10,0x92,0x54,0x10,0xFE,0x82,0xBA,0xAA,0xAA,0xBA,0x86,0x00}},
	{0x5E84, {0x08,0x7E,0x40,0x48,0x48,0x5C,0x48,0x48,0x48,0x48,0xBE,0x00}},
	{0x5E8A, {0x08,0x7E,0x40,0x48,0x7E,0x48,0x5C,0x5C,0x6A,0x48,0x88,0x00}},
	{0x5EE0, {0x08,0x7E,0x40,0x6C,0x56,0x7A,0x7A,0x7C,0x7C,0x6A,0xAA,0x00}},
	{0x5F70, {0x22,0xFA,0x54,0xF8,0x52,0x72,0x54,0x70,0x22,0xFA,0x24,0x00}},
	{0x627F, {0x38,0x08,0x10,0x3A,0xD4,0x78,0x54,0x7C,0x54,0x92,0x30,0x00}},
	{0x6284, {0x48,0x48,0xEC,0x6A,0x4A,0x48,0xDA,0x42,0x44,0x48,0xF0,0x00}},
	{0x62DB, {0x5E,0x4A,0xCA,0x4A,0x56,0x40,0xDE,0x52,0x52,0x52,0xDE,0x00}},
	{0x638C, {0x54,0x10,0xFE,0xAA,0x38,0x10,0x7C,0x10,0xFE,0x10,0x30,0x00}},
	{0x6377, {0x44,0x5E,0xC4,0x5E,0x46,0x5E,0xC4,0x56,0x54,0x54,0xEE,0x00}},
	{0x6607, {0x7C,0x44,0x7C,0x44,0x7C,0x28,0x68,0xFE,0x28,0x28,0x48,0x00}},
	{0x660C, {0x7C,0x44,0x7C,0x44,0x7C,0x00,0xFE,0x82,0xFE,0x82,0xFE,0x00}},
	{0x662D, {0x1E,0xEA,0xAA,0xAA,0xF6,0xA0,0xBE,0xB2,0xF2,0x12,0x1E,0x00}},
	{0x6676, {0x7C,0x44,0x7C,0x44,0x7C,0x00,0xEE,0xAA,0xEE,0xAA,0xEE,0x00}},
	{0x677E, {0x54,0x54,0xD4,0x62,0x48,0xC8,0xC8,0xD0,0x54,0x54,0x7A,0x00}},
	{0x68A2, {0x6A,0x6A,0xC8,0x5E,0x52,0xDE,0xD2,0xDE,0x52,0x52,0x56,0x00}},
	{0x6A1F, {0x48,0x7E,0xD4,0x7E,0x54,0xDC,0xD4,0xDC,0x48,0x7E,0x48,0x00}},
	{0x6A35, {0x54,0x5E,0xF4,0x5E,0x54,0xDE,0xD4,0xDE,0x40,0x54,0x6A,0x00}},
	{0x6CBC, {0x9E,0x4A,0x0A,0x8A,0x56,0x00,0x1E,0x52,0x52,0x92,0x9E,0x00}},
	{0x6D88, {0xAA,0x2A,0x08,0xBE,0x22,0x3E,0x22,0xBE,0xA2,0xA2,0xA6,0x00}},
	{0x6E09, {0x88,0x2C,0x28,0xA8,0x7E,0x08,0x2A,0xDA,0x84,0x88,0xB0,0x00}},
	{0x6E58, {0xAE,0x2A,0x7A,0xAE,0x2A,0x6A,0x7E,0xEA,0xAA,0xAA,0xAE,0x00}},
	{0x713C, {0x48,0x5C,0x48,0xD4,0xFE,0xD4,0x40,0x7E,0x54,0x94,0xA6,0x00}},
	{0x7126, {0x28,0x3E,0x50,0xFC,0x50,0x7C,0x50,0x7E,0x00,0x54,0xAA,0x00}},
	{0x7167, {0xFE,0xAA,0xAA,0xF6,0xA0,0xAE,0xAA,0xEE,0x00,0x54,0xAA,0x00}},
	{0x75C7, {0x08,0x7E,0x40,0xDE,0x44,0x44,0xD6,0x54,0x54,0x54,0xBE,0x00}},
	{0x7701, {0x10,0x54,0x92,0x14,0x3E,0xC2,0x7E,0x42,0x7E,0x42,0x7E,0x00}},
	{0x785D, {0x2A,0xEA,0x48,0x5E,0x52,0x9E,0x72,0x5E,0x52,0x72,0x16,0x00}},
	{0x7901, {0x14,0xDE,0x74,0x5E,0x54,0x9E,0x74,0x7E,0x60,0x14,0x2A,0x00}},
	{0x7965, {0x4A,0x44,0xFE,0x24,0x44,0x4E,0xE4,0x44,0x5E,0x44,0x44,0x00}},
	{0x79F0, {0x30,0xDE,0x68,0x48,0xDC,0x5A,0x5A,0xEA,0xC8,0x48,0x58,0x00}},
	{0x7AE0, {0x10,0x7C,0x28,0xFE,0x44,0x7C,0x44,0x7C,0x10,0xFE,0x10,0x00}},
	{0x7B11, {0x48,0x6E,0xB4,0x08,0x70,0x10,0xFE,0x10,0x28,0x44,0x82,0x00}},
	{0x7CA7, {0x44,0xDE,0xD0,0x54,0xD4,0x5E,0xD4,0xD4,0xD4,0x64,0x5E,0x00}},
	{0x7D39, {0x5E,0x4A,0x8A,0xCA,0x56,0xA0,0xDE,0x52,0xF2,0x52,0x5E,0x00}},
	{0x8096, {0x92,0x54,0x10,0xFE,0x82,0xFE,0x82,0xFE,0x82,0x82,0x86,0x00}},
	{0x83D6, {0x28,0xFE,0x28,0x7C,0x44,0x7C,0xFE,0x82,0xFE,0x82,0xFE,0x00}},
	{0x848B, {0x28,0xFE,0x28,0x46,0x78,0xEA,0x44,0x7E,0xC4,0x54,0x4C,0x00}},
	{0x8549, {0x28,0xFE,0x28,0x7E,0xD0,0x7C,0x50,0x7E,0x00,0x54,0xAA,0x00}},
	{0x885D, {0x46,0x78,0x90,0x3E,0x7A,0x7A,0xD2,0x7A,0x52,0x5A,0x76,0x00}},
	{0x88F3, {0x54,0x10,0xFE,0xAA,0xBA,0x10,0xFE,0x28,0x6A,0xA4,0x32,0x00}},
	{0x8A1F, {0xD4,0x14,0xD4,0x22,0xC8,0x08,0xC8,0x10,0xD4,0xD4,0xFA,0x00}},
	{0x8A3C, {0xDE,0x04,0xC4,0x04,0xD4,0x16,0xD4,0x14,0xD4,0xD4,0xFE,0x00}},
	{0x8A54, {0xDE,0x0A,0xCA,0x0A,0xD6,0x00,0xDE,0x12,0xD2,0xD2,0xDE,0x00}},
	{0x8A73, {0xD4,0x08,0xFE,0x08,0xC8,0x1C,0xC8,0x08,0xFE,0xC8,0xC8,0x00}},
	{0x8C61, {0x38,0x48,0xFC,0x54,0x7C,0xD2,0x2C,0xD8,0x2C,0xCA,0x30,0x00}},
	{0x8CDE, {0x54,0x10,0xFE,0xAA,0x38,0x7C,0x44,0x7C,0x44,0x7C,0x82,0x00}},
	{0x91A4, {0x5E,0xEA,0x44,0x7E,0xD4,0x4C,0xFE,0x7C,0x6C,0x44,0x7C,0x00}},
	{0x9266, {0x5E,0xA4,0x04,0xE4,0x54,0xF6,0x54,0xF4,0xD4,0x74,0xDE,0x00}},
	{0x937E, {0x42,0xAC,0x1E,0xE4,0x5E,0xF6,0x5E,0xE4,0xCE,0x64,0xDE,0x00}},
	{0x9418, {0x48,0xBE,0x14,0xD4,0x7E,0xDC,0x5C,0xC8,0xDC,0x48,0xFE,0x00}},
	{0x969C, {0xC8,0xFE,0xD4,0xBE,0xD4,0xDC,0xD4,0xDC,0x88,0xBE,0x88,0x00}},
	{0x9798, {0xAA,0xEA,0xA8,0xFE,0x52,0xFE,0xF2,0x5E,0xF2,0x52,0x56,0x00}},
	{0x4E0A, {0x10,0x10,0x10,0x1C,0x10,0x10,0x10,0x10,0x10,0x10,0xFE,0x00}},
	{0x4E08, {0x08,0x08,0xFE,0x08,0x28,0x28,0x28,0x10,0x10,0x28,0xC6,0x00}},
	{0x4E1E, {0x7C,0x08,0x12,0xD4,0x58,0x54,0x54,0x92,0x30,0x00,0xFE,0x00}},
	{0x4E57, {0x0C,0x70,0x10,0xFE,0x54,0xFE,0x54,0xFE,0x38,0x54,0x92,0x00}},
	{0x5197, {0xFE,0x82,0xBA,0x28,0x28,0x28,0x28,0x28,0x4A,0x4A,0x8E,0x00}},
	{0x5270, {0x12,0x62,0x22,0xFA,0x52,0xFA,0x52,0xFA,0x22,0x72,0xAA,0x00}},
	{0x57CE, {0x4A,0x48,0x7E,0xE4,0x7C,0x6C,0x6C,0x6E,0xF4,0x24,0x4A,0x00}},
	{0x5834, {0x5C,0x54,0x5C,0xD4,0x7E,0x50,0x5E,0x6A,0xD6,0x2A,0x16,0x00}},
	{0x58CC, {0x48,0x7E,0x54,0xE2,0x54,0x7E,0x54,0x7E,0xDA,0x34,0x1A,0x00}},
	{0x5B22, {0x88,0xBE,0x94,0xE2,0xD4,0xFE,0xD4,0x7E,0x5A,0xB4,0x9A,0x00}},
	{0x5E38, {0x54,0x10,0xFE,0xAA,0x38,0x10,0xFE,0x92,0x92,0x96,0x10,0x00}},
	{0x60C5, {0x48,0x5C,0xC8,0xDC,0xC8,0x7E,0x54,0x5C,0x54,0x5C,0x54,0x00}},
	{0x64FE, {0x7E,0x48,0xDC,0x54,0x7E,0x6A,0xD4,0x5E,0x74,0x48,0xF6,0x00}},
	{0x6761, {0x20,0x3C,0x64,0x18,0xE6,0x10,0xFE,0x38,0x54,0x92,0x10,0x00}},
	{0x6756, {0x44,0x44,0xFE,0x44,0x54,0xD4,0xD4,0xC8,0x48,0x54,0x62,0x00}},
	{0x6D44, {0x9C,0x14,0x24,0xBE,0x0A,0x7E,0x0A,0xBE,0x88,0x88,0x98,0x00}},
	{0x72B6, {0x48,0x4A,0x48,0xFE,0x48,0x48,0x48,0xD4,0x54,0x54,0x62,0x00}},
	{0x7573, {0x7C,0x54,0x7C,0x54,0xFE,0x82,0x7C,0x44,0x7C,0x44,0xFE,0x00}},
	{0x7A63, {0x28,0xFE,0x54,0x62,0xD4,0x7E,0x54,0xFE,0xDA,0x74,0x5A,0x00}},
	{0x84B8, {0x28,0xFE,0x28,0x38,0xCA,0x5C,0x54,0x92,0x7C,0x00,0xAA,0x00}},
	{0x8B72, {0xC8,0x3E,0xD4,0x22,0xD4,0x3E,0xD4,0x3E,0xDA,0xF4,0xDA,0x00}},
	{0x91B8, {0xC8,0x7E,0x54,0xE2,0xD4,0xFE,0xD4,0xFE,0xDA,0xF4,0xDA,0x00}},
	{0x9320, {0x44,0xBE,0x12,0xEE,0x44,0xE4,0x56,0xF4,0xD4,0x54,0xEE,0x00}},
	{0x5631, {0x3E,0xE2,0xBE,0xA4,0xAE,0xAE,0xA4,0xFE,0x36,0x3E,0x52,0x00}},
	{0x57F4, {0x44,0x5E,0x44,0xEE,0x6A,0x6E,0x6A,0x6A,0xEE,0x20,0x3E,0x00}},
	{0x98FE, {0x48,0xAE,0x14,0xE4,0xBE,0xF6,0xB6,0xF6,0x96,0xA4,0xE4,0x00}},
	{0x62ED, {0x4A,0x48,0xFE,0x44,0x44,0x7C,0xD4,0x54,0x54,0x7A,0xC2,0x00}},
	{0x690D, {0x44,0x5E,0xE4,0x4E,0x6A,0xEE,0xEA,0xEA,0x6E,0x60,0x7E,0x00}},
	{0x6B96, {0xE4,0x5E,0x44,0x6E,0xAA,0xAE,0x6A,0x2A,0x2E,0x60,0xBE,0x00}},
	{0x71ED, {0x7E,0x6A,0x7E,0xD0,0xDE,0xEA,0x5E,0x5E,0x4A,0xAE,0x9A,0x00}},
	{0x7E54, {0x54,0x56,0xBC,0xEC,0x7E,0x84,0xFC,0x6E,0xFC,0x6C,0x7A,0x00}},
	{0x8077, {0xF4,0x76,0x7C,0x6C,0x7E,0x64,0x7C,0x6E,0xFC,0x2C,0x3A,0x00}},
	{0x8272, {0x38,0x28,0x48,0xFC,0x54,0x54,0x7C,0x40,0x42,0x42,0x3E,0x00}},
	{0x89E6, {0x68,0xA8,0x3E,0xEA,0xAA,0xEA,0xBE,0xE8,0xA8,0xAA,0xBE,0x00}},
	{0x98DF, {0x10,0x28,0x54,0xFE,0x44,0x7C,0x44,0x7C,0x54,0x48,0xE6,0x00}},
	{0x8755, {0x48,0xA8,0x3E,0xEA,0xAA,0xEA,0xBE,0xE8,0x88,0xAA,0xFE,0x00}},
	{0x8FB1, {0x7E,0x40,0x5C,0x40,0x7E,0x54,0x9A,0x08,0xFE,0x28,0x18,0x00}},
	{0x5C3B, {0x7E,0x42,0x7E,0x48,0x48,0x7C,0x54,0x54,0x54,0x54,0xA6,0x00}},
	{0x4F38, {0x28,0x28,0x7E,0x6A,0xEA,0x7E,0x6A,0x6A,0x7E,0x48,0x48,0x00}},
	{0x4FE1, {0x2C,0x20,0x5E,0x40,0xDE,0x40,0x5E,0x40,0x5E,0x52,0x5E,0x00}},
	{0x4FB5, {0x3C,0x24,0x5C,0x44,0xFE,0x62,0x5C,0x54,0x48,0x54,0x62,0x00}},
	{0x5507, {0x7E,0x40,0x5C,0x40,0x7E,0x54,0x9A,0x7C,0x44,0x44,0x7C,0x00}},
	{0x5A20, {0x5E,0x50,0x56,0xF0,0xBE,0xB4,0xD6,0x54,0x54,0xB2,0x9A,0x00}},
	{0x5BDD, {0x10,0xFE,0x82,0x5C,0x44,0xFE,0x62,0x5C,0xD4,0x48,0x76,0x00}},
	{0x5BE9, {0x10,0xFE,0x82,0xFE,0x54,0xFE,0x38,0x54,0xFE,0x54,0x7C,0x00}},
	{0x5FC3, {0x20,0x10,0x00,0x20,0x24,0xA2,0xA2,0xA0,0x24,0x24,0x3C,0x00}},
	{0x614E, {0x48,0x7E,0xC8,0xDC,0xD4,0x5C,0x54,0x7E,0x40,0x54,0x62,0x00}},
	{0x632F, {0x5E,0x50,0xD6,0x50,0x5E,0x54,0xD6,0x54,0x74,0x52,0xDA,0x00}},
	{0x65B0, {0x22,0xFC,0x58,0x58,0xFE,0x2A,0xFA,0x2A,0x6A,0xB2,0x22,0x00}},
	{0x664B, {0xFE,0x28,0xAA,0x28,0xFE,0x00,0x7C,0x44,0x7C,0x44,0x7C,0x00}},
	{0x68EE, {0x10,0xFE,0x38,0x54,0x92,0x24,0xFE,0x24,0x6C,0xB6,0x24,0x00}},
	{0x699B, {0x48,0x5C,0xC8,0x7E,0x54,0xE2,0xDC,0xC8,0x7E,0x5C,0x6A,0x00}},
	{0x6D78, {0x9C,0x44,0x1C,0x84,0x3E,0x22,0x1C,0x54,0x48,0x94,0xA2,0x00}},
	{0x6DF1, {0xBE,0x22,0x14,0xA6,0x08,0x3E,0x08,0x5C,0x5C,0xAA,0x88,0x00}},
	{0x7533, {0x10,0x10,0xFE,0x92,0x92,0xFE,0x92,0x92,0xFE,0x10,0x10,0x00}},
	{0x75B9, {0x08,0x7E,0x48,0xD4,0x62,0x48,0xD4,0x48,0x52,0x44,0x98,0x00}},
	{0x771F, {0x10,0xFE,0x10,0x7C,0x44,0x7C,0x44,0xFE,0x00,0x44,0x82,0x00}},
	{0x795E, {0x48,0x48,0xFE,0x2A,0x6A,0x7E,0xEA,0x6A,0x7E,0x48,0x48,0x00}},
	{0x79E6, {0x10,0x7C,0x10,0x7C,0x28,0xFE,0x44,0xBA,0x7C,0x38,0xD6,0x00}},
	{0x7D33, {0x48,0x48,0xBE,0xEA,0x6A,0xBE,0xEA,0x6A,0xFE,0x48,0x48,0x00}},
	{0x81E3, {0xFE,0x90,0x90,0xFC,0x84,0x84,0xFC,0x90,0x90,0x90,0xFE,0x00}},
	{0x82AF, {0x28,0xFE,0x28,0x20,0x10,0x20,0x64,0x62,0xA0,0x24,0x3C,0x00}},
	{0x85AA, {0x28,0xFE,0x28,0x22,0xFC,0x58,0xFE,0x2A,0xFA,0x72,0xAA,0x00}},
	{0x89AA, {0x2E,0xFA,0x5E,0x5A,0xFE,0x2A,0xFE,0x2C,0x6C,0xB4,0x26,0x00}},
	{0x8A3A, {0xC8,0x14,0xE2,0x08,0xD0,0x04,0xC8,0x12,0xC4,0xC8,0xF0,0x00}},
	{0x8EAB, {0x10,0x7C,0x44,0x7C,0x44,0x7C,0x46,0xFC,0x0C,0x34,0xCC,0x00}},
	{0x8F9B, {0x10,0x7C,0x28,0x28,0xFE,0x10,0x10,0xFE,0x10,0x10,0x10,0x00}},
	{0x9032, {0x94,0x54,0x1E,0x34,0x1E,0xD4,0x5E,0x54,0x5E,0x40,0xBE,0x00}},
	{0x91DD, {0x44,0xA4,0x04,0xE4,0x5E,0xE4,0x44,0xE4,0xC4,0x64,0xC4,0x00}},
	{0x9707, {0x7C,0x10,0xFE,0x92,0xB6,0x00,0x7E,0x40,0x7E,0x54,0x9A,0x00}},
	{0x4EBA, {0x10,0x10,0x10,0x10,0x10,0x28,0x28,0x28,0x44,0x44,0x82,0x00}},
	{0x4EC1, {0x20,0x2E,0x40,0x40,0xC0,0x40,0x40,0x40,0x40,0x5E,0x40,0x00}},
	{0x5203, {0xFE,0x12,0x12,0x52,0x32,0x12,0x1A,0x22,0x22,0x42,0x8C,0x00}},
	{0x5875, {0x08,0x7E,0x54,0x7E,0x76,0x64,0x76,0x48,0x5C,0x48,0xBE,0x00}},
	{0x58EC, {0x0C,0x70,0x10,0x10,0x10,0xFE,0x10,0x10,0x10,0x10,0x7C,0x00}},
	{0x5C0B, {0x7C,0x04,0x7C,0x04,0xEE,0x4A,0xEE,0x08,0xFE,0x28,0x18,0x00}},
	{0x751A, {0x28,0xFE,0x28,0x38,0x28,0x38,0x28,0xFE,0x6C,0x40,0x7C,0x00}},
	{0x5C3D, {0x7C,0x44,0x44,0x7C,0x48,0x44,0xB2,0x08,0x00,0x70,0x0C,0x00}},
	{0x814E, {0xEE,0xCA,0xE4,0xCA,0xFC,0x44,0x7C,0x44,0x7C,0x44,0x4C,0x00}},
	{0x8A0A, {0xFC,0x14,0xD4,0x14,0xDC,0x34,0xD4,0x14,0xD4,0xE4,0xC6,0x00}},
	{0x8FC5, {0xBC,0x54,0x14,0x14,0x3C,0xD4,0x54,0x54,0x52,0x40,0xBE,0x00}},
	{0x9663, {0xE8,0xBE,0xA8,0xFE,0xAA,0xBE,0xAA,0xBE,0xC8,0xBE,0x88,0x00}},
	{0x976D, {0xBE,0xEA,0xAA,0xEA,0x5A,0xEE,0xEA,0x4A,0xEA,0x4A,0x56,0x00}},
	{0x7B25, {0x48,0x6E,0xB4,0x7E,0x02,0x7A,0x02,0x7A,0x4A,0x7A,0x06,0x00}},
	{0x8ACF, {0xFC,0x28,0xFE,0x2A,0xEA,0x3A,0xEC,0x2C,0xFA,0xCA,0xC8,0x00}},
	{0x9808, {0x5E,0x48,0x9E,0x12,0x5E,0x52,0x9E,0x12,0x5E,0x40,0x92,0x00}},
	{0x9162, {0xE8,0x4E,0x58,0xE8,0xEE,0xE8,0xA8,0xAE,0xE8,0xA8,0xE8,0x00}},
	{0x56F3, {0xFE,0x82,0xD6,0xD6,0x86,0xAA,0x92,0xAA,0xC6,0x82,0xFE,0x00}},
	{0x53A8, {0x7E,0x40,0x7A,0x46,0x7A,0x6A,0x6E,0x7A,0x52,0x5A,0xB6,0x00}},
	{0x9017, {0xBE,0x40,0x3E,0x22,0x3E,0xD4,0x54,0x54,0x7E,0x40,0xBE,0x00}},
	{0x5439, {0x08,0xEE,0xB2,0xAA,0xA8,0xA8,0xA8,0xE8,0x14,0x14,0x22,0x00}},
	{0x5782, {0x0C,0x70,0x10,0xFE,0x54,0xFE,0x54,0xFE,0x10,0x10,0xFE,0x00}},
	{0x5E25, {0x48,0xE8,0xBE,0xAA,0xEA,0x8A,0xEA,0xAA,0xAA,0xE8,0x08,0x00}},
	{0x63A8, {0x54,0x54,0xDE,0x74,0x5E,0x54,0xD4,0x5E,0x54,0x54,0xDE,0x00}},
	{0x6C34, {0x10,0x10,0x12,0xF4,0x38,0x30,0x58,0x54,0x92,0x10,0x30,0x00}},
	{0x708A, {0x50,0x5E,0x52,0xEA,0xC8,0xC8,0x48,0x48,0x54,0x54,0xA2,0x00}},
	{0x7761, {0x02,0xEC,0xA4,0xFE,0xAC,0xBE,0xEC,0xBE,0xA4,0xE4,0x1E,0x00}},
	{0x7C8B, {0x48,0xFC,0xD4,0x54,0xE6,0x48,0xC8,0xFE,0xC8,0x48,0x48,0x00}},
	{0x7FE0, {0xEE,0xAA,0x66,0xAA,0x10,0xFE,0x54,0xBA,0x10,0xFE,0x10,0x00}},
	{0x8870, {0x10,0xFE,0x44,0xFE,0x44,0x7C,0x28,0x6A,0xA4,0x34,0x62,0x00}},
	{0x9042, {0x94,0x3E,0x10,0x2A,0x1C,0xE8,0x5C,0x6A,0x58,0x40,0xBE,0x00}},
	{0x9154, {0xE8,0x5C,0x4C,0xF4,0xE6,0xE8,0xA8,0xBE,0xE8,0xA8,0xE8,0x00}},
	{0x9310, {0x54,0xB4,0x1E,0xF4,0x5E,0xF4,0x54,0xFE,0xD4,0x74,0xDE,0x00}},
	{0x9318, {0x44,0xB8,0x08,0xFE,0x54,0xFE,0x54,0xFE,0xC8,0x48,0xFE,0x00}},
	{0x968F, {0xF4,0xAE,0xA4,0xC8,0xAE,0xAA,0xAE,0xAA,0xDA,0x90,0xAE,0x00}},
	{0x745E, {0xEA,0x6A,0x7E,0x40,0xFE,0x50,0x7E,0x6A,0xEA,0x2A,0x2A,0x00}},
	{0x9AC4, {0x74,0x6E,0x64,0x68,0xF6,0x96,0x76,0x56,0x76,0x50,0x5E,0x00}},
	{0x5D07, {0x92,0xFE,0x10,0xFE,0x82,0xBA,0x00,0xFE,0x54,0x92,0x30,0x00}},
	{0x5D69, {0x92,0xFE,0x10,0xFE,0x44,0x7C,0x00,0xFE,0xAA,0xBA,0x86,0x00}},
	{0x6570, {0xA8,0x28,0xFE,0x7A,0xAA,0x2A,0xFA,0x54,0x64,0x3A,0xCA,0x00}},
	{0x67A2, {0x5E,0x50,0xD2,0x5A,0x54,0xD4,0xD4,0xDA,0x58,0x50,0x5E,0x00}},
	{0x8DA8, {0x50,0xDE,0x6A,0x7A,0xD0,0x5E,0x6A,0xFA,0xD6,0xC0,0xBE,0x00}},
	{0x96DB, {0x4A,0x7A,0xAE,0xFC,0x2E,0xCC,0x7C,0xAE,0xFC,0x2C,0xCE,0x00}},
	{0x636E, {0x5E,0x52,0xDE,0x54,0x5E,0x54,0xD4,0x5E,0x6A,0x4A,0xCE,0x00}},
	{0x6749, {0x22,0x22,0xF4,0x20,0x22,0x64,0x70,0xA2,0x22,0x24,0x28,0x00}},
	{0x6919, {0x5E,0x52,0xDE,0x52,0x5E,0xC0,0xDE,0xD2,0x5E,0x52,0x5E,0x00}},
	{0x83C5, {0x28,0xFE,0x28,0x10,0xFE,0xAA,0xBA,0x20,0x3C,0x24,0x3C,0x00}},
	{0x9817, {0x2E,0xF4,0xAE,0xAA,0xFE,0x9A,0xDE,0xAA,0xAE,0x50,0x8A,0x00}},
	{0x96C0, {0x10,0x54,0x92,0x14,0x3C,0xD0,0x7C,0x50,0x7C,0x50,0x7E,0x00}},
	{0x88FE, {0x5E,0x52,0xFE,0x34,0x5E,0x54,0xF4,0x6E,0x4A,0x4A,0x4E,0x00}},
	{0x6F84, {0xBA,0x14,0x22,0x9C,0x00,0x3E,0x22,0xBE,0x94,0x94,0xBE,0x00}},
	{0x647A, {0x76,0x52,0xF6,0x52,0x76,0x52,0xDE,0x52,0x5E,0x52,0xDE,0x00}},
	{0x5BF8, {0x08,0x08,0xFE,0x08,0x08,0x48,0x28,0x08,0x08,0x08,0x18,0x00}},
	{0x4E16, {0x54,0x54,0x54,0xFE,0x54,0x54,0x54,0x5C,0x40,0x40,0x7E,0x00}},
	{0x702C, {0xAE,0x74,0x2E,0xFA,0x7E,0x7A,0x7E,0xAA,0xFE,0xA0,0xAA,0x00}},
	{0x755D, {0x24,0x26,0xFA,0x0A,0xF2,0xB4,0xB4,0xF4,0xBA,0xBA,0xFA,0x00}},
	{0x662F, {0x7C,0x44,0x7C,0x44,0x7C,0x00,0xFE,0x10,0x5C,0x50,0xBE,0x00}},
	{0x51C4, {0x08,0xBE,0x48,0x3E,0x0A,0x3E,0x08,0x7E,0x54,0x8C,0xB2,0x00}},
	{0x5236, {0x22,0xA2,0xFA,0xAA,0x2A,0xFA,0x22,0xFA,0xAA,0xAA,0x26,0x00}},
	{0x52E2, {0x28,0xFC,0x2C,0xFC,0x6C,0xD6,0x20,0xFC,0x24,0x44,0x8C,0x00}},
	{0x59D3, {0x24,0x2C,0x2E,0xF4,0x54,0x54,0x6E,0x24,0x24,0x64,0x9E,0x00}},
	{0x5F81, {0x5E,0x44,0x84,0x04,0x54,0x56,0xD4,0x54,0x54,0x54,0x7E,0x00}},
	{0x6027, {0x48,0x58,0xDE,0xE8,0xC8,0x48,0x5C,0x48,0x48,0x48,0x7E,0x00}},
	{0x6210, {0x0A,0x08,0x7E,0x44,0x74,0x54,0x56,0x54,0x74,0x4A,0x92,0x00}},
	{0x653F, {0xF4,0x24,0x26,0x2A,0xBA,0xAA,0xAA,0xA4,0xB4,0xCA,0x12,0x00}},
	{0x6574, {0x28,0xFE,0x7A,0x7A,0xA4,0x2A,0xFE,0x10,0x5C,0x50,0xFE,0x00}},
	{0x661F, {0x7C,0x44,0x7C,0x44,0x7C,0x50,0x7C,0x90,0x7C,0x10,0xFE,0x00}},
	{0x6674, {0x04,0xEE,0xA4,0xAE,0xE4,0xBE,0xAA,0xAE,0xEA,0x0E,0x0A,0x00}},
	{0x68F2, {0x48,0x7E,0xC8,0x5E,0x4A,0xDE,0xC8,0xFE,0x54,0x4C,0x72,0x00}},
	{0x6816, {0x7E,0x54,0xD4,0x7E,0x76,0xF6,0xF6,0xE2,0x62,0x62,0x7E,0x00}},
	{0x6B63, {0x7C,0x10,0x10,0x10,0x50,0x5C,0x50,0x50,0x50,0x50,0xFE,0x00}},
	{0x6E05, {0x88,0x5C,0x08,0x9C,0x08,0x3E,0x14,0x5C,0x54,0x9C,0x94,0x00}},
	{0x7272, {0x48,0xD8,0xDE,0xE8,0xC8,0x48,0x5C,0xC8,0x48,0x48,0x7E,0x00}},
	{0x751F, {0x10,0x50,0x7C,0x50,0x90,0x10,0x7C,0x10,0x10,0x10,0xFE,0x00}},
	{0x76DB, {0x0A,0x7E,0x44,0x76,0x54,0xAA,0x00,0x7C,0x54,0x54,0xFE,0x00}},
	{0x7CBE, {0x48,0xDC,0xC8,0x5C,0xC8,0x7E,0xD4,0xDC,0xD4,0x5C,0x54,0x00}},
	{0x8056, {0xF0,0x5E,0x7A,0x5A,0xFE,0x10,0x7C,0x10,0x7C,0x10,0xFE,0x00}},
	{0x58F0, {0x10,0xFE,0x10,0x7C,0x00,0x7C,0x54,0x54,0x7C,0x40,0x80,0x00}},
	{0x88FD, {0xA2,0xFA,0xAA,0x7A,0x22,0xFA,0xAA,0x10,0xFE,0x68,0xB6,0x00}},
	{0x897F, {0xFE,0x28,0x28,0xFE,0xAA,0xAA,0xAE,0xC2,0x82,0x82,0xFE,0x00}},
	{0x8AA0, {0xCA,0x08,0xFE,0x24,0xFC,0x2C,0xEC,0x2E,0xF4,0xE4,0xCA,0x00}},
	{0x8A93, {0x5C,0xD0,0x5E,0xE4,0x7C,0x00,0x7C,0x00,0x7C,0x44,0x7C,0x00}},
	{0x8ACB, {0xC8,0x1C,0xC8,0x1C,0xC8,0x3E,0xD4,0x1C,0xD4,0xDC,0xD4,0x00}},
	{0x901D, {0x92,0x14,0x3C,0x14,0x16,0xF6,0x5A,0x52,0x72,0x40,0xBE,0x00}},
	{0x9192, {0xEE,0x4A,0x4E,0xEA,0xEE,0xE4,0xAE,0xB4,0xEE,0xA4,0xFE,0x00}},
	{0x9752, {0x10,0x7C,0x10,0x7C,0x10,0xFE,0x44,0x7C,0x44,0x7C,0x44,0x00}},
	{0x9759, {0x26,0x7A,0x24,0x7E,0x26,0xFE,0x56,0x7E,0x54,0x74,0x5C,0x00}},
	{0x6589, {0x10,0xFE,0x44,0x28,0x38,0xC6,0x7C,0x44,0x7C,0x44,0x84,0x00}},
	{0x7A0E, {0x34,0xC8,0x7E,0x62,0xE2,0x7E,0x54,0xD4,0xD4,0x54,0x66,0x00}},
	{0x8106, {0xEC,0xB4,0xA4,0xFE,0xB0,0xBE,0xFA,0xB8,0xB8,0xAA,0xAE,0x00}},
	{0x96BB, {0x28,0x3E,0x50,0xFC,0x50,0x7E,0x00,0x7C,0x24,0x18,0xE6,0x00}},
	{0x5E2D, {0x08,0x7E,0x54,0x7E,0x54,0x5C,0x48,0x7E,0x6A,0xAA,0x88,0x00}},
	{0x60DC, {0x54,0x7E,0xD4,0xD4,0xFE,0x40,0x5C,0x54,0x5C,0x54,0x5C,0x00}},
	{0x621A, {0x0A,0x08,0x7E,0x54,0x5C,0x54,0x7C,0x56,0x7C,0x54,0xB2,0x00}},
	{0x65A5, {0x0C,0x70,0x40,0x40,0x7E,0x48,0x58,0x4C,0x4A,0x48,0x88,0x00}},
	{0x6614, {0x28,0x7C,0x28,0x28,0xFE,0x00,0x7C,0x44,0x7C,0x44,0x7C,0x00}},
	{0x6790, {0x44,0x58,0xD0,0x50,0x5E,0xD4,0xD4,0xD4,0x54,0x64,0x44,0x00}},
	{0x77F3, {0xFE,0x20,0x20,0x20,0x3C,0x64,0xA4,0x24,0x24,0x24,0x3C,0x00}},
	{0x7A4D, {0x28,0xDC,0x48,0x5C,0xC8,0x7E,0x54,0xDC,0xD4,0x5C,0x62,0x00}},
	{0x7C4D, {0x48,0x6E,0xB4,0x2A,0xFE,0x2A,0xFE,0x20,0xFE,0x6A,0xAE,0x00}},
	{0x7E3E, {0x48,0x5C,0x88,0xDC,0x48,0xBE,0xD4,0x5C,0xD4,0x5C,0x62,0x00}},
	{0x810A, {0xD6,0x10,0xD6,0x28,0x7C,0xC6,0x7C,0x44,0x7C,0x44,0x4C,0x00}},
	{0x8CAC, {0x10,0x7C,0x10,0x7C,0x10,0xFE,0x44,0x7C,0x44,0x7C,0x82,0x00}},
	{0x8D64, {0x10,0x7C,0x10,0x10,0xFE,0x28,0x28,0xAA,0xAA,0x28,0x58,0x00}},
	{0x8DE1, {0xE8,0xA8,0xBE,0xD4,0x54,0x76,0xF6,0xD4,0xD4,0xD4,0xEC,0x00}},
	{0x8E5F, {0xE8,0xBC,0xA8,0xDC,0x48,0x7E,0xD4,0xDC,0xD4,0xDC,0xE2,0x00}},
	{0x78A9, {0x1E,0xE8,0x5E,0x52,0x5E,0x92,0x7E,0x52,0x5E,0x60,0x12,0x00}},
	{0x5207, {0x5E,0x4A,0x4A,0xEA,0x4A,0x4A,0x4A,0x4A,0x6A,0x12,0x26,0x00}},
	{0x62D9, {0x48,0x6A,0xEA,0x6A,0x7E,0x48,0xC8,0x6A,0x6A,0x6A,0xFE,0x00}},
	{0x63A5, {0x48,0x7E,0xD4,0x54,0x7E,0x48,0xFE,0x54,0x58,0x4C,0xF2,0x00}},
	{0x6442, {0x7E,0x54,0xDC,0x54,0x7E,0x44,0xE2,0x54,0x40,0x54,0xE2,0x00}},
	{0x6298, {0x44,0x58,0xD0,0x50,0x5E,0x54,0xD4,0x54,0x54,0x64,0xC4,0x00}},
	{0x8A2D, {0xDC,0x14,0xD4,0x26,0xDC,0x04,0xD4,0x08,0xC8,0xD4,0xE2,0x00}},
	{0x7A83, {0x10,0xFE,0xAA,0x4C,0x00,0x5E,0xEA,0x4A,0x4A,0x6A,0x16,0x00}},
	{0x7BC0, {0x48,0x6E,0xB4,0x00,0xEE,0xAA,0xEA,0xAA,0xEA,0x88,0xE8,0x00}},
	{0x8AAC, {0xD4,0x08,0xFE,0x22,0xE2,0x3E,0xD4,0x14,0xD4,0xD4,0xE6,0x00}},
	{0x96EA, {0x7C,0x10,0xFE,0x92,0xB6,0x00,0x7C,0x04,0x7C,0x04,0x7C,0x00}},
	{0x7D76, {0x4C,0x54,0x84,0xDE,0x5A,0xBA,0xDE,0x50,0xF2,0x52,0x5E,0x00}},
	{0x820C, {0x0C,0x70,0x10,0x10,0xFE,0x10,0x10,0x7C,0x44,0x44,0x7C,0x00}},
	{0x8749, {0x6A,0x44,0xFE,0xAA,0xBE,0xAA,0xFE,0x48,0x7E,0x48,0xC8,0x00}},
	{0x4ED9, {0x28,0x28,0x48,0x6A,0xEA,0x6A,0x6A,0x6A,0x6A,0x6A,0x7E,0x00}},
	{0x5148, {0x10,0x50,0x7C,0x50,0x90,0xFE,0x28,0x28,0x2A,0x4A,0x8E,0x00}},
	{0x5343, {0x0C,0x70,0x10,0x10,0xFE,0x10,0x10,0x10,0x10,0x10,0x10,0x00}},
	{0x5360, {0x10,0x10,0x10,0x1E,0x10,0x10,0xFE,0x82,0x82,0x82,0xFE,0x00}},
	{0x5BA3, {0x10,0xFE,0xBA,0x00,0x7C,0x44,0x7C,0x44,0x7C,0x00,0xFE,0x00}},
	{0x5C02, {0x10,0xFE,0x54,0x7C,0x54,0x7C,0x08,0xFE,0x08,0x28,0x18,0x00}},
	{0x5C16, {0x10,0x54,0x52,0x92,0x30,0x10,0xFE,0x10,0x28,0x44,0x82,0x00}},
	{0x5DDD, {0x42,0x52,0x52,0x52,0x52,0x52,0x52,0x52,0x42,0x42,0x82,0x00}},
	{0x6226, {0xAA,0x08,0xFE,0xA8,0xFA,0xAA,0xFC,0x24,0xF4,0x2A,0x2A,0x00}},
	{0x6247, {0xFE,0x00,0x7E,0x42,0x7E,0x40,0x7E,0x6A,0x5E,0x6A,0x9A,0x00}},
	{0x64B0, {0x76,0x52,0xE4,0x76,0x40,0x54,0xFE,0x54,0x7E,0x40,0xE2,0x00}},
	{0x6813, {0x48,0x54,0xE2,0x5C,0x48,0xC8,0xDC,0xC8,0x48,0x48,0x7E,0x00}},
	{0x6834, {0x50,0x5E,0xE0,0x5E,0x5A,0xDA,0xDA,0xFE,0x52,0x52,0x56,0x00}},
	{0x6CC9, {0x10,0x7C,0x44,0x7C,0x44,0x7C,0x10,0xDA,0x54,0x92,0x30,0x00}},
	{0x6D45, {0x8A,0x0E,0x38,0x8E,0x38,0x0E,0x38,0x8A,0x84,0x8C,0xB2,0x00}},
	{0x6D17, {0x88,0x28,0x3E,0xA8,0x48,0x7E,0x14,0x94,0x94,0xA4,0xC6,0x00}},
	{0x67D3, {0x90,0x3C,0x94,0x14,0xA6,0x10,0xFE,0x38,0x54,0x92,0x10,0x00}},
	{0x6F5C, {0x94,0x3E,0x14,0xBE,0x14,0x2A,0x1C,0x54,0x5C,0x94,0x9C,0x00}},
	{0x714E, {0x44,0xFE,0x00,0xEA,0xAA,0xEA,0xAA,0xE2,0xA6,0x00,0xAA,0x00}},
	{0x717D, {0x5E,0x40,0x5E,0xF2,0xFE,0xD0,0x5E,0x5A,0x5E,0xAA,0x96,0x00}},
	{0x65CB, {0x50,0x5E,0xE0,0x5E,0x4A,0x68,0xAE,0xA8,0xA8,0x38,0x6E,0x00}},
	{0x7A7F, {0x10,0xFE,0xAA,0x4C,0x00,0x7C,0x48,0xFE,0x28,0xC8,0x18,0x00}},
	{0x7BAD, {0x48,0x6E,0xB4,0x48,0xFE,0x00,0xEA,0xAA,0xEA,0xA2,0xA6,0x00}},
	{0x7DDA, {0x48,0x5C,0x94,0xDC,0x54,0x9C,0xC8,0x7A,0xDC,0x6A,0x58,0x00}},
	{0x7E4A, {0x56,0x7C,0x94,0xFE,0x54,0x94,0xFC,0x56,0xD4,0x5C,0x72,0x00}},
	{0x7FA8, {0x44,0xFE,0x10,0xFE,0x10,0x9E,0x2A,0x88,0x08,0x94,0xA2,0x00}},
	{0x817A, {0xE4,0xAE,0xAA,0xEE,0xAA,0xAE,0xE4,0xBE,0xAC,0xB6,0xAC,0x00}},
	{0x821B, {0x44,0x44,0x7E,0x54,0x54,0xB4,0x14,0x1E,0x24,0x44,0x84,0x00}},
	{0x8239, {0x4A,0xEA,0xAA,0xEA,0xAA,0xB0,0xEE,0xAA,0xAA,0xAA,0xAE,0x00}},
	{0x85A6, {0x28,0xFE,0x28,0x7E,0x54,0x7E,0x5E,0x50,0x5E,0x82,0x56,0x00}},
	{0x8A6E, {0xC8,0x14,0xE2,0x1C,0xC8,0x08,0xDC,0x08,0xC8,0xC8,0xFE,0x00}},
	{0x8CCE, {0xEA,0xAE,0xF8,0xAE,0xF8,0xAE,0xB8,0xEA,0x04,0xAC,0xB2,0x00}},
	{0x8DF5, {0xEA,0xAE,0xB8,0xEE,0x58,0x4E,0xF8,0xCA,0xC4,0xEC,0xD2,0x00}},
	{0x9078, {0xB6,0x12,0x36,0x24,0x3E,0xD4,0x7E,0x40,0x62,0x40,0xBE,0x00}},
	{0x9077, {0xBE,0x14,0x3E,0x3E,0x14,0xFE,0x6A,0x50,0x5C,0x40,0xBE,0x00}},
	{0x92AD, {0x4A,0xAE,0x18,0xEE,0x58,0xEE,0x58,0xEA,0xC4,0x6C,0xD2,0x00}},
	{0x9291, {0x44,0xB4,0x1E,0xE4,0x44,0xFE,0x4C,0xEC,0xCC,0x6C,0xD6,0x00}},
	{0x9583, {0xEE,0xAA,0xEE,0xAA,0xEE,0x92,0x92,0x92,0xAA,0xC6,0x82,0x00}},
	{0x9BAE, {0x6A,0xA4,0x3E,0xE4,0xA4,0xEE,0xA4,0xE4,0x1E,0xA4,0xA4,0x00}},
	{0x524D, {0x44,0xFE,0x00,0xE2,0xAA,0xEA,0xAA,0xEA,0xA2,0xA2,0xA6,0x00}},
	{0x5584, {0x28,0xFE,0x10,0x7C,0x10,0xFE,0x54,0xFE,0x7C,0x44,0x7C,0x00}},
	{0x6F38, {0x92,0x3C,0x14,0xBC,0x3E,0x3A,0x3A,0xBA,0x92,0xBA,0x92,0x00}},
	{0x7136, {0x46,0x74,0x5E,0xB4,0x54,0x24,0x4A,0x8A,0x00,0x54,0xAA,0x00}},
	{0x5168, {0x10,0x28,0x44,0xBA,0x10,0x10,0x7C,0x10,0x10,0x10,0xFE,0x00}},
	{0x7985, {0x5A,0x44,0xFE,0x36,0x5E,0x56,0xFE,0x44,0x5E,0x44,0x44,0x00}},
	{0x7E55, {0x54,0x7E,0x88,0xDC,0x48,0xBE,0xD4,0x7E,0xDC,0x54,0x5C,0x00}},
	{0x81B3, {0xEA,0xBE,0xA4,0xEE,0xA4,0xBE,0xEA,0xBE,0xAE,0xAA,0xAE,0x00}},
	{0x7CCE, {0x5E,0xD0,0xDE,0x56,0xDE,0x56,0xDE,0xD4,0xEE,0x44,0x5E,0x00}},
	{0x564C, {0x14,0xE8,0xBE,0xAA,0xBE,0xAA,0xBE,0xD4,0x1C,0x14,0x1C,0x00}},
	{0x5851, {0x5E,0xFA,0x2E,0xAA,0xFE,0x4A,0x96,0x10,0x7C,0x10,0xFE,0x00}},
	{0x5CA8, {0x5C,0x54,0x54,0x5C,0xD4,0xD4,0xDC,0xD4,0xD4,0x14,0x3E,0x00}},
	{0x63AA, {0x54,0x7E,0xD4,0x54,0x7E,0x40,0xDC,0x54,0x5C,0x54,0xDC,0x00}},
	{0x66FE, {0x28,0x44,0xFE,0xD6,0xBA,0x92,0xFE,0x44,0x7C,0x44,0x7C,0x00}},
	{0x66FD, {0x44,0x08,0xFE,0x92,0xFE,0x92,0xFE,0x44,0x7C,0x44,0x7C,0x00}},
	{0x695A, {0x24,0xFE,0x6C,0xB6,0x24,0xFE,0x12,0x5C,0x50,0x50,0xBE,0x00}},
	{0x72D9, {0xBC,0xB4,0x54,0x5C,0xD4,0x54,0x5C,0xD4,0x54,0x54,0xBE,0x00}},
	{0x758F, {0xE8,0x3E,0x48,0x52,0xFE,0xC0,0xDA,0xDA,0xDA,0xDA,0x2A,0x00}},
	{0x758E, {0xE8,0x3E,0x48,0x7E,0xEA,0xEA,0xFE,0xC8,0xDC,0xEA,0x08,0x00}},
	{0x790E, {0x0A,0xFE,0x4A,0x5E,0x4A,0x8E,0x76,0x54,0x56,0x7C,0x16,0x00}},
	{0x7956, {0x5C,0x54,0xF4,0x3C,0x54,0x54,0xFC,0x54,0x54,0x54,0x7E,0x00}},
	{0x79DF, {0x3C,0xD4,0x54,0x5C,0xD4,0x54,0x5C,0xD4,0xD4,0x54,0x7E,0x00}},
	{0x7C97, {0x5C,0xD4,0xD4,0x5C,0xD4,0x54,0xDC,0xD4,0xD4,0x54,0x7E,0x00}},
	{0x7D20, {0x10,0x7C,0x10,0x7C,0x10,0xFE,0x50,0x24,0xFE,0x54,0x92,0x00}},
	{0x7D44, {0x5C,0x54,0x94,0xDC,0x54,0x94,0xDC,0x54,0xD4,0x54,0x7E,0x00}},
	{0x8607, {0x28,0xFE,0x28,0x62,0xAC,0x24,0xFE,0xA4,0xEC,0x16,0xA4,0x00}},
	{0x8A34, {0xC4,0x18,0xD0,0x10,0xDE,0x14,0xDC,0x14,0xD6,0xE4,0xC4,0x00}},
	{0x963B, {0xDC,0xD4,0xD4,0x9C,0xD4,0xD4,0xDC,0xD4,0x94,0x94,0xBE,0x00}},
	{0x9061, {0xAE,0x1A,0x7E,0x0A,0x2A,0xFE,0x5A,0x5A,0x6A,0x40,0xBE,0x00}},
	{0x9F20, {0x2C,0x44,0x6C,0x44,0x7C,0x74,0x5C,0x74,0x5C,0x74,0xDA,0x00}},
	{0x50E7, {0x34,0x28,0x7E,0x6A,0xFE,0x6A,0x7E,0x54,0x5C,0x54,0x5C,0x00}},
	{0x5275, {0x22,0x52,0xFA,0x0A,0x7A,0x5A,0x72,0x42,0x72,0xD2,0x76,0x00}},
	{0x53CC, {0xFE,0x12,0x12,0x5A,0x5A,0x2A,0x24,0x24,0x54,0x4A,0x92,0x00}},
	{0x53E2, {0xAA,0xFE,0x28,0xFE,0x10,0xFE,0x52,0x7A,0x54,0xF4,0x1A,0x00}},
	{0x5009, {0x10,0x28,0x7C,0x82,0x7C,0x44,0x7C,0x40,0x7C,0xA4,0x3C,0x00}},
	{0x55AA, {0x10,0xFE,0x10,0xD6,0xD6,0x10,0xFE,0x48,0x4A,0x64,0xC2,0x00}},
	{0x58EE, {0x24,0x24,0xA4,0x7E,0x24,0x24,0x24,0x64,0xA4,0x24,0x2E,0x00}},
	{0x594F, {0x10,0x7C,0x10,0x7C,0x28,0xFE,0x44,0xBA,0x7C,0x28,0xC6,0x00}},
	{0x723D, {0x10,0xFE,0x10,0xBA,0x54,0xBA,0x54,0xBA,0x10,0x28,0xC6,0x00}},
	{0x5B8B, {0x10,0xFE,0x82,0x10,0xFE,0x10,0x38,0x38,0x54,0x92,0x10,0x00}},
	{0x5C64, {0x7E,0x42,0x7E,0x54,0x7E,0x6A,0x7E,0x54,0x5C,0x54,0x9C,0x00}},
	{0x531D, {0xFE,0x88,0x88,0xBE,0xAA,0xAA,0xAA,0x88,0x88,0x80,0xFE,0x00}},
	{0x60E3, {0x50,0xDE,0xEA,0x56,0x6A,0xD2,0x46,0x10,0x44,0xCA,0xBA,0x00}},
	{0x60F3, {0x2E,0xFA,0x2E,0x7A,0x6E,0xAA,0x2E,0x00,0x54,0xCA,0xBA,0x00}},
	{0x635C, {0x48,0x7E,0xEA,0x7E,0x6A,0x7E,0xC8,0x7C,0x54,0x48,0xF6,0x00}},
	{0x6383, {0x5C,0x44,0xDC,0x44,0x7E,0x6A,0xC8,0x7E,0x6A,0x6A,0xC8,0x00}},
	{0x633F, {0x44,0x58,0xFE,0x48,0x7E,0x6A,0xFE,0x6A,0x7E,0x48,0xC8,0x00}},
	{0x63BB, {0x7C,0x54,0xC8,0x76,0x48,0x7E,0xEA,0x7E,0x48,0x4A,0xFE,0x00}},
	{0x64CD, {0x5C,0x54,0xDC,0x7E,0x6A,0x7E,0xC8,0x7E,0x5C,0x6A,0xC8,0x00}},
	{0x65E9, {0x7C,0x44,0x7C,0x44,0x44,0x7C,0x10,0xFE,0x10,0x10,0x10,0x00}},
	{0x66F9, {0x28,0xFE,0x28,0xFE,0xAA,0xFE,0xFE,0x44,0x7C,0x44,0x7C,0x00}},
	{0x5DE3, {0x54,0x7C,0x54,0x7C,0x54,0x7C,0x10,0xFE,0x38,0x54,0x92,0x00}},
	{0x69CD, {0x48,0x54,0xFE,0x40,0x5E,0xD2,0xDE,0xD0,0x5E,0x6A,0x4E,0x00}},
	{0x69FD, {0x54,0x7E,0xD4,0x7E,0x76,0xFE,0xFE,0xD4,0x5C,0x54,0x5C,0x00}},
	{0x6F15, {0x94,0x3E,0x14,0xBE,0x36,0x3E,0x3E,0x94,0x9C,0x94,0x9C,0x00}},
	{0x71E5, {0x5C,0x54,0x5C,0xFE,0xEA,0xFE,0x48,0x7E,0x5C,0xAA,0x88,0x00}},
	{0x4E89, {0x38,0x28,0x48,0xFC,0x14,0xFE,0x14,0x7C,0x10,0x10,0x30,0x00}},
	{0x75E9, {0x08,0x7E,0x48,0xFE,0x6A,0x7E,0xC8,0x7C,0x54,0x48,0xB6,0x00}},
	{0x76F8, {0x5E,0x52,0xF2,0x5E,0x52,0xF2,0xDE,0xD2,0x52,0x52,0x5E,0x00}},
	{0x7A93, {0x10,0xFE,0xAA,0x4C,0x10,0x28,0x74,0x00,0x54,0xCA,0xBA,0x00}},
	{0x7CDF, {0x54,0xFE,0xD4,0x7E,0xF6,0x7E,0xFE,0xD4,0xDC,0x54,0x5C,0x00}},
	{0x7DCF, {0x54,0x54,0xA2,0xC8,0x54,0xBA,0xC0,0x54,0xD0,0x72,0x6E,0x00}},
	{0x7D9C, {0x48,0x7E,0xA2,0xDC,0x40,0xBE,0xC8,0x6A,0xEA,0x48,0x58,0x00}},
	{0x8061, {0xEA,0x6A,0x70,0x64,0x6A,0x7E,0x60,0x6A,0xE8,0x3A,0x36,0x00}},
	{0x8349, {0x28,0xFE,0x28,0x7C,0x44,0x7C,0x44,0x7C,0x10,0xFE,0x10,0x00}},
	{0x8358, {0x28,0xFE,0x28,0x00,0x24,0xA4,0x3E,0x24,0x64,0xA4,0x2E,0x00}},
	{0x846C, {0x28,0xFE,0x28,0xFE,0x6C,0xA8,0x4E,0x28,0xFE,0x28,0x48,0x00}},
	{0x84BC, {0x28,0xFE,0x28,0x44,0xFE,0x44,0x7C,0x40,0x7C,0xA4,0x3C,0x00}},
	{0x85FB, {0x28,0xFE,0x1C,0x94,0x3E,0xAA,0x3E,0x08,0xBE,0x9C,0xAA,0x00}},
	{0x88C5, {0x24,0xBE,0x24,0x64,0xAE,0x10,0xFE,0x28,0x6A,0xA4,0x32,0x00}},
	{0x8D70, {0x10,0x7C,0x10,0x10,0xFE,0x10,0x5C,0x50,0x50,0x70,0x9E,0x00}},
	{0x9001, {0x94,0x08,0x3E,0x08,0x08,0xFE,0x48,0x54,0x62,0x40,0xBE,0x00}},
	{0x906D, {0x94,0x3E,0x14,0x3E,0x36,0xFE,0x5C,0x54,0x5C,0x40,0xBE,0x00}},
	{0x9397, {0x44,0xAA,0x1E,0xE0,0x4E,0xEA,0x4E,0xE8,0xDE,0x6A,0xCE,0x00}},
	{0x971C, {0x7C,0x10,0xFE,0x92,0xB6,0x20,0xFE,0x2A,0x7E,0xAA,0x2E,0x00}},
	{0x9A12, {0xDE,0x8A,0xC4,0x9A,0xC4,0x9E,0xF6,0x3E,0xA4,0xA6,0x5E,0x00}},
	{0x50CF, {0x2C,0x34,0x7E,0x6A,0xFE,0x68,0x56,0x6C,0x54,0x66,0x58,0x00}},
	{0x5897, {0x54,0x48,0x7E,0xEA,0x7E,0x6A,0x7E,0x54,0xDC,0x14,0x1C,0x00}},
	{0x618E, {0x54,0x48,0xFE,0xEA,0xFE,0x6A,0x7E,0x54,0x5C,0x54,0x5C,0x00}},
	{0x81D3, {0xF4,0xBE,0xB4,0xE4,0xBE,0xA4,0xF4,0xB6,0xB4,0xB4,0xAA,0x00}},
	{0x8535, {0x28,0xFE,0x28,0x04,0x7E,0x44,0x7C,0x76,0x74,0x7C,0x8A,0x00}},
	{0x8D08, {0xEA,0xA4,0xFE,0xB6,0xFE,0xB6,0xBE,0xEA,0x0E,0xAA,0xAE,0x00}},
	{0x9020, {0x94,0x5E,0x14,0x24,0x1E,0xC0,0x5E,0x52,0x5E,0x40,0xBE,0x00}},
	{0x4FC3, {0x3E,0x32,0x52,0x5E,0xC4,0x44,0x56,0x54,0x54,0x54,0x6E,0x00}},
	{0x5074, {0x3A,0x2A,0x7E,0x6E,0xFE,0x6E,0x6A,0x7A,0x42,0x6A,0x6A,0x00}},
	{0x5247, {0xE2,0xAA,0xEA,0xAA,0xEA,0xAA,0xAA,0xE2,0x02,0xA2,0xA6,0x00}},
	{0x5373, {0xEE,0xAA,0xEA,0xAA,0xAA,0xEA,0x8A,0x8A,0xA8,0xE8,0x08,0x00}},
	{0x606F, {0x10,0x7C,0x44,0x7C,0x44,0x7C,0x44,0x7C,0x50,0xCA,0xBA,0x00}},
	{0x6349, {0x5E,0x52,0xD2,0x5E,0x44,0x44,0xD6,0x54,0x54,0x54,0xEE,0x00}},
	{0x675F, {0x10,0xFE,0x10,0x7C,0x54,0x54,0x7C,0x38,0x54,0x92,0x10,0x00}},
	{0x6E2C, {0xBA,0x2A,0x3E,0xAE,0x3E,0x2E,0x2A,0xBA,0x82,0xAA,0xAA,0x00}},
	{0x8DB3, {0x7C,0x44,0x44,0x7C,0x10,0x10,0x5C,0x50,0x50,0x70,0x9E,0x00}},
	{0x901F, {0x88,0x3E,0x08,0x3E,0x2A,0xFE,0x48,0x5C,0x6A,0x40,0xBE,0x00}},
	{0x4FD7, {0x54,0x54,0x62,0x48,0xD4,0x54,0x62,0x5C,0x54,0x54,0x5C,0x00}},
	{0x5C5E, {0x7E,0x42,0x7E,0x48,0x5C,0x5C,0x48,0x7E,0x6A,0x6E,0xBA,0x00}},
	{0x8CCA, {0xCA,0xC8,0xFE,0xD4,0xD4,0xFC,0xD6,0xD4,0x14,0xA4,0xAA,0x00}},
	{0x65CF, {0x48,0x4E,0xF0,0x48,0x4E,0x74,0xA4,0xBE,0xA4,0x2A,0x72,0x00}},
	{0x7D9A, {0x48,0x7E,0x88,0xDC,0x40,0xBE,0xE2,0x54,0xD4,0x54,0x66,0x00}},
	{0x5352, {0x10,0xFE,0x44,0x44,0xAA,0x10,0x10,0xFE,0x10,0x10,0x10,0x00}},
	{0x8896, {0x48,0x48,0xFE,0x2A,0x6A,0x7E,0xEA,0x6A,0x6A,0x6A,0x7E,0x00}},
	{0x5176, {0x44,0xFE,0x44,0x7C,0x44,0x7C,0x44,0xFE,0x00,0x44,0x82,0x00}},
	{0x63C3, {0x54,0x7E,0xC0,0x7A,0x6A,0x7A,0xEA,0x7A,0x6A,0x6A,0xEA,0x00}},
	{0x5B58, {0x10,0xFE,0x20,0x3C,0x44,0xC8,0x7E,0x48,0x48,0x48,0x58,0x00}},
	{0x5B6B, {0xEE,0x24,0x28,0x4C,0x44,0x6A,0xDE,0x44,0x56,0x56,0xC4,0x00}},
	{0x5C0A, {0x44,0xFE,0x28,0x7C,0x6C,0x44,0x7C,0x08,0xFE,0x28,0x18,0x00}},
	{0x640D, {0x5E,0x52,0xDE,0x40,0x5E,0x52,0xDE,0x52,0x5E,0x40,0xD2,0x00}},
	{0x6751, {0x24,0x24,0xFE,0x24,0x24,0x74,0x6C,0xA4,0x24,0x24,0x2C,0x00}},
	{0x905C, {0xB2,0x1C,0x14,0x28,0x34,0xDA,0x54,0x5E,0x74,0x40,0xBE,0x00}},
	{0x4ED6, {0x24,0x34,0x56,0x5E,0xF6,0x56,0x54,0x54,0x52,0x52,0x5E,0x00}},
	{0x591A, {0x20,0x3C,0x44,0xA8,0x10,0xEE,0x12,0x6A,0x04,0x08,0x70,0x00}},
	{0x592A, {0x10,0x10,0xFE,0x10,0x10,0x28,0x28,0x28,0x44,0x54,0x82,0x00}},
	{0x6C70, {0x88,0x48,0x3E,0x88,0x48,0x14,0x14,0x54,0x52,0xAA,0xA2,0x00}},
	{0x8A51, {0xE4,0x1E,0xF2,0x08,0xEA,0x0C,0xE8,0x08,0xEA,0xAA,0xEE,0x00}},
	{0x553E, {0x04,0xF8,0xA8,0xBE,0xAC,0xBE,0xAC,0xFE,0x08,0x08,0x3E,0x00}},
	{0x5815, {0xE4,0xBE,0xC8,0xAE,0xBA,0xCE,0x8A,0x10,0x7C,0x10,0xFE,0x00}},
	{0x59A5, {0x0C,0x70,0x54,0x54,0x08,0xFE,0x24,0x68,0x10,0x2C,0xC2,0x00}},
	{0x60F0, {0x48,0x7E,0xD0,0xDE,0xE4,0x5E,0x52,0x5E,0x52,0x52,0x56,0x00}},
	{0x6253, {0x5E,0x44,0xE4,0x44,0x44,0x64,0xC4,0x44,0x44,0x44,0xCC,0x00}},
	{0x67C1, {0x48,0x7E,0xE2,0x50,0x52,0xD4,0xD8,0xD0,0x52,0x52,0x5E,0x00}},
	{0x8235, {0x44,0xFE,0xB2,0xE8,0xAA,0xAC,0xE8,0xA8,0xAA,0xAA,0xAE,0x00}},
	{0x6955, {0x48,0x7E,0xD0,0x5E,0x64,0xDE,0xD2,0xDE,0x52,0x52,0x56,0x00}},
	{0x9640, {0xE4,0xBE,0xA2,0xC8,0xAA,0xAC,0xA8,0xA8,0xCA,0x8A,0x8E,0x00}},
	{0x99C4, {0xC8,0x88,0xDE,0x88,0xC8,0x94,0xF4,0x34,0xB2,0xAA,0x62,0x00}},
	{0x9A28, {0xDA,0x84,0xDE,0x96,0xDE,0x96,0xFE,0x24,0xBE,0xA4,0x64,0x00}},
	{0x4F53, {0x28,0x28,0x7E,0x48,0xDC,0x5C,0x6A,0x48,0x5C,0x48,0x48,0x00}},
	{0x5806, {0x54,0x54,0x5E,0xF4,0x5E,0x54,0x54,0x7E,0xD4,0x14,0x1E,0x00}},
	{0x5BFE, {0x22,0x22,0xFE,0x12,0x52,0x5A,0x2A,0x22,0x52,0x52,0x86,0x00}},
	{0x8010, {0xF2,0x42,0x4E,0xF2,0xB2,0xBA,0xB6,0xB2,0xB2,0xB2,0x96,0x00}},
	{0x5CB1, {0x2A,0x28,0x4E,0xD8,0x44,0x44,0x42,0x10,0x92,0x92,0xFE,0x00}},
	{0x5E2F, {0x54,0xFE,0x54,0x7C,0x00,0xFE,0x92,0x7C,0x54,0x54,0x10,0x00}},
	{0x5F85, {0x48,0x5C,0x88,0x3E,0x44,0x7E,0xC4,0x64,0x54,0x44,0x4C,0x00}},
	{0x6020, {0x10,0x24,0xFA,0x00,0x7C,0x44,0x7C,0x00,0x54,0xCA,0xBA,0x00}},
	{0x614B, {0x44,0x96,0xF4,0x06,0xF4,0x96,0xF4,0x96,0x40,0xCA,0xBA,0x00}},
	{0x6234, {0x28,0x7A,0x28,0xFE,0x08,0xF8,0xFA,0x64,0xF4,0x0C,0x92,0x00}},
	{0x66FF, {0x44,0xEE,0x44,0xEE,0x44,0xAA,0x7C,0x44,0x7C,0x44,0x7C,0x00}},
	{0x6CF0, {0x10,0x7C,0x10,0x7C,0x28,0xFE,0x44,0xD6,0x38,0xD6,0x30,0x00}},
	{0x6EDE, {0xAA,0x7E,0x2A,0xBE,0x00,0x7E,0x4A,0xBE,0xAA,0xAA,0x88,0x00}},
	{0x80CE, {0xE4,0xA4,0xA8,0xEA,0xBE,0xA0,0xEE,0xAA,0xAA,0xAA,0xAE,0x00}},
	{0x817F, {0xEE,0xBA,0xAE,0xEA,0xAE,0xA8,0xEA,0xBC,0xBA,0xB0,0xAE,0x00}},
	{0x82D4, {0x28,0xFE,0x28,0x10,0x24,0xFA,0x00,0x7C,0x44,0x44,0x7C,0x00}},
	{0x888B, {0x2A,0x48,0xDE,0x44,0x42,0x10,0xFE,0x28,0x6A,0xA4,0x32,0x00}},
	{0x8CB8, {0x2A,0x5E,0xC4,0x42,0x7C,0x44,0x7C,0x44,0x7C,0x44,0x82,0x00}},
	{0x9000, {0x9E,0x52,0x1E,0x12,0x1E,0xD4,0x56,0x54,0x5A,0x40,0xBE,0x00}},
	{0x902E, {0x88,0x5E,0x0A,0x3E,0x08,0xEA,0x5C,0x6A,0x58,0x40,0xBE,0x00}},
	{0x968A, {0xD4,0xC8,0xFE,0x88,0xD0,0xEA,0xD4,0xEC,0x94,0xA6,0x98,0x00}},
	{0x9EDB, {0x2A,0x5E,0xC4,0x42,0x7C,0x54,0x7C,0x10,0xFE,0x00,0xAA,0x00}},
	{0x9BDB, {0x7E,0xA2,0x2A,0xFE,0xAA,0xFE,0xA2,0xFE,0x36,0xBE,0xA2,0x00}},
	{0x4EE3, {0x2A,0x28,0x4E,0x78,0xC8,0x48,0x48,0x44,0x44,0x44,0x42,0x00}},
	{0x53F0, {0x10,0x10,0x20,0x44,0xFA,0x00,0x7C,0x44,0x44,0x44,0x7C,0x00}},
	{0x5927, {0x10,0x10,0xFE,0x10,0x10,0x28,0x28,0x28,0x44,0x44,0x82,0x00}},
	{0x7B2C, {0x48,0x6E,0xB4,0x7C,0x14,0x7C,0x50,0x7E,0x32,0x56,0x90,0x00}},
	{0x918D, {0xEE,0x4A,0x4E,0xEA,0xEE,0xE0,0xBE,0xA4,0xF6,0xB4,0xEE,0x00}},
	{0x984C, {0xEE,0xA4,0xEE,0xAA,0xEE,0x0A,0xEE,0x40,0x6A,0xC0,0xBE,0x00}},
	{0x9DF9, {0x08,0x7E,0x54,0x6E,0x6C,0x6E,0x5C,0x58,0x5E,0x42,0xAA,0x00}},
	{0x6EDD, {0x88,0x3E,0x14,0x94,0x7E,0x2A,0x3E,0xAA,0xBE,0x88,0x8E,0x00}},
	{0x7027, {0x94,0x7E,0x2C,0xAE,0x7A,0x2E,0x3C,0xAE,0xBC,0xAC,0xAE,0x00}},
	{0x5353, {0x10,0x1E,0x10,0x7C,0x44,0x7C,0x44,0x7C,0x10,0xFE,0x10,0x00}},
	{0x5544, {0x1E,0xE8,0xA8,0xAC,0xB6,0xAC,0xB4,0xEC,0x16,0x24,0x0C,0x00}},
	{0x5B85, {0x10,0xFE,0x82,0x0C,0x70,0x10,0x1E,0xF0,0x10,0x12,0x1E,0x00}},
	{0x6258, {0x44,0x58,0xC8,0x48,0x4E,0x78,0xC8,0x48,0x4A,0x4A,0xCE,0x00}},
	{0x629E, {0x5E,0x52,0xD2,0x5E,0x54,0x54,0xD4,0x54,0x54,0x52,0xE2,0x00}},
	{0x62D3, {0x5E,0x48,0xE8,0x48,0x4E,0x5A,0xEA,0x4A,0x4A,0x4A,0xCE,0x00}},
	{0x6CA2, {0x9E,0x52,0x12,0x9E,0x54,0x14,0x14,0x54,0x54,0x92,0xA2,0x00}},
	{0x6FEF, {0xB6,0x12,0x36,0x92,0x36,0x14,0x1E,0xB4,0x9E,0x94,0x9E,0x00}},
	{0x7422, {0xFE,0x48,0x48,0x5A,0xEC,0x54,0x6C,0x54,0xE6,0x04,0x18,0x00}},
	{0x8A17, {0xC4,0x18,0xC8,0x08,0xCE,0x38,0xC8,0x08,0xCA,0xCA,0xCE,0x00}},
	{0x9438, {0x7E,0xAA,0x3E,0xC8,0x5C,0xFE,0x54,0xFE,0xC8,0x7E,0xC8,0x00}},
	{0x6FC1, {0xBE,0x2A,0x3E,0x90,0x1E,0x2A,0x3E,0xBE,0x8A,0x8E,0xB2,0x00}},
	{0x8AFE, {0xD4,0x3E,0xD4,0x08,0xFE,0x10,0xDE,0x32,0xD2,0xD2,0xDE,0x00}},
	{0x8338, {0x28,0xFE,0x28,0xFE,0x44,0x7C,0x44,0x7C,0x46,0xFC,0x04,0x00}},
	{0x51E7, {0x7C,0x44,0x54,0x54,0x7C,0x7C,0x7C,0x7C,0x54,0x54,0x96,0x00}},
	{0x86F8, {0x5A,0x4A,0xE8,0xBE,0xB2,0xBE,0xF2,0x5E,0x52,0x72,0xD6,0x00}},
	{0x53EA, {0x7C,0x44,0x44,0x44,0x44,0x7C,0x00,0x28,0x24,0x44,0x82,0x00}},
	{0x53E9, {0x1E,0xF2,0xB2,0xB2,0xB2,0xB2,0xB2,0xF6,0x10,0x10,0x10,0x00}},
	{0x4F46, {0x3E,0x32,0x52,0x5E,0xD2,0x52,0x52,0x5E,0x40,0x40,0x5E,0x00}},
	{0x9054, {0x88,0x5C,0x08,0x3E,0x14,0xFE,0x5C,0x7E,0x48,0x40,0xBE,0x00}},
	{0x8FB0, {0x7E,0x40,0x5C,0x40,0x7E,0x54,0x56,0x54,0x54,0x5A,0xB2,0x00}},
	{0x596A, {0x10,0xFE,0x44,0xAA,0x3C,0x68,0xBC,0x28,0xFE,0x28,0x18,0x00}},
	{0x8131, {0xEA,0xA4,0xBE,0xF2,0xB2,0xBE,0xEC,0xAC,0xAC,0xB4,0xA6,0x00}},
	{0x5DFD, {0xEE,0x22,0xEE,0x88,0xEE,0x28,0x7C,0x28,0xFE,0x44,0x82,0x00}},
	{0x7AEA, {0xEE,0xC2,0xEA,0xE4,0xC4,0xEA,0x10,0x7C,0x28,0x28,0xFE,0x00}},
	{0x8FBF, {0x88,0x48,0x08,0x2A,0x2A,0xEA,0x6A,0x6A,0x7E,0x40,0xBE,0x00}},
	{0x68DA, {0x7E,0x6A,0xEA,0x7E,0x6A,0xEA,0xFE,0xEA,0x6A,0x6A,0x56,0x00}},
	{0x8C37, {0x28,0x44,0x82,0x10,0x28,0x44,0x82,0x7C,0x44,0x44,0x7C,0x00}},
	{0x72F8, {0xBE,0xAA,0x7E,0x6A,0xEA,0x7E,0x48,0xDC,0x48,0x48,0xBE,0x00}},
	{0x9C48, {0x6E,0xA4,0x3E,0xF6,0xB6,0xE0,0xAE,0xE2,0x0E,0xA2,0xAE,0x00}},
	{0x6A3D, {0x54,0x7E,0xD4,0x7E,0x76,0xE2,0xFE,0xC4,0x7E,0x54,0x4C,0x00}},
	{0x8AB0, {0xD4,0x14,0xDE,0x34,0xDE,0x14,0xD4,0x1E,0xD4,0xD4,0xDE,0x00}},
	{0x4E39, {0x7C,0x44,0x64,0x54,0x44,0xFE,0x44,0x44,0x44,0x44,0x8C,0x00}},
	{0x5358, {0x54,0x08,0x7C,0x54,0x7C,0x54,0x7C,0x10,0xFE,0x10,0x10,0x00}},
	{0x5606, {0x14,0xFE,0xB4,0xBE,0xAA,0xBE,0xA8,0xFE,0x08,0x14,0x22,0x00}},
	{0x5766, {0x5E,0x52,0x52,0xDE,0x52,0x52,0x52,0x5E,0xC0,0x00,0x3E,0x00}},
	{0x62C5, {0x5E,0x52,0xF2,0x5E,0x52,0x72,0xD2,0x5E,0x40,0x40,0xDE,0x00}},
	{0x63A2, {0x7E,0x62,0xD4,0x66,0x48,0x7E,0xC8,0x5C,0x5C,0x6A,0xC8,0x00}},
	{0x65E6, {0x7C,0x44,0x44,0x7C,0x44,0x44,0x44,0x7C,0x00,0x00,0xFE,0x00}},
	{0x6B4E, {0x54,0xF6,0x5A,0xF6,0xB4,0xF4,0x24,0xF4,0x24,0x5A,0x8A,0x00}},
	{0x6DE1, {0x88,0x2A,0x2C,0x94,0x22,0x08,0x2A,0xAC,0x88,0x94,0xA2,0x00}},
	{0x6E5B, {0x94,0x3E,0x14,0x9C,0x14,0x1C,0x14,0xBE,0xB6,0xA0,0xBE,0x00}},
	{0x70AD, {0x92,0xFE,0x00,0x7E,0x48,0x6A,0x6A,0x6C,0x48,0x54,0xA2,0x00}},
	{0x77ED, {0x9E,0x80,0xEE,0x4A,0x4A,0xEE,0x40,0x4A,0x6A,0xA4,0x9E,0x00}},
	{0x7AEF, {0x6A,0x6A,0xFE,0x00,0xBE,0xA8,0xBE,0x6A,0x6A,0xEA,0x2A,0x00}},
	{0x7BAA, {0x48,0x6E,0xB4,0x54,0x7C,0x54,0x7C,0x54,0xFE,0x10,0x10,0x00}},
	{0x7DBB, {0x44,0x5E,0x92,0xCE,0x44,0x84,0xD6,0x54,0xD4,0x54,0x6E,0x00}},
	{0x803D, {0xE8,0x7E,0x6A,0x6A,0x68,0x6C,0x6C,0x6C,0xF4,0x34,0x26,0x00}},
	{0x80C6, {0xEE,0xAA,0xAA,0xEE,0xAA,0xAA,0xEA,0xAE,0xA0,0xA0,0xAE,0x00}},
	{0x86CB, {0xFE,0x12,0x5C,0x50,0xBE,0x10,0x7C,0x54,0x7C,0x14,0xFA,0x00}},
	{0x8A95, {0xF2,0x1C,0xD4,0x24,0xF6,0x14,0xD4,0x34,0xDE,0xD0,0xEE,0x00}},
	{0x935B, {0x48,0xB6,0x16,0xFA,0x50,0xF6,0x52,0xFA,0xD4,0x74,0xDA,0x00}},
	{0x56E3, {0xFE,0x82,0x8A,0xFE,0x8A,0xAA,0x9A,0x8A,0x9A,0x82,0xFE,0x00}},
	{0x58C7, {0x48,0x7E,0x40,0xFE,0x76,0x7E,0x5C,0x54,0xDC,0x00,0x3E,0x00}},
	{0x5F3E, {0xEA,0x44,0x7E,0xEA,0xBE,0xAA,0xFE,0x48,0x7E,0x48,0xC8,0x00}},
	{0x65AD, {0xA2,0xEC,0xF8,0xA8,0xFE,0xAA,0xFA,0xEA,0xAA,0x8A,0xF2,0x00}},
	{0x6696, {0x06,0xF8,0xAA,0xBE,0xE8,0xBE,0xA8,0xAE,0xF2,0x0C,0x32,0x00}},
	{0x6A80, {0x48,0x7E,0xC0,0x7E,0x76,0xFE,0xDC,0xD4,0x5C,0x40,0x7E,0x00}},
	{0x6BB5, {0x2E,0x4A,0x4A,0x60,0x4E,0x62,0x4A,0x64,0xC4,0x4A,0x52,0x00}},
	{0x7537, {0xFE,0x92,0xFE,0x92,0xFE,0x10,0xFE,0x22,0x22,0x42,0x8C,0x00}},
	{0x8AC7, {0xC8,0x2A,0xEC,0x14,0xE2,0x08,0xEA,0x2C,0xC8,0xD4,0xE2,0x00}},
	{0x5024, {0x24,0x3E,0x44,0x6E,0xEA,0x6E,0x6A,0x6A,0x6E,0x60,0x7E,0x00}},
	{0x77E5, {0x40,0x4E,0x7A,0xAA,0x2A,0xFA,0x2A,0x2A,0x5A,0x5A,0x8E,0x00}},
	{0x5730, {0x44,0x54,0x56,0xDE,0x76,0x56,0x54,0x54,0xD2,0x12,0x1E,0x00}},
	{0x5F1B, {0xC4,0x54,0x56,0xDE,0xB6,0x96,0xD4,0x54,0x52,0x52,0xDE,0x00}},
	{0x6065, {0xE8,0x64,0x60,0x68,0x6A,0x7A,0x7A,0x78,0xEA,0x2A,0x2E,0x00}},
	{0x667A, {0x40,0x7E,0xAA,0xFA,0x2E,0xD0,0x7C,0x44,0x7C,0x44,0x7C,0x00}},
	{0x6C60, {0x84,0x54,0x16,0x9E,0x36,0x16,0x14,0x54,0x52,0x92,0x9E,0x00}},
	{0x75F4, {0x08,0x7E,0x40,0xE6,0x7E,0x56,0xD6,0x7E,0x56,0x56,0xA8,0x00}},
	{0x7A1A, {0x34,0xD4,0x5E,0x74,0xDE,0x54,0x54,0xDE,0xD4,0x54,0x5E,0x00}},
	{0x7F6E, {0xFE,0xAA,0xFE,0x10,0xFE,0x24,0xBC,0xA4,0xBC,0x80,0xFE,0x00}},
	{0x81F4, {0xF4,0x24,0x46,0x5A,0xFA,0x2A,0x74,0x24,0x34,0xCA,0x12,0x00}},
	{0x8718, {0x60,0x66,0xFE,0xD6,0xD6,0xFE,0xD6,0x56,0x56,0x6E,0xC8,0x00}},
	{0x9045, {0x9E,0x52,0x1E,0x10,0x1A,0xDE,0x54,0x5E,0x64,0x40,0xBE,0x00}},
	{0x99B3, {0xE4,0x94,0xD6,0x9E,0xD6,0x96,0xF4,0x34,0xB2,0xB2,0x5E,0x00}},
	{0x7BC9, {0x48,0x6E,0xB4,0xFC,0x54,0xE6,0x10,0xFE,0x38,0x54,0x92,0x00}},
	{0x755C, {0x10,0xFE,0x20,0x68,0x10,0x24,0xFE,0x54,0x7C,0x54,0x7C,0x00}},
	{0x7AF9, {0x48,0x48,0x6E,0xB4,0x24,0x24,0x24,0x24,0x24,0x24,0x2C,0x00}},
	{0x7B51, {0x48,0x6E,0xB4,0x00,0xFC,0x54,0x5C,0x54,0x74,0xD4,0x26,0x00}},
	{0x84C4, {0x28,0xFE,0x28,0x10,0xFE,0x24,0xFA,0x54,0x7C,0x54,0x7C,0x00}},
	{0x9010, {0xBE,0x48,0x10,0x2A,0x14,0xEC,0x54,0x66,0x58,0x40,0xBE,0x00}},
	{0x79E9, {0x28,0xD8,0x5C,0x68,0xC8,0x7E,0x48,0xC8,0xD4,0x54,0x62,0x00}},
	{0x7A92, {0x10,0xFE,0xAA,0x4C,0xFE,0x28,0x74,0x10,0x7C,0x10,0xFE,0x00}},
	{0x8336, {0x28,0xFE,0x28,0x10,0x28,0x54,0xBA,0x10,0x54,0x92,0x10,0x00}},
	{0x5AE1, {0x48,0x7E,0x54,0xFE,0xAA,0xBE,0xEA,0x7E,0x76,0xBE,0xA2,0x00}},
	{0x7740, {0x44,0xFE,0x10,0x7C,0x10,0xFE,0x3C,0x64,0xBC,0x24,0x3C,0x00}},
	{0x4E2D, {0x10,0x10,0xFE,0x92,0x92,0x92,0xFE,0x10,0x10,0x10,0x10,0x00}},
	{0x4EF2, {0x28,0x28,0x7E,0x6A,0xEA,0x6A,0x7E,0x48,0x48,0x48,0x48,0x00}},
	{0x5B99, {0x10,0xFE,0x92,0x10,0x7C,0x54,0x54,0x7C,0x54,0x54,0x7C,0x00}},
	{0x5FE0, {0x10,0x7C,0x54,0x54,0x54,0x7C,0x10,0x54,0x42,0xCA,0xBA,0x00}},
	{0x62BD, {0x48,0x48,0xFE,0x6A,0x6A,0x7E,0xEA,0x6A,0x6A,0x6A,0xFE,0x00}},
	{0x663C, {0x7C,0x44,0x7C,0x48,0x7C,0xAA,0x38,0x28,0x38,0x00,0xFE,0x00}},
	{0x67F1, {0x50,0x48,0xFE,0x48,0x48,0xC8,0xDC,0xC8,0x48,0x48,0x7E,0x00}},
	{0x6CE8, {0x90,0x48,0x3E,0x88,0x48,0x08,0x1C,0x48,0x48,0x88,0xBE,0x00}},
	{0x866B, {0x10,0x10,0x7C,0x54,0x54,0x54,0x7C,0x10,0x10,0x14,0xFA,0x00}},
	{0x8877, {0x10,0xFE,0x10,0x7C,0x54,0x7C,0x28,0x6A,0xA4,0x34,0x62,0x00}},
	{0x8A3B, {0xD0,0x08,0xFE,0x08,0xC8,0x08,0xDC,0x08,0xC8,0xC8,0xFE,0x00}},
	{0x914E, {0xE4,0x44,0x5E,0xE4,0xE4,0xF4,0xAC,0xA4,0xE4,0xA4,0xEC,0x00}},
	{0x92F3, {0x48,0xBC,0x08,0xFC,0x48,0xFE,0x54,0xFE,0xE4,0x54,0xCC,0x00}},
	{0x99D0, {0xE8,0x84,0xDE,0x84,0xC4,0x8E,0xE4,0x24,0xA4,0xA4,0x5E,0x00}},
	{0x6A17, {0x5C,0x48,0xFE,0x6A,0x54,0xC0,0xFE,0xD0,0x5E,0x42,0x46,0x00}},
	{0x7026, {0xB4,0x14,0x2E,0x94,0x3E,0x58,0x1E,0xBA,0xDE,0x9A,0xAE,0x00}},
	{0x732A, {0xA4,0xA4,0x5E,0x44,0xBE,0x28,0x6E,0xBA,0x2E,0x2A,0xCE,0x00}},
	{0x82E7, {0x28,0xFE,0x28,0x10,0xFE,0x82,0x7C,0x10,0x10,0x10,0x30,0x00}},
	{0x8457, {0x28,0xFE,0x28,0x10,0x7A,0x14,0xFE,0x24,0x7C,0xA4,0x3C,0x00}},
	{0x8CAF, {0xE4,0xBE,0xF2,0xA0,0xEE,0xA4,0xA4,0xE4,0x04,0xA4,0xAC,0x00}},
	{0x4E01, {0xFE,0x10,0x10,0x10,0x10,0x10,0x10,0x10,0x10,0x10,0x30,0x00}},
	{0x5146, {0x28,0x28,0xAA,0x6C,0x28,0x6C,0xAA,0x28,0x2A,0x4A,0x8E,0x00}},
	{0x51CB, {0x3E,0xA2,0x6A,0x3E,0x2A,0x3E,0x62,0x7E,0xB6,0xBE,0x22,0x00}},
	{0x558B, {0x2A,0xFE,0xAA,0xAE,0xA0,0xBE,0xA8,0xFE,0x1C,0x2A,0x08,0x00}},
	{0x5BF5, {0x10,0xFE,0x82,0x26,0xF4,0x56,0xF2,0x54,0x76,0x54,0x56,0x00}},
	{0x5E16, {0x48,0x48,0xE8,0xEE,0xE8,0xE8,0xFE,0x52,0x52,0x52,0x5E,0x00}},
	{0x5E33, {0x5E,0x50,0xDC,0xD0,0xDC,0xD0,0xFE,0x54,0x56,0x54,0x5A,0x00}},
	{0x5E81, {0x08,0x7E,0x40,0x40,0x7E,0x48,0x48,0x48,0x48,0x48,0x98,0x00}},
	{0x5F14, {0x7C,0x14,0x14,0x7C,0x50,0x90,0xFE,0x12,0x12,0x16,0x10,0x00}},
	{0x5F35, {0xDE,0x50,0x5C,0xD0,0x9C,0x90,0xFE,0x54,0x56,0x54,0xDA,0x00}},
	{0x5F6B, {0xFA,0x8A,0xAC,0xF8,0xAA,0xFA,0x8C,0xF8,0xDA,0xFA,0x8C,0x00}},
	{0x5FB4, {0x54,0x54,0xBE,0x06,0x7E,0x56,0xFE,0x56,0x54,0x7A,0x4A,0x00}},
	{0x61F2, {0x54,0x56,0xBE,0x46,0xFE,0x54,0x7A,0x00,0x54,0xCA,0xBA,0x00}},
	{0x6311, {0x54,0x54,0xF6,0x54,0x54,0x54,0xF6,0x54,0x54,0x54,0xE6,0x00}},
	{0x66A2, {0x4E,0x4A,0xEE,0xAA,0xBE,0xE8,0xAE,0xAA,0xF6,0x4A,0x56,0x00}},
	{0x671D, {0x4E,0xEA,0x4A,0xEE,0xAA,0xEA,0xAE,0xEA,0x4A,0xEA,0x56,0x00}},
	{0x6F6E, {0xAE,0x7A,0x2A,0xFE,0x5A,0x7A,0x5E,0xFA,0xAA,0xF2,0xA6,0x00}},
	{0x7252, {0xAA,0xBE,0xAA,0xEE,0x88,0xEE,0xA4,0xBE,0xAC,0xB6,0xA4,0x00}},
	{0x753A, {0xF0,0xBE,0xB4,0xB4,0xF4,0xB4,0xB4,0xB4,0xF4,0x04,0x0C,0x00}},
	{0x773A, {0x14,0xF4,0xB6,0xF4,0xB4,0xF4,0xB6,0xB4,0xF4,0x14,0x26,0x00}},
	{0x8074, {0xE4,0x7E,0x64,0x7E,0x76,0x7E,0x60,0x6A,0xE8,0x3A,0x36,0x00}},
	{0x8139, {0xEE,0xA8,0xAC,0xE8,0xAC,0xA8,0xFE,0xA8,0xAA,0xAC,0xAA,0x00}},
	{0x8178, {0xEE,0xAA,0xAE,0xEA,0xBE,0xA8,0xEE,0xAA,0xB6,0xAA,0xB6,0x00}},
	{0x8776, {0x6A,0x7E,0xEA,0xAE,0xA0,0xBE,0xC8,0x7E,0x5C,0x6A,0xC8,0x00}},
	{0x8ABF, {0xFE,0x22,0xEA,0x3E,0xEA,0x3E,0xE2,0x3E,0xF6,0xBE,0xE2,0x00}},
	{0x8ADC, {0xEA,0x3E,0xEA,0x2E,0xE0,0x3E,0xC8,0x3E,0xDC,0xEA,0xC8,0x00}},
	{0x8D85, {0x2E,0x76,0x26,0x2A,0xF6,0x20,0x6E,0x7A,0x6E,0x60,0x9E,0x00}},
	{0x8DF3, {0xF4,0xB4,0xB6,0xF4,0x54,0x54,0xF6,0xD4,0xD4,0xD4,0xE6,0x00}},
	{0x929A, {0x54,0xB4,0x16,0xF4,0x54,0xF4,0x56,0xF4,0xD4,0x64,0xC6,0x00}},
	{0x9577, {0x3C,0x20,0x38,0x20,0x38,0x20,0xFE,0x28,0x2A,0x24,0x72,0x00}},
	{0x9802, {0x1E,0xE8,0x5E,0x52,0x5E,0x52,0x5E,0x52,0x5E,0xC0,0x12,0x00}},
	{0x9CE5, {0x10,0x7C,0x44,0x7C,0x44,0x7E,0x40,0x7E,0x02,0xAA,0x86,0x00}},
	{0x52C5, {0x28,0xF8,0x2E,0xFA,0xAA,0xAA,0xFA,0x2A,0x6A,0xB2,0x26,0x00}},
	{0x6357, {0x44,0x56,0xD4,0x54,0x7E,0x48,0xEA,0x5A,0x44,0x48,0xF0,0x00}},
	{0x76F4, {0x10,0xFE,0x10,0xBC,0xA4,0xBC,0xA4,0xA4,0xBC,0x80,0xFE,0x00}},
	{0x6715, {0xEA,0xAA,0xA0,0xFE,0xA4,0xA4,0xFE,0xA4,0xA4,0xAA,0xB2,0x00}},
	{0x6C88, {0x88,0x3E,0x2A,0xAA,0x08,0x0C,0x0C,0x4C,0x54,0x94,0xA6,0x00}},
	{0x73CD, {0xC8,0x54,0x62,0x48,0xD0,0x44,0x48,0x52,0xC4,0x08,0x30,0x00}},
	{0x8CC3, {0x24,0x58,0xC8,0x7E,0x48,0x7C,0x44,0x7C,0x44,0x7C,0x82,0x00}},
	{0x93AE, {0x48,0xBE,0x08,0xDC,0x54,0xDC,0x54,0xFE,0xC0,0x54,0xE2,0x00}},
	{0x9673, {0xE8,0xBE,0xA8,0xFE,0xAA,0xBE,0xAA,0xBE,0xC8,0x9C,0xAA,0x00}},
	{0x6D25, {0x88,0x3E,0x0A,0xBE,0x0A,0x3E,0x08,0x5C,0x48,0xBE,0x88,0x00}},
	{0x589C, {0xD4,0xFE,0x90,0xDA,0xEC,0xD6,0xAC,0x10,0x7C,0x10,0xFE,0x00}},
	{0x690E, {0x54,0x54,0xDE,0x74,0x5E,0xD4,0xD4,0xDE,0x54,0x54,0x5E,0x00}},
	{0x69CC, {0x62,0x56,0xC6,0x46,0x44,0xF6,0xD6,0xD6,0x56,0x50,0x6E,0x00}},
	{0x8FFD, {0x88,0x5E,0x12,0x1E,0x10,0xDE,0x52,0x52,0x5E,0x40,0xBE,0x00}},
	{0x939A, {0x52,0xA6,0x06,0xE6,0x44,0xF6,0x56,0xF6,0xD6,0x70,0xDE,0x00}},
	{0x75DB, {0x08,0x7E,0x40,0xFE,0x44,0x7E,0xEA,0x7E,0x6A,0x7E,0xAA,0x00}},
	{0x901A, {0xBE,0x04,0x3E,0x2A,0x3E,0xEA,0x7E,0x6A,0x6A,0x40,0xBE,0x00}},
	{0x585A, {0x7E,0x62,0x7C,0xD0,0x5A,0x6C,0x54,0x6C,0xD4,0x26,0x18,0x00}},
	{0x6802, {0x5E,0x52,0xDA,0x52,0x7E,0xD2,0xDA,0xD2,0x5E,0x42,0x46,0x00}},
	{0x63B4, {0x7E,0x62,0xFE,0x6A,0x6A,0x7E,0xEA,0x6A,0x7E,0x62,0xFE,0x00}},
	{0x69FB, {0x56,0x56,0xFE,0x56,0x56,0xFE,0xD6,0xD4,0x54,0x6A,0x4A,0x00}},
	{0x4F43, {0x3E,0x2A,0x6A,0x6A,0xEA,0x7E,0x6A,0x6A,0x6A,0x6A,0x7E,0x00}},
	{0x6F2C, {0x88,0x5C,0x08,0x9C,0x08,0x3E,0x14,0x5C,0x54,0x9C,0xA2,0x00}},
	{0x67D8, {0x5E,0x48,0xE8,0x48,0x4E,0xDA,0xEA,0xCA,0x4A,0x4A,0x4E,0x00}},
	{0x8FBB, {0x88,0x48,0x08,0x3E,0x08,0xC8,0x48,0x48,0x48,0x40,0xBE,0x00}},
	{0x8526, {0x28,0xFE,0x10,0x7C,0x44,0x7C,0x44,0x7E,0x02,0xAA,0x86,0x00}},
	{0x7DB4, {0x5E,0x4A,0x8A,0xD4,0x6A,0x80,0xDE,0x4A,0xEA,0x54,0x6A,0x00}},
	{0x9354, {0x56,0xB6,0x16,0xE0,0x4C,0xE0,0x5E,0xE8,0xCE,0x62,0xC6,0x00}},
	{0x693F, {0x48,0x5C,0xC8,0x7E,0x54,0xFE,0xDC,0xF6,0x5C,0x54,0x5C,0x00}},
	{0x6F70, {0x88,0x3E,0x2A,0xBE,0x14,0x1C,0x14,0x5C,0x54,0x9C,0xA2,0x00}},
	{0x576A, {0x7E,0x48,0x6A,0xEA,0x48,0x48,0x7E,0x48,0xC8,0x08,0x08,0x00}},
	{0x58F7, {0x10,0xFE,0x10,0x7C,0xFE,0xAA,0x7C,0x6C,0x7C,0x28,0xFE,0x00}},
	{0x5B2C, {0x9C,0x88,0xBE,0xEA,0xC0,0xFE,0xC8,0x7E,0x6A,0xAA,0xAA,0x00}},
	{0x7D2C, {0x48,0x48,0xBE,0xEA,0x6A,0xBE,0xEA,0x6A,0xEA,0x6A,0x7E,0x00}},
	{0x722A, {0x0C,0x70,0x54,0x54,0x54,0x54,0x54,0x54,0x54,0x54,0x92,0x00}},
	{0x540A, {0x7C,0x44,0x44,0x7C,0x10,0xFE,0x92,0x92,0x96,0x10,0x10,0x00}},
	{0x91E3, {0x48,0xAE,0x12,0xE2,0x52,0xEA,0x4A,0xE2,0xC2,0x62,0xCC,0x00}},
	{0x9DB4, {0x24,0xFE,0xAA,0x2E,0x7A,0xEE,0x78,0x6E,0x72,0x6A,0x76,0x00}},
	{0x4EAD, {0x10,0xFE,0x44,0x7C,0x00,0xFE,0x82,0x7C,0x10,0x10,0x30,0x00}},
	{0x4F4E, {0x22,0x3C,0x54,0x54,0xDE,0x54,0x54,0x54,0x5A,0x42,0x5A,0x00}},
	{0x505C, {0x28,0x3E,0x54,0x5C,0xC0,0x7E,0x62,0x5C,0x48,0x48,0x58,0x00}},
	{0x5075, {0x28,0x2E,0x48,0x5C,0xD4,0x5C,0x54,0x5C,0x54,0x5C,0x62,0x00}},
	{0x5243, {0x52,0x22,0xFA,0x2A,0xFA,0xA2,0xFA,0x2A,0x6A,0xBA,0x26,0x00}},
	{0x8C9E, {0x10,0x1E,0x10,0x7C,0x44,0x7C,0x44,0x7C,0x44,0x7C,0x82,0x00}},
	{0x5448, {0x7C,0x44,0x44,0x7C,0x00,0x7C,0x10,0x7C,0x10,0x10,0xFE,0x00}},
	{0x5824, {0x5E,0x52,0x5E,0xF2,0x5E,0x40,0x5E,0x64,0xD6,0x14,0x2E,0x00}},
	{0x5B9A, {0x10,0xFE,0x82,0x7C,0x10,0x10,0x5C,0x50,0x50,0x70,0x9E,0x00}},
	{0x5E1D, {0x10,0xFE,0x28,0x28,0xFE,0x92,0x7C,0x54,0x54,0x54,0x10,0x00}},
	{0x5E95, {0x08,0x7E,0x42,0x5C,0x54,0x5E,0x54,0x54,0x5A,0x42,0xBA,0x00}},
	{0x5EAD, {0x08,0x7E,0x40,0x72,0x5C,0x64,0x7E,0x54,0x7E,0x50,0xAE,0x00}},
	{0x5EF7, {0xC4,0x58,0x48,0x88,0xFE,0x48,0x48,0xC8,0x5C,0x40,0xBE,0x00}},
	{0x5F1F, {0x44,0x08,0xFE,0x12,0xFE,0x90,0xFE,0x12,0x32,0x56,0x90,0x00}},
	{0x608C, {0x54,0x48,0xFE,0xCA,0xFE,0x68,0x7E,0x4A,0x5A,0x6E,0x48,0x00}},
	{0x62B5, {0x42,0x5C,0xD4,0x54,0x5E,0x54,0xD4,0x54,0x5A,0x42,0xDA,0x00}},
	{0x633A, {0x72,0x5C,0xD4,0x64,0x7E,0x54,0xD4,0x74,0x5E,0x50,0xEE,0x00}},
	{0x63D0, {0x5E,0x52,0xDE,0x52,0x5E,0x40,0xDE,0x44,0x56,0x54,0xEE,0x00}},
	{0x68AF, {0x54,0x48,0xFE,0x4A,0x7E,0xE8,0xFE,0xCA,0x5A,0x6E,0x48,0x00}},
	{0x6C40, {0xBE,0x44,0x04,0x84,0x44,0x04,0x04,0x44,0x44,0x84,0x8C,0x00}},
	{0x7887, {0x04,0xFE,0x52,0x4E,0x44,0x84,0x76,0x54,0x54,0x7C,0x16,0x00}},
	{0x798E, {0x48,0x4E,0xE8,0x3C,0x54,0x5C,0xF4,0x5C,0x54,0x5C,0x62,0x00}},
	{0x7A0B, {0x3E,0xD2,0x52,0x5E,0xE0,0x5E,0x44,0xEE,0xC4,0x44,0x5E,0x00}},
	{0x7DE0, {0x48,0x7E,0x94,0xD4,0x7E,0xAA,0xC8,0x7E,0xEA,0x6A,0x48,0x00}},
	{0x8247, {0x72,0xDC,0xD4,0xE4,0xFE,0xD4,0xD4,0xF4,0xDE,0xD0,0xAE,0x00}},
	{0x8A02, {0xFE,0x04,0xE4,0x04,0xE4,0x04,0xE4,0x04,0xE4,0xA4,0xEC,0x00}},
	{0x8AE6, {0xC8,0x3E,0xD4,0x14,0xFE,0x2A,0xC8,0x3E,0xEA,0xAA,0xE8,0x00}},
	{0x8E44, {0xE8,0xBE,0xB4,0xD4,0x7E,0x6A,0xC8,0xFE,0xEA,0xEA,0xC8,0x00}},
	{0x9013, {0x9E,0x54,0x1E,0x14,0x1E,0xE4,0x5E,0x56,0x44,0x40,0xBE,0x00}},
	{0x90B8, {0x16,0xE6,0xA6,0xA4,0xF6,0xA6,0xA6,0xA6,0xD4,0x14,0xD4,0x00}},
	{0x912D, {0x56,0x26,0xFE,0x54,0xFE,0xDE,0x8E,0xFE,0x24,0x54,0x8C,0x00}},
	{0x91D8, {0x5E,0xA4,0x04,0xE4,0x44,0xE4,0x44,0xE4,0xC4,0x64,0xCC,0x00}},
	{0x9F0E, {0x38,0xAA,0xBA,0xAA,0xBA,0xEE,0x28,0xEE,0x2A,0x6A,0xAA,0x00}},
	{0x6CE5, {0xBE,0x22,0x22,0xBE,0x28,0x2A,0x2C,0xA8,0xA8,0xCA,0x8E,0x00}},
	{0x6458, {0x48,0x7E,0xD4,0x7E,0x6A,0x7E,0xEA,0x7E,0x76,0x7E,0xE2,0x00}},
	{0x64E2, {0x76,0x52,0xF6,0x52,0x76,0x54,0xDE,0x74,0x5E,0x54,0xDE,0x00}},
	{0x6575, {0x24,0xFC,0x56,0xFA,0xAA,0xFA,0xAA,0xFC,0xDC,0xFA,0x8A,0x00}},
	{0x6EF4, {0x88,0x3E,0x14,0xBE,0x2A,0x3E,0x2A,0xBE,0xB6,0xBE,0xA2,0x00}},
	{0x7684, {0x48,0x4E,0xF2,0xA2,0xB2,0xEA,0xAA,0xA2,0xA2,0xE2,0x0C,0x00}},
	{0x7B1B, {0x48,0x6E,0xB4,0x10,0x7C,0x54,0x54,0x7C,0x54,0x54,0x7C,0x00}},
	{0x9069, {0x88,0x3E,0x14,0x3E,0x2A,0xFE,0x6A,0x76,0x7E,0x40,0xBE,0x00}},
	{0x93D1, {0x48,0xBE,0x14,0xFE,0x6A,0xFE,0x6A,0xFE,0xF6,0x7E,0xE2,0x00}},
	{0x6EBA, {0xB6,0x12,0x36,0xA4,0x36,0x12,0x36,0xDA,0xB6,0xDA,0xB6,0x00}},
	{0x54F2, {0x44,0xD8,0x50,0x5E,0xD4,0x64,0x44,0x7C,0x44,0x44,0x7C,0x00}},
	{0x5FB9, {0x54,0x7C,0x96,0x2A,0x7A,0x4A,0xFA,0x6C,0x7C,0x6A,0x6A,0x00}},
	{0x64A4, {0x54,0x7C,0xD6,0x6A,0x7A,0x4A,0xFA,0x6C,0x7C,0x6A,0xEA,0x00}},
	{0x8F4D, {0x54,0xFC,0x56,0xEA,0xFA,0xCA,0xFA,0xEC,0x7C,0xEA,0x6A,0x00}},
	{0x8FED, {0xA8,0x3E,0x28,0x48,0x3E,0xC8,0x48,0x54,0x62,0x40,0xBE,0x00}},
	{0x9244, {0x44,0xB4,0x1E,0xF4,0x44,0xFE,0x44,0xE4,0xC4,0x6A,0xD2,0x00}},
	{0x5178, {0x28,0x28,0x7C,0x6C,0x7C,0x6C,0x6C,0xFE,0x00,0x44,0x82,0x00}},
	{0x586B, {0x48,0x7E,0x48,0xDC,0x54,0x5C,0x54,0x7E,0xC0,0x14,0x22,0x00}},
	{0x5929, {0xFE,0x10,0x10,0x10,0x7C,0x10,0x10,0x28,0x28,0x44,0x82,0x00}},
	{0x5C55, {0x7E,0x42,0x7E,0x54,0x7E,0x54,0x7E,0x54,0x56,0x54,0x9A,0x00}},
	{0x5E97, {0x08,0x7E,0x48,0x48,0x4E,0x48,0x48,0x5E,0x52,0x52,0x9E,0x00}},
	{0x6DFB, {0x84,0x18,0x08,0xBE,0x14,0x22,0x08,0xAA,0xAE,0x8A,0x98,0x00}},
	{0x7E8F, {0x44,0x7E,0xA0,0xEE,0x6E,0xA4,0xFE,0x6A,0xF4,0x64,0x5E,0x00}},
	{0x751C, {0x2A,0xCA,0x5E,0x4A,0xEA,0x4E,0x4A,0xEA,0xAA,0xAA,0xEE,0x00}},
	{0x8CBC, {0xE8,0xA8,0xE8,0xAE,0xE8,0xA8,0xBE,0xF2,0x12,0xB2,0xBE,0x00}},
	{0x8EE2, {0x4E,0xE0,0x40,0xFE,0xE4,0xE4,0xE8,0xE8,0x4A,0xF2,0x5E,0x00}},
	{0x985B, {0x2E,0xF4,0x2E,0x7A,0x5E,0x7A,0x5E,0xFA,0x0E,0x50,0x8A,0x00}},
	{0x70B9, {0x10,0x10,0x1C,0x10,0x7C,0x44,0x44,0x7C,0x00,0x54,0xAA,0x00}},
	{0x4F1D, {0x2E,0x20,0x40,0x5E,0xC4,0x44,0x48,0x48,0x4A,0x52,0x5E,0x00}},
	{0x6BBF, {0x7E,0x4A,0x7A,0x40,0x6E,0x7A,0x6A,0x7C,0x44,0x6A,0xAA,0x00}},
	{0x6FB1, {0xBE,0x2A,0x3A,0xA0,0x2E,0x3A,0x2A,0xBC,0xC4,0xAA,0xAA,0x00}},
	{0x7530, {0x00,0xFE,0x92,0x92,0x92,0xFE,0x92,0x92,0x92,0x92,0xFE,0x00}},
	{0x96FB, {0x7C,0x10,0xFE,0x92,0x7C,0x54,0x7C,0x54,0x7C,0x12,0x1E,0x00}},
	{0x514E, {0x0C,0x70,0x10,0x7C,0x54,0x54,0x7C,0x2A,0x28,0x4A,0x8E,0x00}},
	{0x5410, {0x04,0xE4,0xA4,0xBE,0xA4,0xA4,0xA4,0xE4,0x04,0x04,0x1E,0x00}},
	{0x5835, {0x48,0x4A,0x5C,0xC8,0x7E,0x50,0x5E,0x72,0xDE,0x12,0x1E,0x00}},
	{0x5857, {0x88,0x14,0xBE,0x08,0x3E,0x88,0xAA,0x10,0x7C,0x10,0xFE,0x00}},
	{0x59AC, {0x5E,0x48,0x48,0xE8,0xAE,0xAA,0xDA,0x4A,0x6A,0xAA,0x8E,0x00}},
	{0x5C60, {0x7E,0x42,0x7E,0x48,0x5C,0x4A,0x7E,0x50,0x7E,0x52,0x9E,0x00}},
	{0x5F92, {0x44,0x5E,0x84,0x04,0x7E,0x44,0xD6,0x54,0x54,0x54,0x6E,0x00}},
	{0x6597, {0x08,0x28,0x18,0x08,0x48,0x28,0x08,0x0E,0xF8,0x08,0x08,0x00}},
	{0x675C, {0x44,0x44,0xE4,0x5E,0x44,0xC4,0xE4,0xC4,0x44,0x44,0x5E,0x00}},
	{0x6E21, {0x84,0x3E,0x2A,0xBE,0x2A,0x2E,0x20,0xAE,0xAA,0xC4,0x9A,0x00}},
	{0x767B, {0x74,0xAA,0x44,0xBA,0x00,0x7C,0x44,0x7C,0x28,0x28,0xFE,0x00}},
	{0x83DF, {0x28,0xFE,0x20,0x38,0x48,0xFC,0x54,0x7C,0x2A,0x28,0xCE,0x00}},
	{0x8CED, {0xE4,0xA4,0xEE,0xA4,0xFE,0xA8,0xBE,0xEA,0x0E,0xAA,0xAE,0x00}},
	{0x9014, {0x88,0x14,0x22,0x1C,0x08,0xFE,0x48,0x6A,0x58,0x40,0xBE,0x00}},
	{0x90FD, {0x26,0x2E,0x76,0x24,0xFE,0x46,0x76,0xD6,0x74,0x54,0x74,0x00}},
	{0x934D, {0x44,0xBE,0x2A,0xFE,0x6A,0xEE,0x60,0xEE,0xEA,0x64,0xDA,0x00}},
	{0x7825, {0x02,0xFC,0x54,0x54,0x5E,0x94,0x74,0x54,0x5A,0x62,0x1A,0x00}},
	{0x783A, {0x1E,0xF0,0x50,0x5E,0x54,0x94,0x76,0x5A,0x5A,0x72,0x06,0x00}},
	{0x52AA, {0x2E,0xF2,0x5A,0x54,0x34,0xCA,0x10,0xFE,0x12,0x22,0xCC,0x00}},
	{0x5EA6, {0x08,0x7E,0x54,0x7E,0x54,0x5C,0x40,0x5C,0x54,0x48,0xB6,0x00}},
	{0x571F, {0x10,0x10,0x10,0x7C,0x10,0x10,0x10,0x10,0x10,0x10,0xFE,0x00}},
	{0x5974, {0x2E,0x22,0x2A,0xFA,0x5A,0x5A,0x64,0x24,0x24,0x6A,0x92,0x00}},
	{0x6012, {0x2E,0xF2,0x5A,0x54,0x34,0xCA,0x00,0x54,0x42,0xCA,0xBA,0x00}},
	{0x5012, {0x3A,0x32,0x66,0x7E,0xD6,0x56,0x7A,0x52,0x5A,0x72,0x46,0x00}},
	{0x515A, {0x54,0x10,0xFE,0x82,0x7C,0x44,0x7C,0x28,0x28,0x4A,0x8E,0x00}},
	{0x51AC, {0x20,0x3C,0x44,0xA8,0x10,0x28,0xD6,0x08,0x00,0x70,0x0C,0x00}},
	{0x51CD, {0x08,0xBE,0x48,0x3E,0x2A,0x3E,0x6A,0x7E,0x88,0x9C,0x2A,0x00}},
	{0x5200, {0xFE,0x12,0x12,0x12,0x12,0x22,0x22,0x22,0x42,0x42,0x8C,0x00}},
	{0x5510, {0x08,0x7E,0x48,0x5E,0x4A,0x7E,0x40,0x5E,0x52,0x52,0x9E,0x00}},
	{0x5854, {0x54,0x7E,0x54,0xC8,0x54,0x62,0x5C,0x40,0xDC,0x14,0x1C,0x00}},
	{0x5858, {0x44,0x7E,0x64,0xEE,0x66,0x7E,0x60,0x7E,0xD2,0x12,0x1E,0x00}},
	{0x5957, {0x10,0xFE,0x44,0xBA,0x20,0x38,0x20,0xFE,0x10,0x24,0xFA,0x00}},
	{0x5B95, {0x10,0xFE,0x82,0x7C,0x20,0x20,0x3C,0x64,0xA4,0x24,0x3C,0x00}},
	{0x5CF6, {0x10,0x7C,0x44,0x7C,0x44,0x7E,0x40,0x7E,0x22,0xAA,0xFA,0x00}},
	{0x5D8B, {0x48,0x5E,0x52,0x5E,0xD2,0xDE,0xD0,0xDE,0xC2,0x2A,0x26,0x00}},
	{0x60BC, {0x48,0x4E,0xC8,0xDC,0xD4,0x5C,0x54,0x5C,0x48,0x7E,0x48,0x00}},
	{0x6295, {0x5C,0x54,0xD4,0x66,0x5C,0x44,0xD4,0x48,0x48,0x54,0xE2,0x00}},
	{0x642D, {0x54,0x7E,0xD4,0x48,0x54,0x62,0xDC,0x40,0x5C,0x54,0xDC,0x00}},
	{0x6771, {0x10,0xFE,0x10,0x7C,0x54,0x7C,0x54,0x7C,0x38,0x54,0x92,0x00}},
	{0x6843, {0x54,0x54,0xF6,0x54,0x54,0xD4,0xF6,0xD4,0x54,0x54,0x66,0x00}},
	{0x68BC, {0x48,0x5C,0xC8,0x5C,0x48,0xFE,0xD4,0xFE,0x64,0x54,0x4C,0x00}},
	{0x68DF, {0x48,0x7E,0xC8,0x7E,0x6A,0xFE,0xEA,0xFE,0x48,0x5C,0x6A,0x00}},
	{0x76D7, {0x10,0x9E,0x2A,0x08,0x54,0xA2,0x00,0x7C,0x54,0x54,0xFE,0x00}},
	{0x6DD8, {0x90,0x1E,0x32,0x9E,0x2A,0x1E,0x0A,0xAA,0xBE,0x82,0x86,0x00}},
	{0x6E6F, {0x9C,0x54,0x1C,0x94,0x3E,0x10,0x1E,0xAA,0x96,0xAA,0x96,0x00}},
	{0x6D9B, {0x88,0x3C,0x08,0xBC,0x08,0x7E,0x14,0xFE,0xA4,0xD4,0x8C,0x00}},
	{0x706F, {0x5E,0x44,0x44,0xE4,0xC4,0xC4,0x44,0x44,0x64,0xA4,0x8C,0x00}},
	{0x71C8, {0x7A,0x54,0x62,0xDC,0xC0,0xFE,0x62,0x7E,0x54,0x94,0xBE,0x00}},
	{0x5F53, {0x10,0x92,0x54,0x10,0xFE,0x02,0x02,0x7E,0x02,0x02,0xFE,0x00}},
	{0x75D8, {0x08,0x7E,0x40,0xFE,0x40,0x7E,0xE2,0x7E,0x54,0x54,0xBE,0x00}},
	{0x7977, {0x48,0x5C,0xE8,0x3C,0x48,0x7E,0xD4,0x7E,0x64,0x54,0x4C,0x00}},
	{0x7B49, {0x48,0x6E,0xB4,0x10,0x7C,0x10,0xFE,0x08,0xFE,0x28,0x18,0x00}},
	{0x7B54, {0x48,0x6E,0xB4,0x10,0x28,0x44,0xBA,0x00,0x7C,0x44,0x7C,0x00}},
	{0x7B52, {0x48,0x6E,0xB4,0xFE,0x82,0xBA,0x82,0xBA,0xAA,0xBA,0x86,0x00}},
	{0x7CD6, {0x44,0xDE,0xD4,0x5E,0xD6,0x5E,0xD0,0xDE,0xF2,0x52,0x5E,0x00}},
	{0x7D71, {0x48,0x7E,0x88,0xD0,0x62,0xBE,0xD4,0x54,0xD4,0x54,0x66,0x00}},
	{0x5230, {0xF2,0x2A,0x4A,0x5A,0xFA,0x2A,0x72,0x22,0x32,0xC2,0x06,0x00}},
	{0x8463, {0x28,0xFE,0x2C,0x70,0xFE,0x54,0x7C,0x54,0x7C,0x10,0xFE,0x00}},
	{0x8569, {0x28,0xFE,0x28,0x9C,0x14,0xBE,0x10,0x1E,0xAA,0x96,0xAA,0x00}},
	{0x85E4, {0x28,0xFE,0x28,0xF4,0xA8,0xFE,0xA8,0xF4,0xAA,0xBC,0xAA,0x00}},
	{0x8A0E, {0xE4,0x04,0xFE,0x04,0xE4,0x14,0xEC,0x04,0xE4,0xA4,0xEC,0x00}},
	{0x8B04, {0xE4,0xB6,0xA4,0xFE,0xAC,0xB2,0xEC,0xA0,0xAE,0xAA,0xAE,0x00}},
	{0x8C46, {0xFE,0x00,0x7C,0x44,0x44,0x7C,0x08,0x28,0x28,0x08,0xFE,0x00}},
	{0x8E0F, {0xE8,0xAA,0xBC,0xE8,0x5C,0x6A,0xDC,0xD4,0xDC,0xF4,0xDC,0x00}},
	{0x9003, {0x94,0x14,0x36,0x14,0x14,0xF6,0x54,0x54,0x66,0x40,0xBE,0x00}},
	{0x900F, {0x9C,0x08,0x3E,0x1C,0x2A,0xFC,0x56,0x52,0x66,0x40,0xBE,0x00}},
	{0x9419, {0x7A,0xB4,0x22,0xDC,0x40,0xFE,0x62,0xFE,0xD4,0x54,0xFE,0x00}},
	{0x9676, {0xD0,0xDE,0xF2,0x9E,0xEA,0xDE,0xCA,0xEA,0xBE,0x82,0x86,0x00}},
	{0x982D, {0xEE,0x04,0xEE,0xAA,0xEE,0x0A,0xAE,0xAA,0x4E,0xE0,0x12,0x00}},
	{0x9A30, {0xE4,0xB6,0xA4,0xFE,0xAC,0xB2,0xEC,0xAC,0xAE,0xA2,0xB6,0x00}},
	{0x95D8, {0xEE,0xAA,0xEE,0x82,0xE6,0x8E,0xF6,0xD6,0xA6,0xF6,0x82,0x00}},
	{0x50CD, {0x24,0x3C,0x56,0x7E,0xFE,0x7E,0x56,0x7E,0x56,0x7A,0x4A,0x00}},
	{0x52D5, {0x28,0xC8,0x5E,0xEA,0xEA,0xEA,0x4A,0xEA,0x4A,0x72,0xD6,0x00}},
	{0x540C, {0xFE,0x82,0xBA,0x82,0xBA,0xAA,0xAA,0xAA,0xBA,0x82,0x86,0x00}},
	{0x5802, {0x54,0x10,0xFE,0x82,0x7C,0x44,0x7C,0x10,0x7C,0x10,0xFE,0x00}},
	{0x5C0E, {0x94,0x3E,0x08,0xD4,0x5C,0x54,0xBE,0x08,0xFE,0x28,0x18,0x00}},
	{0x61A7, {0x48,0x7E,0xD4,0xD4,0xFE,0x5C,0x5C,0x48,0x5C,0x48,0x7E,0x00}},
	{0x649E, {0x48,0x7E,0xD4,0x54,0x7E,0x5C,0xDC,0x48,0x5C,0x48,0xFE,0x00}},
	{0x6D1E, {0xBE,0x22,0x3E,0xA2,0x3E,0x36,0x36,0xB6,0xBE,0xA2,0xA6,0x00}},
	{0x77B3, {0x04,0xFE,0xAA,0xEA,0xBE,0xAE,0xEE,0xA4,0xAE,0xE4,0x1E,0x00}},
	{0x7AE5, {0x10,0x7C,0x28,0x28,0xFE,0x54,0x7C,0x54,0x7C,0x10,0xFE,0x00}},
	{0x80F4, {0xFE,0xB2,0xBE,0xF2,0xBE,0xB6,0xF6,0xB6,0xBE,0xB2,0xB6,0x00}},
	{0x8404, {0x28,0xFE,0x28,0x7E,0xC2,0x7A,0xA2,0x7A,0xAA,0xFA,0x06,0x00}},
	{0x9053, {0x94,0x3E,0x08,0x14,0x1C,0xD4,0x5C,0x54,0x5C,0x40,0xBE,0x00}},
	{0x9285, {0x5E,0xB2,0x1E,0xF2,0x5E,0xF6,0x56,0xF6,0xDE,0x72,0xD6,0x00}},
	{0x5CE0, {0x48,0x4E,0x48,0x5E,0xE0,0xFE,0xE8,0xEC,0xEA,0x08,0x08,0x00}},
	{0x9D07, {0x84,0xAE,0xCA,0x8E,0xEA,0x4E,0x48,0xEE,0x42,0x4A,0x56,0x00}},
	{0x533F, {0xFE,0x94,0xBE,0x90,0xBE,0x90,0xBE,0xD2,0x9E,0x80,0xFE,0x00}},
	{0x5F97, {0x5C,0x54,0x9C,0x14,0x7E,0x44,0xFE,0x44,0x54,0x44,0x4C,0x00}},
	{0x5FB3, {0x48,0x7E,0x88,0x3E,0x76,0x7E,0xC0,0x54,0x50,0x72,0x6E,0x00}},
	{0x6D9C, {0x88,0x3E,0x08,0x9C,0x00,0x3E,0x22,0x94,0x94,0x94,0xA6,0x00}},
	{0x7279, {0x48,0xDC,0xC8,0xFE,0xC4,0x7E,0x44,0xE4,0x54,0x44,0x4C,0x00}},
	{0x7763, {0x2E,0x32,0x2A,0xF4,0x24,0xAA,0x7C,0x44,0x7C,0x44,0x7C,0x00}},
	{0x79BF, {0x0C,0x70,0x10,0xFE,0x54,0x92,0x28,0x28,0x2A,0x4A,0x8E,0x00}},
	{0x7BE4, {0x48,0x6E,0xB4,0x7C,0x50,0x7C,0x50,0x7E,0x02,0xAA,0x86,0x00}},
	{0x6BD2, {0x10,0x7C,0x10,0x7C,0x10,0xFE,0x54,0xFE,0x54,0x7E,0x0C,0x00}},
	{0x72EC, {0xA8,0xA8,0x7E,0x6A,0xAA,0x2A,0x7E,0xA8,0x28,0x2A,0xDE,0x00}},
	{0x8AAD, {0xC8,0x3E,0xC8,0x1C,0xC0,0x3E,0xE2,0x14,0xD4,0xD4,0xE6,0x00}},
	{0x6803, {0x5E,0x50,0xD0,0x5E,0x54,0xD4,0xD6,0xEA,0x6A,0x4A,0x56,0x00}},
	{0x6A61, {0x4C,0x54,0xFE,0x6A,0x7E,0xD8,0xD6,0xEC,0x54,0x66,0x58,0x00}},
	{0x51F8, {0x38,0x28,0x28,0x28,0x28,0xEE,0x82,0x82,0x82,0x82,0xFE,0x00}},
	{0x7A81, {0x10,0xFE,0xAA,0x28,0x4C,0x10,0xFE,0x10,0x28,0x44,0x82,0x00}},
	{0x6934, {0x48,0x56,0xF6,0x5A,0x50,0xD6,0xF2,0xDA,0x54,0x54,0x5A,0x00}},
	{0x5C4A, {0x7E,0x42,0x7E,0x48,0x48,0x7E,0x6A,0x7E,0x6A,0x6A,0xBE,0x00}},
	{0x9CF6, {0x0A,0xFE,0x14,0x7E,0x44,0x7C,0x44,0x7E,0x02,0xAA,0x86,0x00}},
	{0x82EB, {0x28,0xFE,0x28,0x10,0x1E,0x10,0x7C,0x44,0x44,0x44,0x7C,0x00}},
	{0x5BC5, {0x10,0xFE,0x82,0x7C,0x10,0x7C,0x54,0x7C,0x54,0x7C,0x82,0x00}},
	{0x9149, {0xFE,0x28,0x28,0xFE,0xAA,0xAA,0xCE,0x82,0xFE,0x82,0xFE,0x00}},
	{0x701E, {0x96,0x3A,0x14,0xBE,0x16,0x7E,0x2E,0xBE,0xAA,0xBA,0xAA,0x00}},
	{0x5678, {0x2E,0xE4,0xBE,0xAA,0xAE,0xBA,0xBE,0xEA,0x2E,0x30,0x0A,0x00}},
	{0x5C6F, {0x10,0x16,0xF8,0x10,0x92,0x92,0xFE,0x10,0x10,0x12,0x1E,0x00}},
	{0x60C7, {0x48,0x7E,0xDC,0xD4,0xDC,0x40,0x5C,0x44,0x7E,0x48,0x58,0x00}},
	{0x6566, {0x24,0xF4,0x76,0x5A,0x7A,0x0A,0x7A,0x14,0xF4,0x2A,0x6A,0x00}},
	{0x6C8C, {0x88,0x0E,0x38,0x88,0x2A,0x2A,0x3E,0x88,0x88,0x8A,0x8E,0x00}},
	{0x8C5A, {0xFE,0xA8,0xA8,0xEC,0xB6,0xAC,0xF4,0xAC,0xB6,0xA4,0xAC,0x00}},
	{0x9041, {0x9E,0x54,0x1E,0x14,0x1E,0xDA,0x5E,0x6A,0x4E,0x40,0xBE,0x00}},
	{0x9813, {0x2E,0x34,0xEE,0x2A,0xAE,0xAA,0xFE,0x2A,0x2E,0x30,0x0A,0x00}},
	{0x5451, {0x0C,0x70,0x10,0xFE,0x28,0x44,0x82,0x7C,0x44,0x44,0x7C,0x00}},
	{0x66C7, {0x7C,0x44,0x7C,0x44,0xFE,0x92,0x7C,0x00,0xFE,0x24,0xFA,0x00}},
	{0x920D, {0x48,0xAE,0x18,0xE8,0x4A,0xEA,0x5E,0xE8,0xC8,0x6A,0xCE,0x00}},
	{0x5948, {0x10,0xFE,0x28,0x44,0xBA,0x00,0xFE,0x10,0x54,0x92,0x30,0x00}},
	{0x90A3, {0xF6,0x56,0x56,0xF4,0x56,0x56,0xF6,0x56,0x54,0x54,0xB4,0x00}},
	{0x5185, {0x10,0x10,0xFE,0x92,0x92,0xAA,0xAA,0xC6,0x82,0x82,0x86,0x00}},
	{0x4E4D, {0x40,0x7E,0x50,0x90,0x1E,0x10,0x10,0x1E,0x10,0x10,0x10,0x00}},
	{0x51EA, {0x7C,0x44,0x54,0x54,0x5C,0x54,0x74,0x74,0x74,0x7C,0x86,0x00}},
	{0x8599, {0x28,0xFE,0x28,0x4A,0x7E,0xAC,0x7E,0x2C,0x2E,0x5C,0x8E,0x00}},
	{0x8B0E, {0xC4,0x36,0xD4,0x04,0xDE,0x24,0xEC,0x36,0xE4,0xE0,0xDE,0x00}},
	{0x7058, {0xAA,0x7A,0x2E,0xFC,0x56,0x7C,0x14,0xBE,0x94,0xB4,0xCE,0x00}},
	{0x637A, {0x48,0x7E,0xD4,0x62,0x5C,0x40,0xFE,0x48,0x6A,0x48,0xD8,0x00}},
	{0x934B, {0x4E,0xAA,0x0E,0xEA,0x4A,0xFE,0x52,0xFE,0xD6,0x7E,0xD2,0x00}},
	{0x6962, {0x54,0x48,0xFE,0x54,0x7E,0xF6,0xF6,0xE2,0x7E,0x62,0x7E,0x00}},
	{0x99B4, {0xE2,0x92,0xDA,0x9A,0xDA,0x9A,0xFA,0x3A,0xB2,0xB2,0x62,0x00}},
	{0x7E04, {0x7E,0x6A,0xBE,0xC8,0x7E,0xAA,0xFE,0x6A,0xFE,0x48,0x4E,0x00}},
	{0x7577, {0x1E,0xEA,0xEA,0xF4,0xEA,0xE0,0xFE,0xEA,0xEA,0xF4,0x2A,0x00}},
	{0x5357, {0x10,0xFE,0x10,0xFE,0x82,0xAA,0x92,0xBA,0x92,0xBA,0x96,0x00}},
	{0x6960, {0x48,0x7E,0xC8,0x7E,0x62,0xF6,0xEA,0xFE,0x6A,0x7E,0x6A,0x00}},
	{0x8EDF, {0x48,0xEE,0x4A,0xF6,0xE4,0xE4,0xE4,0xE4,0x4A,0xEA,0x52,0x00}},
	{0x96E3, {0x54,0xF4,0x5E,0xFC,0xAE,0xFC,0x2C,0xFE,0x2C,0x5C,0x8E,0x00}},
	{0x6C5D, {0x88,0x48,0x08,0xBE,0x54,0x14,0x14,0x58,0x48,0x94,0xA2,0x00}},
	{0x4E8C, {0x00,0x7C,0x00,0x00,0x00,0x00,0x00,0x00,0x04,0xFE,0x00,0x00}},
	{0x5C3C, {0x7E,0x42,0x42,0x7E,0x50,0x52,0x5C,0x50,0x52,0x52,0x9E,0x00}},
	{0x5F10, {0x08,0x6A,0x08,0xFE,0x08,0x08,0x68,0x04,0x04,0x34,0xC2,0x00}},
	{0x8FE9, {0x90,0x1E,0x24,0x04,0x14,0xD6,0x66,0x44,0x4C,0x40,0xBE,0x00}},
	{0x5302, {0x40,0x7E,0x82,0x42,0x4A,0x72,0x42,0x4A,0x7A,0x02,0x0C,0x00}},
	{0x8CD1, {0xFE,0xB0,0xF6,0xB0,0xFE,0xB4,0xB6,0xF4,0x14,0xB2,0xBA,0x00}},
	{0x8089, {0x10,0xFE,0x92,0xAA,0xC6,0x92,0x92,0xAA,0xC6,0x82,0x86,0x00}},
	{0x8679, {0x40,0x5E,0xE4,0xA4,0xA4,0xA4,0xE4,0x44,0x44,0x64,0xDE,0x00}},
	{0x5EFF, {0x44,0x44,0x44,0xFE,0x44,0x44,0x44,0x44,0x44,0x44,0x7C,0x00}},
	{0x65E5, {0x7E,0x42,0x42,0x42,0x42,0x7E,0x42,0x42,0x42,0x42,0x7E,0x00}},
	{0x4E73, {0x1C,0xE4,0xAC,0x04,0x74,0x14,0x24,0xFC,0x24,0x24,0x66,0x00}},
	{0x5165, {0x70,0x10,0x10,0x10,0x10,0x28,0x28,0x28,0x44,0x44,0x82,0x00}},
	{0x5982, {0x20,0x2E,0x2A,0xFA,0x5A,0x5A,0x6A,0x2A,0x2A,0x5A,0x8E,0x00}},
	{0x5C3F, {0x7E,0x42,0x7E,0x48,0x48,0x7A,0x5C,0x58,0x6C,0x4A,0x98,0x00}},
	{0x97EE, {0x28,0xFE,0x28,0x28,0xEE,0x28,0xEE,0x28,0xEE,0x28,0xFE,0x00}},
	{0x4EFB, {0x24,0x38,0x48,0x48,0xC8,0x7E,0x48,0x48,0x48,0x48,0x5C,0x00}},
	{0x598A, {0x22,0x2C,0x24,0xF4,0x54,0x5E,0x64,0x24,0x24,0x64,0x9E,0x00}},
	{0x5FCD, {0x7C,0x14,0x74,0x1C,0x24,0x4C,0x00,0x54,0x42,0xCA,0xBA,0x00}},
	{0x8A8D, {0xDE,0x0A,0xDA,0x0E,0xCA,0x16,0xC0,0x14,0xD0,0xF2,0xEE,0x00}},
	{0x6FE1, {0x9C,0x08,0x3E,0xAA,0x00,0x3E,0x08,0xBE,0xAA,0xAA,0xAA,0x00}},
	{0x79B0, {0x5E,0x4C,0xFA,0x3E,0x56,0x5A,0xF6,0x5A,0x56,0x5A,0x56,0x00}},
	{0x7962, {0x50,0x5E,0xE8,0x28,0x5C,0x5A,0xDA,0x6A,0x48,0x48,0x58,0x00}},
	{0x5BE7, {0x10,0xFE,0x92,0x48,0xBA,0x00,0x7C,0x54,0xFE,0x10,0x30,0x00}},
	{0x8471, {0x28,0xFE,0x28,0x40,0x7E,0xAA,0x56,0x00,0x54,0xCA,0xBA,0x00}},
	{0x732B, {0x94,0xBE,0x54,0x40,0xFE,0x6A,0x7E,0xEA,0x6A,0x6A,0xBE,0x00}},
	{0x71B1, {0x28,0xFC,0x2C,0xFC,0x5C,0xAC,0x34,0xE6,0x00,0x54,0xAA,0x00}},
	{0x5E74, {0x40,0x7C,0x50,0x90,0x7C,0x50,0x50,0xFE,0x10,0x10,0x10,0x00}},
	{0x5FF5, {0x10,0x28,0x44,0xBA,0x00,0x7C,0x08,0x10,0x44,0xCA,0xBA,0x00}},
	{0x637B, {0x48,0x54,0xE2,0x5C,0x40,0x7E,0xC4,0x40,0x54,0x72,0xEE,0x00}},
	{0x649A, {0x56,0x5C,0xEE,0x5C,0x6C,0x54,0xEA,0x4A,0x40,0x54,0xEA,0x00}},
	{0x71C3, {0x56,0x5C,0x6E,0xDC,0xEC,0xD4,0x6A,0x4A,0x40,0xB4,0xAA,0x00}},
	{0x7C98, {0x48,0xE8,0xC8,0x4E,0xE8,0x48,0xDE,0xF2,0xD2,0x52,0x5E,0x00}},
	{0x4E43, {0xFC,0x24,0x24,0x28,0x2E,0x22,0x22,0x22,0x42,0x42,0x86,0x00}},
	{0x5EFC, {0xDE,0x4C,0x5E,0x9E,0xDE,0x5A,0x52,0xD2,0x5E,0x40,0xBE,0x00}},
	{0x4E4B, {0x10,0x10,0x7C,0x04,0x08,0x08,0x10,0x50,0x60,0x40,0xBE,0x00}},
	{0x57DC, {0x24,0xFE,0x24,0x6C,0xB6,0x24,0x10,0x7C,0x10,0x10,0xFE,0x00}},
	{0x56A2, {0x10,0xFE,0x54,0xFE,0xAA,0x7C,0x28,0xFE,0x6A,0xA4,0x32,0x00}},
	{0x60A9, {0x48,0x6A,0xEA,0xC4,0xE2,0x76,0x6A,0x6A,0x76,0x62,0x7E,0x00}},
	{0x6FC3, {0x94,0x3E,0x36,0xBE,0x00,0x3E,0x20,0xBE,0xB4,0xD4,0x9A,0x00}},
	{0x7D0D, {0x48,0x48,0xBE,0xEA,0x6A,0xAA,0xF6,0x76,0xE2,0x62,0x66,0x00}},
	{0x80FD, {0x44,0x96,0xF4,0x04,0xF6,0x90,0xF4,0x96,0xF4,0x94,0xB6,0x00}},
	{0x8133, {0xE8,0xAA,0xAA,0xE4,0xA2,0xB6,0xEA,0xAA,0xB6,0xA2,0xBE,0x00}},
	{0x81BF, {0xEA,0xBE,0xBA,0xFE,0xA0,0xBE,0xF0,0xBE,0xB4,0xB4,0xBA,0x00}},
	{0x8FB2, {0x28,0x7C,0x6C,0x7C,0x00,0x7E,0x40,0x7C,0x56,0x54,0x9A,0x00}},
	{0x8997, {0xFE,0x32,0xFE,0x32,0xFE,0xB2,0xBE,0xAC,0xEC,0x34,0x66,0x00}},
	{0x86A4, {0x7C,0x14,0x44,0x38,0xD6,0x7C,0x54,0x54,0x7C,0x14,0xFA,0x00}},
	{0x5DF4, {0xFC,0x94,0x94,0x94,0x94,0xFC,0x80,0x80,0x82,0x82,0x7E,0x00}},
	{0x628A, {0x7E,0x6A,0xEA,0x6A,0x6A,0x7E,0xE0,0x60,0x62,0x62,0xDE,0x00}},
	{0x64AD, {0x5C,0x48,0xEA,0x7E,0x5C,0x6A,0xFE,0x6A,0x7E,0x6A,0xFE,0x00}},
	{0x8987, {0xFE,0x28,0xFE,0xAA,0xFE,0x00,0xAE,0xEA,0x4E,0xEA,0x56,0x00}},
	{0x6777, {0x7E,0x6A,0xEA,0x6A,0x6A,0xFE,0xE0,0xE0,0x62,0x62,0x5E,0x00}},
	{0x6CE2, {0x88,0x3E,0x2A,0xAA,0x3C,0x24,0x34,0xA8,0xC8,0x94,0xA2,0x00}},
	{0x6D3E, {0x84,0x38,0x22,0xBC,0x34,0x34,0x36,0xB4,0xB4,0xD4,0x92,0x00}},
	{0x7436, {0xEE,0x44,0xEE,0x44,0xFE,0x54,0x54,0x7C,0x40,0x42,0x3E,0x00}},
	{0x7834, {0x04,0xFE,0x56,0x54,0x5E,0x92,0x7A,0x54,0x54,0x6A,0x12,0x00}},
	{0x5A46, {0x88,0x3E,0xAA,0x3C,0xB4,0xA8,0x54,0xFE,0x24,0x38,0xC6,0x00}},
	{0x7F75, {0xFE,0xAA,0xFE,0x00,0x7C,0x50,0x7C,0x50,0x7E,0x02,0xAA,0x00}},
	{0x82AD, {0x28,0xFE,0x28,0x7C,0x54,0x54,0x7C,0x40,0x42,0x42,0x3E,0x00}},
	{0x99AC, {0x7C,0x50,0x7C,0x50,0x7C,0x50,0x7E,0x02,0xAA,0xAA,0x86,0x00}},
	{0x4FF3, {0x54,0x54,0x76,0x54,0xF6,0x54,0x54,0x76,0x54,0x54,0x64,0x00}},
	{0x5EC3, {0x08,0x7E,0x40,0x7A,0x54,0x62,0x7E,0x54,0x7E,0x54,0xA6,0x00}},
	{0x62DD, {0x7E,0x48,0xDC,0x48,0x5C,0x48,0xC8,0x7E,0x48,0x48,0xC8,0x00}},
	{0x6392, {0x54,0x54,0xF6,0x54,0x76,0x54,0xD4,0x76,0x54,0x54,0xE4,0x00}},
	{0x6557, {0xE8,0xA8,0xEE,0xBA,0xEA,0xAA,0xAA,0xE4,0x04,0xAA,0xB2,0x00}},
	{0x676F, {0x7E,0x48,0xC8,0x58,0x5C,0xEA,0xEA,0xC8,0x48,0x48,0x48,0x00}},
	{0x76C3, {0xFE,0x10,0x30,0x54,0x92,0x00,0x7C,0x54,0x54,0x54,0xFE,0x00}},
	{0x724C, {0xA8,0xBE,0xBA,0xFE,0x9A,0xFE,0xAC,0xB4,0xBE,0xA4,0xA4,0x00}},
	{0x80CC, {0x28,0xEE,0x28,0xEE,0x7C,0x44,0x7C,0x44,0x7C,0x44,0x4C,0x00}},
	{0x80BA, {0xE4,0xBE,0xA4,0xE4,0xBE,0xB6,0xF6,0xB6,0xB6,0xA4,0xA4,0x00}},
	{0x8F29, {0x28,0xEE,0x28,0xEE,0x28,0xFE,0x54,0x7C,0x54,0xFE,0x10,0x00}},
	{0x914D, {0xEE,0x42,0x42,0xE2,0xEE,0xE8,0xA8,0xA8,0xEA,0xAA,0xEE,0x00}},
	{0x500D, {0x28,0x3E,0x54,0x54,0xFE,0x40,0x5C,0x54,0x54,0x54,0x5C,0x00}},
	{0x57F9, {0x48,0x7E,0x54,0xD4,0x7E,0x40,0x5C,0x54,0xD4,0x14,0x1C,0x00}},
	{0x5A92, {0x4A,0x5E,0x4A,0xEE,0xAA,0xAE,0xC4,0x5E,0x6C,0x96,0x84,0x00}},
	{0x6885, {0x50,0x5E,0xE0,0x5E,0x6A,0xFE,0xEA,0xEA,0x7E,0x42,0x4C,0x00}},
	{0x6973, {0x54,0x7E,0xD4,0x5C,0x54,0xDC,0xC8,0xFE,0x5C,0x6A,0x48,0x00}},
	{0x7164, {0x54,0x7E,0x54,0xDC,0xD4,0xDC,0x48,0x7E,0x5C,0xAA,0x88,0x00}},
	{0x72FD, {0xAE,0xAA,0x4E,0x4A,0xAE,0x2A,0x6A,0xAE,0x20,0x2A,0xD2,0x00}},
	{0x8CB7, {0xFE,0xAA,0xFE,0x44,0x7C,0x44,0x7C,0x44,0x7C,0x44,0x82,0x00}},
	{0x58F2, {0x10,0xFE,0x10,0x7C,0x00,0xFE,0x82,0x28,0x28,0x4A,0x8E,0x00}},
	{0x8CE0, {0xE4,0xBE,0xEA,0xAA,0xFE,0xA0,0xAE,0xEA,0x0A,0xAA,0xAE,0x00}},
	{0x966A, {0xC8,0xFE,0xD4,0x94,0xFE,0xC0,0xDC,0xD4,0x94,0x94,0x9C,0x00}},
	{0x9019, {0x9C,0x00,0x3E,0x00,0x1C,0xC0,0x5C,0x54,0x5C,0x40,0xBE,0x00}},
	{0x877F, {0x4E,0x4A,0xEE,0xA4,0xBE,0xB6,0xFE,0x56,0x5E,0x64,0xC6,0x00}},
	{0x79E4, {0x3E,0xC8,0x6A,0x6A,0xC8,0x48,0x7E,0xC8,0xC8,0x48,0x48,0x00}},
	{0x77E7, {0x9A,0x8A,0xEA,0x5A,0x52,0xF2,0x5A,0x4A,0x6A,0xAA,0x9A,0x00}},
	{0x8429, {0x28,0xFE,0x28,0xC8,0x6A,0xEC,0x68,0xC8,0xC8,0x54,0x62,0x00}},
	{0x4F2F, {0x28,0x28,0x5E,0x52,0xD2,0x5E,0x52,0x52,0x52,0x52,0x5E,0x00}},
	{0x5265, {0x62,0x2A,0x6A,0x2A,0xFA,0x2A,0xAA,0x72,0xAA,0x22,0x66,0x00}},
	{0x535A, {0x4A,0x7E,0x48,0xFE,0x6A,0x7E,0x44,0x7E,0x44,0x54,0x4C,0x00}},
	{0x62CD, {0x48,0x48,0xFE,0x52,0x52,0x7E,0xD2,0x52,0x52,0x52,0xDE,0x00}},
	{0x67CF, {0x48,0x48,0xDE,0x52,0x52,0xDE,0xD2,0xD2,0x52,0x52,0x5E,0x00}},
	{0x6CCA, {0x88,0x08,0x3E,0xA2,0x22,0x3E,0x22,0xA2,0xA2,0xA2,0xBE,0x00}},
	{0x767D, {0x10,0x20,0xFE,0x82,0x82,0x82,0xFE,0x82,0x82,0x82,0xFE,0x00}},
	{0x7B94, {0x48,0x6E,0xB4,0x08,0xBE,0x22,0xBE,0x22,0x22,0xA2,0xBE,0x00}},
	{0x7C95, {0x48,0xE8,0xDE,0x52,0xF2,0x5E,0xD2,0xF2,0xD2,0x52,0x5E,0x00}},
	{0x8236, {0x48,0xE8,0xBE,0xF2,0xB2,0xBE,0xF2,0xB2,0xB2,0xB2,0xBE,0x00}},
	{0x8584, {0x28,0xFE,0x08,0xBE,0x1C,0x9C,0x04,0x3E,0x84,0x94,0x8C,0x00}},
	{0x8FEB, {0x88,0x5E,0x12,0x12,0x1E,0xD2,0x52,0x52,0x5E,0x40,0xBE,0x00}},
	{0x66DD, {0x3E,0xE2,0xBE,0xB4,0xFE,0xB4,0xBE,0xAA,0xFC,0x2A,0x18,0x00}},
	{0x6F20, {0x94,0x3E,0x14,0xBE,0x22,0x3E,0x08,0xBE,0x88,0x94,0xA2,0x00}},
	{0x7206, {0x7E,0x62,0x7E,0xD4,0xFE,0xD4,0x7E,0x6A,0x5C,0xAA,0x98,0x00}},
	{0x7E1B, {0x4A,0x7E,0x88,0xFE,0x6A,0xBE,0xC4,0x7E,0xC4,0x54,0x4C,0x00}},
	{0x83AB, {0x28,0xFE,0x28,0x7C,0x44,0x7C,0x10,0xFE,0x10,0x28,0xC6,0x00}},
	{0x99C1, {0xDA,0x84,0xCC,0x92,0xC0,0x8A,0xEA,0x24,0xA4,0xAA,0x52,0x00}},
	{0x9EA6, {0x10,0x7C,0x10,0x7C,0x10,0xFE,0x20,0x7C,0xA4,0x18,0xE6,0x00}},
	{0x51FD, {0xFE,0x20,0x30,0x96,0xDA,0x92,0xBA,0xD6,0xB2,0x82,0xFE,0x00}},
	{0x7BB1, {0x48,0x6E,0xB4,0x00,0x2E,0xFA,0x2E,0x7A,0x6E,0xAA,0x2E,0x00}},
	{0x7872, {0x0A,0xEA,0x50,0x44,0x4A,0x8A,0x70,0x6E,0x6A,0x6A,0x0E,0x00}},
	{0x7BB8, {0x48,0x6E,0xB4,0x10,0x7A,0x14,0xFE,0x24,0x7C,0xA4,0x3C,0x00}},
	{0x8087, {0xF6,0x5A,0x74,0x4A,0x90,0x7C,0x14,0xFE,0x10,0xFE,0x10,0x00}},
	{0x7B48, {0x48,0x6E,0xB4,0x0C,0x70,0x10,0xFE,0x10,0x7C,0x44,0x7C,0x00}},
	{0x6AE8, {0x44,0x46,0xE4,0x5E,0x54,0xD6,0xD6,0xD0,0x6C,0x4C,0x5E,0x00}},
	{0x5E61, {0x5C,0x48,0xEA,0xFE,0xDC,0xEA,0xFE,0x6A,0x7E,0x6A,0x7E,0x00}},
	{0x808C, {0xEE,0xAA,0xAA,0xEA,0xAA,0xAA,0xEA,0xAA,0xAA,0xAA,0xB2,0x00}},
	{0x7551, {0x5E,0x56,0x56,0xF6,0xD6,0xDE,0x56,0x56,0x56,0xB6,0x9E,0x00}},
	{0x7560, {0x10,0x7C,0x44,0x7C,0x44,0x7C,0xFE,0x92,0xFE,0x92,0xFE,0x00}},
	{0x516B, {0x28,0x28,0x28,0x28,0x28,0x28,0x28,0x44,0x44,0x44,0x82,0x00}},
	{0x9262, {0x44,0xA4,0x1E,0xE4,0x44,0xEC,0x56,0xE4,0xCE,0x64,0xC4,0x00}},
	{0x6E8C, {0xB8,0x2A,0x14,0xA2,0x00,0x3E,0x14,0xBE,0x94,0x94,0xA6,0x00}},
	{0x767A, {0x70,0x14,0xAA,0x44,0x82,0x7C,0x28,0xFE,0x28,0x4A,0x8E,0x00}},
	{0x9197, {0xF8,0x6A,0x54,0xE2,0xC0,0xFE,0xD4,0xFE,0xD4,0xD4,0xE6,0x00}},
	{0x9AEA, {0x72,0x44,0x72,0x44,0xF2,0x44,0xFE,0x3C,0x54,0x88,0x76,0x00}},
	{0x4F10, {0x2A,0x28,0x4E,0x78,0xCA,0x4A,0x4A,0x44,0x44,0x4A,0x52,0x00}},
	{0x7F70, {0xFE,0xAA,0xFE,0x00,0xEA,0x0A,0xEA,0x0A,0xE2,0xA2,0xE6,0x00}},
	{0x629C, {0x48,0x48,0xFE,0x50,0x5C,0x54,0xD4,0x68,0x48,0x54,0xE2,0x00}},
	{0x7B4F, {0x48,0x6E,0xB4,0x2A,0x48,0x7E,0xC8,0x4A,0x44,0x4C,0x52,0x00}},
	{0x95A5, {0xEE,0xAA,0xEE,0xAA,0xEE,0x82,0xAE,0xBA,0xEE,0xAA,0xB6,0x00}},
	{0x9CE9, {0x44,0x4E,0xEA,0x6E,0x6A,0x6E,0x68,0xAE,0xB2,0x8A,0x16,0x00}},
	{0x567A, {0x12,0xFC,0xA8,0xA8,0xBE,0xB2,0xBA,0xD2,0x3A,0x52,0x12,0x00}},
	{0x5859, {0x48,0x7E,0x54,0xDC,0x40,0x7E,0x62,0x7E,0xF6,0x3E,0x22,0x00}},
	{0x86E4, {0x48,0x54,0xE2,0xAC,0xA0,0xA0,0xFE,0x52,0x52,0x72,0xDE,0x00}},
	{0x96BC, {0x28,0x3E,0x50,0xFC,0x50,0x7E,0x10,0xFE,0x10,0x10,0x10,0x00}},
	{0x4F34, {0x24,0x36,0x56,0x44,0xDE,0x44,0x44,0x5E,0x44,0x44,0x44,0x00}},
	{0x5224, {0x22,0xAA,0xAA,0x22,0xFA,0x22,0x22,0xFA,0x22,0x22,0x26,0x00}},
	{0x534A, {0x10,0x54,0x54,0x10,0x7C,0x10,0x10,0xFE,0x10,0x10,0x10,0x00}},
	{0x53CD, {0x7E,0x40,0x40,0x7C,0x44,0x54,0x54,0x48,0x48,0x54,0xA2,0x00}},
	{0x53DB, {0x5E,0xF0,0xF0,0x5E,0xF2,0x5A,0x5A,0xF4,0x44,0x4A,0x92,0x00}},
	{0x5E06, {0x5E,0x52,0xD2,0xDA,0xD6,0xD6,0xD2,0x52,0x52,0x52,0x62,0x00}},
	{0x642C, {0x56,0x7A,0xEA,0x78,0x6E,0x6A,0xFA,0x6C,0x6C,0x6A,0xCA,0x00}},
	{0x6591, {0xD6,0x54,0x7C,0x4C,0x6C,0xD6,0x54,0x54,0x6C,0xC4,0x0E,0x00}},
	{0x677F, {0x5E,0x50,0xD0,0x5E,0x52,0xDA,0xDA,0xD4,0x64,0x4A,0x52,0x00}},
	{0x6C3E, {0x9E,0x52,0x12,0x92,0x52,0x16,0x10,0x50,0x52,0x92,0x9E,0x00}},
	{0x6C4E, {0xBC,0x24,0x24,0xB4,0x2C,0x2C,0x24,0xA4,0xA4,0xA4,0xC6,0x00}},
	{0x7248, {0xAE,0xA8,0xA8,0xEE,0x8A,0xEA,0xAA,0xB4,0xA4,0xAA,0xB2,0x00}},
	{0x72AF, {0xBE,0xB2,0x52,0x52,0xB2,0x36,0x70,0xB0,0x32,0x32,0xDE,0x00}},
	{0x73ED, {0xEE,0x44,0x4C,0x6C,0x6C,0xEE,0x6C,0x4C,0x4C,0xD4,0x2E,0x00}},
	{0x7554, {0x04,0xF6,0xB6,0xB4,0xBE,0xF4,0xB4,0xBE,0xB4,0xF4,0x04,0x00}},
	{0x7E41, {0x84,0xF6,0x6A,0xF4,0x6A,0x10,0x60,0x14,0xFE,0x54,0x92,0x00}},
	{0x822C, {0x4E,0xEA,0xAA,0xE0,0xAE,0xA2,0xEA,0xA4,0xA4,0xAA,0xB2,0x00}},
	{0x85E9, {0x28,0xFE,0x04,0x98,0x2A,0xBE,0x1C,0x2A,0xBE,0xAA,0xBE,0x00}},
	{0x8CA9, {0xEE,0xA8,0xE8,0xAE,0xEA,0xAA,0xAA,0xF4,0x04,0xAA,0xAA,0x00}},
	{0x7BC4, {0x48,0x6E,0xB4,0x2E,0xFA,0x2A,0xFA,0xF8,0x2A,0xFA,0x2E,0x00}},
	{0x91C6, {0x0C,0x70,0x54,0x54,0x10,0xFE,0x10,0x38,0x54,0x92,0x10,0x00}},
	{0x7169, {0x5E,0x48,0x5E,0xF2,0xDE,0xD2,0x5E,0x52,0x7E,0xA0,0x92,0x00}},
	{0x9812, {0x5E,0x54,0x5E,0x9A,0x0E,0xFA,0x5E,0x5A,0x5E,0x50,0xBA,0x00}},
	{0x98EF, {0x5E,0xB0,0x10,0xFE,0xB2,0xFA,0xBA,0xE4,0x84,0xAA,0xF2,0x00}},
	{0x633D, {0x4C,0x54,0xC4,0x7E,0x6A,0x6A,0xFE,0x54,0x54,0x54,0xE6,0x00}},
	{0x6669, {0x0C,0xF4,0xA4,0xBE,0xEA,0xAA,0xBE,0xB4,0xF4,0x14,0x26,0x00}},
	{0x756A, {0x7C,0x10,0x54,0xFE,0x38,0x54,0xFE,0x54,0x7C,0x54,0x7C,0x00}},
	{0x76E4, {0x4E,0xEA,0xA0,0xEE,0xA4,0xAA,0x00,0x7C,0x54,0x54,0xFE,0x00}},
	{0x78D0, {0x4E,0xEA,0xA0,0xEE,0xA4,0xAA,0xFE,0x20,0x7C,0xA4,0x3C,0x00}},
	{0x8543, {0x28,0xFE,0x08,0x30,0x54,0xFE,0x38,0x54,0xFE,0x54,0x7C,0x00}},
	{0x86EE, {0x10,0xFE,0x28,0xAA,0x58,0x10,0x7C,0x54,0x7C,0x14,0xFA,0x00}},
	{0x532A, {0xFE,0x94,0xB6,0x94,0xB6,0x94,0xB6,0x94,0xA4,0x80,0xFE,0x00}},
	{0x5351, {0x10,0x7C,0x54,0x7C,0x54,0x7C,0x28,0x48,0xFE,0x08,0x08,0x00}},
	{0x5426, {0xFE,0x10,0x30,0x54,0x92,0x10,0x7C,0x44,0x44,0x44,0x7C,0x00}},
	{0x5983, {0x2E,0x22,0x22,0xF2,0x5E,0x58,0x68,0x28,0x2A,0x5A,0x8E,0x00}},
	{0x5E87, {0x08,0x7E,0x40,0x64,0x64,0x76,0x64,0x64,0x64,0xA4,0xB6,0x00}},
	{0x5F7C, {0x44,0x5E,0x96,0x14,0x5E,0x52,0xDA,0x54,0x64,0x4A,0x52,0x00}},
	{0x60B2, {0x28,0xEE,0x28,0xEE,0x28,0xEE,0x28,0x00,0x54,0xCA,0xBA,0x00}},
	{0x6249, {0xFE,0x00,0x7E,0x42,0x7E,0x54,0x76,0x54,0x76,0x54,0xA4,0x00}},
	{0x6279, {0x54,0x54,0xD4,0x5E,0x54,0x54,0xD4,0x54,0x54,0x5C,0xF6,0x00}},
	{0x62AB, {0x44,0x5E,0xD6,0x54,0x5E,0x52,0xDA,0x54,0x64,0x4A,0xD2,0x00}},
	{0x6590, {0x28,0xEE,0x28,0xEE,0x28,0x10,0xFE,0x44,0x28,0x38,0xC6,0x00}},
	{0x6BD4, {0x48,0x48,0x48,0x4A,0x7C,0x48,0x48,0x48,0x4A,0x7A,0xCE,0x00}},
	{0x6CCC, {0x90,0x08,0x02,0x92,0x14,0x34,0x3A,0xB8,0x92,0x92,0xAE,0x00}},
	{0x75B2, {0x08,0x7E,0x44,0xDE,0x56,0x54,0xDE,0x5A,0x54,0x54,0xAA,0x00}},
	{0x76AE, {0x08,0x7E,0x4A,0x4A,0x5C,0x44,0x54,0x48,0x48,0x54,0xA2,0x00}},
	{0x7891, {0x08,0xFE,0x5A,0x5E,0x5A,0x9E,0x6C,0x74,0x7E,0x64,0x04,0x00}},
	{0x79D8, {0x28,0xC8,0x42,0x52,0xD4,0x74,0x7A,0xF8,0xD2,0x52,0x6E,0x00}},
	{0x7DCB, {0x54,0x54,0xB6,0xD4,0x76,0x94,0xD4,0x76,0xD4,0x54,0x64,0x00}},
	{0x7F77, {0xFE,0xAA,0xFE,0x44,0x96,0xF4,0x06,0xF4,0x96,0xF4,0x96,0x00}},
	{0x80A5, {0xFE,0xAA,0xAA,0xEA,0xAA,0xBE,0xE0,0xA0,0xA2,0xA2,0xBE,0x00}},
	{0x88AB, {0x44,0x5E,0xF6,0x34,0x5E,0x52,0xFA,0x74,0x54,0x4A,0x52,0x00}},
	{0x8AB9, {0xD4,0x14,0xF6,0x14,0xF6,0x14,0xD4,0x36,0xD4,0xD4,0xE4,0x00}},
	{0x8CBB, {0x28,0xFE,0x2A,0xFE,0xA8,0x7E,0xC6,0x7C,0x44,0x7C,0x82,0x00}},
	{0x907F, {0xB4,0x2E,0x2A,0x3A,0x2E,0xF4,0x5E,0x54,0x74,0x40,0xBE,0x00}},
	{0x975E, {0x28,0x28,0xEE,0x28,0xEE,0x28,0x28,0x6E,0xA8,0x28,0x48,0x00}},
	{0x98DB, {0xFC,0x14,0x56,0xD4,0x52,0xFC,0x56,0x54,0x56,0x54,0x92,0x00}},
	{0x6A0B, {0x4E,0x62,0xC4,0x4E,0x4A,0xFE,0xDA,0xDE,0x5A,0x50,0x6E,0x00}},
	{0x7C38, {0x48,0x6E,0xB4,0x54,0xFE,0x56,0x74,0x5E,0xFA,0x04,0x9A,0x00}},
	{0x5099, {0x54,0x7E,0x54,0x7E,0xD0,0x5E,0x6A,0x7E,0x6A,0x7E,0x6A,0x00}},
	{0x5C3E, {0x7E,0x42,0x7E,0x44,0x78,0x4E,0x78,0x4E,0x78,0x4A,0x8E,0x00}},
	{0x5FAE, {0x54,0x54,0xBE,0x06,0x7E,0x56,0xD6,0x54,0x6C,0x6A,0x4A,0x00}},
	{0x6787, {0x54,0x54,0xD4,0x5E,0x54,0xD4,0xD4,0xD4,0x54,0x5C,0x76,0x00}},
	{0x6BD8, {0x7C,0x54,0x7C,0x54,0x54,0x7C,0x4A,0x6C,0x48,0x6A,0xCE,0x00}},
	{0x7435, {0xEE,0x44,0xEE,0x44,0xEE,0x48,0x4A,0x6C,0x48,0x6A,0xCE,0x00}},
	{0x7709, {0x7E,0x4A,0x7E,0x40,0x5E,0x52,0x5E,0x52,0x5E,0x52,0x9E,0x00}},
	{0x7F8E, {0x44,0xFE,0x10,0x7C,0x10,0xFE,0x10,0xFE,0x10,0x28,0xC6,0x00}},
	{0x9F3B, {0x10,0x7C,0x44,0x7C,0xFE,0x92,0xFE,0x44,0xFE,0x44,0x84,0x00}},
	{0x67CA, {0x48,0x4C,0xD4,0x48,0x54,0xE2,0xC8,0xC4,0x40,0x58,0x44,0x00}},
	{0x7A17, {0x28,0xFE,0x6A,0x7E,0xEA,0x7E,0x54,0xE4,0xFE,0x44,0x44,0x00}},
	{0x5339, {0xFE,0xA8,0xA8,0xA8,0xAA,0xAA,0xAE,0xC0,0x80,0x80,0xFE,0x00}},
	{0x758B, {0x7C,0x14,0x14,0x10,0x10,0x5C,0x50,0x50,0x50,0x70,0x9E,0x00}},
	{0x9AED, {0x72,0x44,0x72,0x44,0xF2,0x44,0x70,0x24,0xB6,0xA4,0xF6,0x00}},
	{0x5F66, {0x10,0xFE,0x24,0x28,0x7E,0x48,0x54,0x48,0x52,0x44,0xB8,0x00}},
	{0x819D, {0xE4,0xBE,0xAC,0xF6,0xAC,0xB2,0xE4,0xB6,0xAC,0xB6,0xAC,0x00}},
	{0x83F1, {0x28,0xFE,0x28,0x7C,0x10,0xFE,0x44,0xBA,0x68,0x10,0xEE,0x00}},
	{0x8098, {0xE4,0xA4,0xBE,0xE4,0xA4,0xB4,0xEC,0xA4,0xA4,0xA4,0xAC,0x00}},
	{0x5F3C, {0xC6,0x7A,0x52,0xFE,0xAC,0xAC,0xFE,0x6A,0x6A,0x7A,0xC6,0x00}},
	{0x5FC5, {0x20,0x10,0x04,0x24,0x24,0xAA,0xAA,0xB0,0x22,0x62,0x9E,0x00}},
	{0x7562, {0x7C,0x54,0x7C,0x54,0xFE,0x54,0xFE,0x10,0xFE,0x10,0x10,0x00}},
	{0x7B46, {0x48,0x6E,0xB4,0x7C,0x14,0xFE,0x14,0x7C,0x10,0xFE,0x10,0x00}},
	{0x903C, {0xBE,0x54,0x1C,0x00,0x3E,0xEA,0x7E,0x6A,0x7E,0x40,0xBE,0x00}},
	{0x6867, {0x48,0x54,0xE2,0x5C,0x40,0xFE,0xC8,0xC8,0x50,0x54,0x7A,0x00}},
	{0x59EB, {0x5E,0x54,0x54,0xFE,0xB2,0xB2,0xDE,0x54,0x54,0xB4,0x9E,0x00}},
	{0x5A9B, {0x46,0x58,0x4A,0xFE,0xA8,0xBE,0xD0,0x5E,0x72,0x8C,0xB2,0x00}},
	{0x7D10, {0x7C,0x54,0x94,0xD4,0x54,0xBE,0xD4,0x54,0xD4,0x54,0x7E,0x00}},
	{0x767E, {0xFE,0x10,0x10,0x7C,0x44,0x44,0x7C,0x44,0x44,0x44,0x7C,0x00}},
	{0x8B2C, {0xDE,0x0A,0xDE,0x0A,0xC8,0x14,0xEA,0x14,0xCA,0xC4,0xD8,0x00}},
	{0x4FF5, {0x28,0x3E,0x48,0x5E,0xC8,0x7E,0x48,0x5A,0x74,0x54,0x5A,0x00}},
	{0x5F6A, {0x22,0x34,0x20,0xF2,0xA4,0xB0,0x82,0xD4,0xD0,0x52,0x9E,0x00}},
	{0x6A19, {0x7E,0x54,0xFE,0x7E,0x40,0xDC,0xC0,0xFE,0x48,0x6A,0x58,0x00}},
	{0x6C37, {0x10,0x54,0x54,0x18,0xF0,0x38,0x38,0x54,0x54,0x92,0x30,0x00}},
	{0x6F02, {0xBE,0x14,0x3E,0xBE,0x00,0x1C,0x00,0xBE,0x88,0xAA,0x98,0x00}},
	{0x74E2, {0xF2,0x5C,0xF4,0xF4,0x14,0x74,0x14,0xF4,0x34,0xBA,0x62,0x00}},
	{0x7968, {0xFE,0x28,0xFE,0xAA,0xFE,0x7C,0x00,0xFE,0x54,0x92,0x30,0x00}},
	{0x8868, {0x10,0x7C,0x10,0x7C,0x10,0xFE,0x28,0x6A,0xA4,0x34,0x62,0x00}},
	{0x8A55, {0xDE,0x04,0xD6,0x16,0xC4,0x04,0xDE,0x04,0xC4,0xC4,0xC4,0x00}},
	{0x8C79, {0x28,0xCE,0xB2,0x42,0xB2,0x6A,0xAA,0x62,0xA2,0x22,0x6C,0x00}},
	{0x5EDF, {0x08,0x7E,0x40,0x6E,0x7A,0x6E,0x7A,0x7E,0xAA,0x7A,0x2A,0x00}},
	{0x63CF, {0x54,0x7E,0xD4,0x40,0x7E,0x6A,0xFE,0x6A,0x6A,0x6A,0xFE,0x00}},
	{0x75C5, {0x08,0x7E,0x40,0xFE,0x48,0x7E,0xEA,0x6A,0x76,0x62,0xA6,0x00}},
	{0x79D2, {0x28,0xC8,0x5C,0x5A,0xEA,0x48,0x5A,0xC2,0xC4,0x48,0x70,0x00}},
	{0x82D7, {0x28,0xFE,0x28,0x00,0x7C,0x54,0x54,0x7C,0x54,0x54,0x7C,0x00}},
	{0x9328, {0x54,0xBE,0x14,0xC0,0x7E,0xEA,0x7E,0xEA,0xEA,0x6A,0xFE,0x00}},
	{0x92F2, {0x44,0xB8,0x10,0xFE,0x54,0xF4,0x5E,0xE0,0xD4,0x54,0xE2,0x00}},
	{0x849C, {0x28,0xFE,0x28,0x00,0x6C,0x00,0xFE,0x24,0xB6,0x24,0x6C,0x00}},
	{0x86ED, {0x5E,0x44,0xE8,0xAA,0xBE,0xA4,0xE4,0x4E,0x44,0x64,0xDE,0x00}},
	{0x9C2D, {0x64,0xAE,0x24,0xFE,0xAC,0xF6,0xAE,0xEA,0x0E,0xAA,0xAE,0x00}},
	{0x54C1, {0x7C,0x44,0x44,0x7C,0x00,0xEE,0xAA,0xAA,0xAA,0xAA,0xEE,0x00}},
	{0x5F6C, {0x2A,0x2A,0xFC,0x28,0x2A,0x7A,0x7C,0xB8,0x2A,0x2A,0x2C,0x00}},
	{0x658C, {0x48,0x5A,0xE8,0x3E,0xA4,0xB4,0x5C,0x54,0x54,0xBA,0x82,0x00}},
	{0x6D5C, {0x84,0x58,0x10,0x9E,0x54,0x14,0x3E,0x40,0x54,0x94,0xA2,0x00}},
	{0x7015, {0xAE,0x34,0x2E,0xAA,0x7E,0x2A,0x6E,0xAA,0x9E,0xA0,0xCA,0x00}},
	{0x8CA7, {0x28,0x44,0xFE,0x24,0x4C,0x7C,0x44,0x7C,0x44,0x7C,0x82,0x00}},
	{0x8CD3, {0x10,0xFE,0x82,0x38,0x54,0x3C,0xC4,0x7C,0x44,0x7C,0x82,0x00}},
	{0x983B, {0x2E,0x34,0xAE,0xAA,0xFE,0x2A,0xAE,0xAA,0x1E,0x20,0xCA,0x00}},
	{0x654F, {0x44,0x74,0x86,0x7A,0x5A,0x5A,0xFA,0x94,0xF4,0x2A,0x6A,0x00}},
	{0x74F6, {0xBE,0x10,0xF0,0x5C,0x54,0xFC,0x5C,0x54,0x54,0x5C,0x96,0x00}},
	{0x4E0D, {0xFE,0x10,0x10,0x30,0x34,0x52,0x92,0x10,0x10,0x10,0x10,0x00}},
	{0x4ED8, {0x24,0x24,0x5E,0x44,0xC4,0x54,0x4C,0x44,0x44,0x44,0x4C,0x00}},
	{0x57E0, {0x48,0x5C,0x54,0xDC,0x5E,0x52,0x5E,0x48,0xFE,0x08,0x08,0x00}},
	{0x592B, {0x10,0x10,0x7C,0x10,0x10,0xFE,0x10,0x28,0x28,0x44,0x82,0x00}},
	{0x5A66, {0x5C,0x44,0x5C,0xE4,0xBE,0xAA,0xC8,0x7E,0x6A,0xAA,0x88,0x00}},
	{0x5BCC, {0x10,0xFE,0x82,0x7C,0x44,0x7C,0xFE,0x92,0xFE,0x92,0xFE,0x00}},
	{0x51A8, {0xFE,0x82,0x7C,0x44,0x7C,0x00,0xFE,0x92,0xFE,0x92,0xFE,0x00}},
	{0x5E03, {0x10,0xFE,0x20,0x50,0xFE,0x52,0x52,0x52,0x56,0x10,0x10,0x00}},
	{0x5E9C, {0x08,0x7E,0x40,0x52,0x5E,0x52,0x72,0x5A,0x52,0x52,0x96,0x00}},
	{0x6016, {0x48,0x7E,0xD0,0xE8,0xC8,0x7E,0x6A,0x6A,0x6A,0x48,0x48,0x00}},
	{0x6276, {0x48,0x48,0xDC,0x48,0x48,0x7E,0xC8,0x48,0x54,0x54,0xE2,0x00}},
	{0x6577, {0x24,0xF4,0x26,0xFA,0xFA,0x2A,0xFA,0x44,0x74,0x5A,0xB2,0x00}},
	{0x65A7, {0x28,0x44,0xAA,0x38,0xC6,0x78,0x40,0x7E,0x48,0x48,0x88,0x00}},
	{0x666E, {0x44,0xFE,0x28,0xAA,0x28,0xFE,0x7C,0x44,0x7C,0x44,0x7C,0x00}},
	{0x6D6E, {0x86,0x38,0x2A,0x80,0x1C,0x04,0x08,0xBE,0x88,0x88,0x98,0x00}},
	{0x7236, {0x28,0x28,0x44,0xAA,0x28,0x28,0x10,0x10,0x28,0x44,0x82,0x00}},
	{0x7B26, {0x48,0x6E,0xB4,0x00,0x24,0x5E,0xC4,0x54,0x4C,0x44,0x4C,0x00}},
	{0x8150, {0x08,0x7E,0x54,0x6E,0x64,0x6C,0x7E,0x6A,0x76,0x6A,0xB6,0x00}},
	{0x819A, {0x08,0x0E,0x08,0x7E,0x48,0x7E,0x6A,0x7E,0x54,0x5C,0x94,0x00}},
	{0x8299, {0x28,0xFE,0x28,0x10,0x7C,0x10,0xFE,0x10,0x28,0x44,0x82,0x00}},
	{0x8B5C, {0xD4,0x3E,0xD4,0x36,0xD4,0x3E,0xDC,0x14,0xDC,0xD4,0xDC,0x00}},
	{0x8CA0, {0x38,0x48,0xFC,0x44,0x7C,0x44,0x7C,0x44,0x7C,0x44,0x82,0x00}},
	{0x8CE6, {0xE8,0xBA,0xE8,0xBE,0xE4,0xB4,0xBC,0xF4,0x14,0xBC,0xA2,0x00}},
	{0x8D74, {0x24,0x74,0x24,0x24,0xF6,0x24,0x64,0x74,0x64,0x60,0x9E,0x00}},
	{0x961C, {0x10,0x78,0x48,0x78,0x7C,0x44,0x7C,0x10,0xFE,0x10,0x10,0x00}},
	{0x9644, {0xCA,0xCA,0xD6,0x92,0xF2,0xDA,0xD2,0xD2,0x92,0x92,0x96,0x00}},
	{0x4FAE, {0x50,0x5E,0x60,0x5E,0xEA,0x7E,0x6A,0x6A,0x7E,0x42,0x4C,0x00}},
	{0x64AB, {0x50,0x5E,0xF4,0x54,0x7E,0x54,0xD4,0x7E,0x40,0x54,0xEA,0x00}},
	{0x6B66, {0x04,0x76,0x04,0xFE,0x14,0x14,0x5C,0x54,0x54,0x5A,0xE2,0x00}},
	{0x821E, {0x40,0x7E,0xD4,0x7E,0x54,0xFE,0x44,0x7E,0xD4,0x3E,0xC4,0x00}},
	{0x8461, {0x28,0xFE,0x28,0x7E,0xA2,0xFA,0x22,0xFA,0xAA,0xFA,0xAA,0x00}},
	{0x856A, {0x28,0xFE,0x40,0x7E,0xD4,0x7E,0x54,0xFE,0x00,0x54,0xAA,0x00}},
	{0x90E8, {0x26,0xFE,0x56,0x54,0xFE,0x06,0x76,0x56,0x54,0x54,0x74,0x00}},
	{0x5C01, {0x22,0x72,0x2E,0x22,0xF2,0x2A,0x76,0x22,0x32,0xC2,0x06,0x00}},
	{0x6953, {0x7E,0x66,0xFA,0x6A,0x7E,0xEA,0xEA,0xFE,0x6A,0x6E,0x5A,0x00}},
	{0x98A8, {0x7C,0x4C,0x74,0x54,0x7C,0x54,0x54,0x7C,0x54,0x5C,0xB6,0x00}},
	{0x847A, {0x28,0xFE,0x28,0x7C,0x44,0xFE,0x44,0x7C,0x44,0xFE,0x04,0x00}},
	{0x8557, {0x28,0xFE,0x28,0xE6,0xAA,0xE4,0x4A,0xE0,0xCE,0xCA,0xEE,0x00}},
	{0x4F0F, {0x28,0x2A,0x48,0x7E,0xC8,0x48,0x48,0x54,0x54,0x54,0x62,0x00}},
	{0x526F, {0xFA,0x02,0x76,0x56,0x76,0x06,0xFA,0xAA,0xFA,0xAA,0xFA,0x00}},
	{0x5FA9, {0x50,0x5E,0xB4,0x1C,0x54,0x5C,0xD0,0x5C,0x74,0x48,0x76,0x00}},
	{0x5E45, {0x5E,0x40,0xDE,0xD2,0xDE,0xC0,0xFE,0x6A,0x7E,0x6A,0x7E,0x00}},
	{0x670D, {0x7E,0x52,0x56,0x70,0x5E,0x52,0x7A,0x54,0x54,0x5A,0xB2,0x00}},
	{0x798F, {0x5E,0x40,0xFE,0x32,0x5E,0x40,0xFE,0x6A,0x7E,0x6A,0x7E,0x00}},
	{0x8179, {0xE8,0xAE,0xBA,0xEE,0xAA,0xAE,0xE8,0xAE,0xBA,0xA4,0xBA,0x00}},
	{0x8907, {0x48,0x4E,0xFA,0x2E,0x4A,0x4E,0xE8,0x6E,0x5A,0x44,0x5A,0x00}},
	{0x8986, {0xFE,0x28,0xFE,0xAA,0xFE,0x5C,0x94,0x5C,0xF4,0x48,0x76,0x00}},
	{0x6DF5, {0xAA,0x2A,0x2A,0xB6,0x22,0x3E,0x22,0xB6,0xAA,0xAA,0xCA,0x00}},
	{0x5F17, {0x28,0xFE,0x2A,0xFE,0xA8,0xA8,0xFE,0x2A,0x2A,0x4E,0x88,0x00}},
	{0x6255, {0x48,0x48,0xE8,0x48,0x48,0x68,0xD0,0x50,0x54,0x54,0xFA,0x00}},
	{0x6CB8, {0x94,0x3E,0x16,0xBE,0x34,0x34,0x3E,0x96,0x96,0x94,0xA4,0x00}},
	{0x4ECF, {0x28,0x28,0x48,0x48,0xC8,0x48,0x50,0x50,0x54,0x54,0x7A,0x00}},
	{0x7269, {0x50,0xDE,0xDA,0xEA,0xCA,0x56,0x56,0xEA,0x4A,0x52,0x46,0x00}},
	{0x9B92, {0x6A,0xAA,0x36,0xF2,0xB2,0xFA,0xB2,0xF2,0x12,0xB2,0xB6,0x00}},
	{0x5206, {0x28,0x28,0x28,0x44,0x82,0x7C,0x24,0x24,0x24,0x44,0x8C,0x00}},
	{0x543B, {0x08,0xEE,0xAE,0xB6,0xA6,0xAA,0xB6,0xE6,0x0A,0x12,0x06,0x00}},
	{0x5674, {0x08,0xFE,0xD4,0xFE,0xD4,0xDC,0xD4,0xDC,0x14,0x1C,0x22,0x00}},
	{0x58B3, {0x48,0x7E,0x54,0xFE,0x54,0x5C,0x54,0x5C,0xD4,0x1C,0x22,0x00}},
	{0x61A4, {0x48,0x7E,0xD4,0xFE,0xD4,0x5C,0x54,0x5C,0x54,0x5C,0x62,0x00}},
	{0x626E, {0x54,0x54,0xD4,0x62,0x40,0x5E,0xCA,0x4A,0x52,0x52,0xE6,0x00}},
	{0x711A, {0x24,0xFE,0x6C,0xB6,0x24,0x10,0x54,0x54,0x10,0x28,0xC6,0x00}},
	{0x596E, {0x10,0xFE,0x44,0xAA,0x3C,0x68,0xBC,0x28,0x7C,0x54,0x7C,0x00}},
	{0x7C89, {0x54,0xD4,0xD4,0x62,0xC0,0x5E,0xCA,0xCA,0xD2,0x52,0x66,0x00}},
	{0x7CDE, {0x54,0xFE,0x54,0x92,0x7C,0x54,0x7C,0x28,0xFE,0x44,0x82,0x00}},
	{0x7D1B, {0x54,0x54,0x94,0xE2,0x40,0x9E,0xCA,0x4A,0xD2,0x52,0x66,0x00}},
	{0x96F0, {0x7C,0x10,0xFE,0x92,0xB6,0x28,0x44,0xBE,0x14,0x24,0x4C,0x00}},
	{0x6587, {0x10,0x10,0xFE,0x44,0x44,0x28,0x28,0x10,0x28,0x44,0x82,0x00}},
	{0x805E, {0xEE,0xAA,0xEE,0xAA,0xFE,0xAA,0xBA,0xAA,0xBE,0xEA,0x8A,0x00}},
	{0x4E19, {0xFE,0x10,0x10,0xFE,0x92,0x92,0xAA,0xC6,0x82,0x82,0x86,0x00}},
	{0x4F75, {0x34,0x28,0x7E,0x54,0xD4,0x7E,0x54,0x54,0x54,0x54,0x64,0x00}},
	{0x5175, {0x0C,0x70,0x40,0x7C,0x48,0x48,0xFE,0x00,0x28,0x44,0x82,0x00}},
	{0x5840, {0x5E,0x52,0x5E,0xD0,0x5A,0x54,0x5E,0x6A,0xDE,0x0A,0x12,0x00}},
	{0x5E63, {0xB4,0x26,0xFA,0xAA,0xF4,0xAA,0x10,0xFE,0x92,0x96,0x10,0x00}},
	{0x5E73, {0xFE,0x10,0x54,0x54,0x10,0x10,0xFE,0x10,0x10,0x10,0x10,0x00}},
	{0x5F0A, {0xB4,0x26,0xFA,0xAA,0xF4,0xAA,0x44,0xFE,0x44,0x44,0x84,0x00}},
	{0x67C4, {0x7E,0x48,0xC8,0x7E,0x6A,0xEA,0xEA,0xF6,0x62,0x62,0x66,0x00}},
	{0x4E26, {0x44,0xFE,0x28,0x28,0xAA,0x6A,0x6C,0x28,0x28,0x28,0xFE,0x00}},
	{0x853D, {0x28,0xFE,0x20,0xB4,0x26,0xFA,0xAA,0xFA,0xF4,0xA4,0xAA,0x00}},
	{0x9589, {0xEE,0xAA,0xEE,0xAA,0xEE,0x92,0xFA,0x92,0xB2,0xD2,0xB6,0x00}},
	{0x965B, {0xE4,0xA4,0xB6,0xE4,0xA4,0xB6,0xA8,0xBC,0xC8,0x88,0xBE,0x00}},
	{0x7C73, {0x10,0x54,0x54,0x10,0xFE,0x10,0x38,0x38,0x54,0x92,0x10,0x00}},
	{0x9801, {0xFE,0x10,0x7C,0x44,0x7C,0x44,0x7C,0x44,0x7C,0x44,0x82,0x00}},
	{0x50FB, {0x24,0x3E,0x5A,0x5A,0xFE,0x64,0x74,0x5E,0x54,0x74,0x44,0x00}},
	{0x58C1, {0x74,0x5E,0x7A,0x4E,0xF4,0x5E,0x74,0x10,0x7C,0x10,0xFE,0x00}},
	{0x7656, {0x08,0x7E,0x44,0xFE,0x6A,0x7A,0xEE,0x74,0x5E,0x74,0x84,0x00}},
	{0x78A7, {0xE4,0x4A,0xEE,0x4A,0xEE,0x00,0xFE,0x20,0x7C,0xA4,0x3C,0x00}},
	{0x5225, {0xF2,0x92,0x9A,0xFA,0x4A,0x4A,0x72,0x52,0x52,0x52,0xB6,0x00}},
	{0x77A5, {0xB4,0x26,0xFA,0xAA,0xF4,0xAA,0x7C,0x44,0x7C,0x44,0x7C,0x00}},
	{0x8511, {0x28,0xFE,0x28,0x7C,0x54,0x7E,0x44,0x66,0x54,0x44,0x8A,0x00}},
	{0x7B86, {0x48,0x6E,0xB4,0x7C,0x54,0x6C,0x4A,0x6C,0x48,0x6A,0xCE,0x00}},
	{0x504F, {0x3E,0x20,0x5E,0x52,0xDE,0x50,0x5E,0x6A,0x7E,0x6A,0x6A,0x00}},
	{0x5909, {0x10,0xFE,0x28,0xAA,0xAA,0x40,0x38,0x68,0x10,0x28,0xC6,0x00}},
	{0x7247, {0x48,0x48,0x48,0x7E,0x40,0x40,0x7C,0x44,0x44,0x44,0x84,0x00}},
	{0x7BC7, {0x48,0x6E,0xB4,0xFE,0x44,0x7C,0x40,0x7E,0x6A,0x7E,0xAA,0x00}},
	{0x7DE8, {0x5E,0x40,0x9E,0xD2,0x5E,0x90,0xDE,0x6A,0xFE,0x6A,0x6A,0x00}},
	{0x8FBA, {0xBE,0x4A,0x0A,0x0A,0x0A,0xD2,0x52,0x52,0x66,0x40,0xBE,0x00}},
	{0x8FD4, {0x9E,0x50,0x10,0x1E,0x12,0xDA,0x54,0x64,0x5A,0x40,0xBE,0x00}},
	{0x904D, {0xBE,0x52,0x1E,0x10,0x1E,0xEA,0x7E,0x6A,0x6A,0x40,0xBE,0x00}},
	{0x4FBF, {0x3E,0x28,0x7E,0x6A,0xFE,0x6A,0x7E,0x48,0x58,0x48,0x76,0x00}},
	{0x52C9, {0x68,0xA8,0x3E,0xEA,0xAA,0xAA,0xEA,0x4A,0x56,0x40,0xBE,0x00}},
	{0x5A29, {0x4C,0x54,0x44,0xFE,0xAA,0xAA,0xBE,0x54,0x54,0xB4,0xA6,0x00}},
	{0x5F01, {0x10,0x10,0x24,0xFA,0x24,0x24,0xFE,0x24,0x24,0x44,0x84,0x00}},
	{0x97AD, {0xAE,0xF4,0xBE,0xFE,0x5E,0xF4,0xF4,0x5C,0xF4,0x54,0x5A,0x00}},
	{0x4FDD, {0x3C,0x34,0x54,0x5C,0xC8,0x7E,0x48,0x5C,0x5C,0x6A,0x48,0x00}},
	{0x8217, {0x4A,0xBE,0x48,0xFE,0x6A,0xFE,0x2A,0xFE,0xAA,0xAA,0xEA,0x00}},
	{0x92EA, {0x4A,0xBE,0x08,0xFE,0x6A,0xFE,0x6A,0xFE,0xEA,0x6A,0xEA,0x00}},
	{0x5703, {0xFE,0x82,0x96,0xFE,0x92,0xFE,0xD6,0xFE,0xD6,0x82,0xFE,0x00}},
	{0x6355, {0x4A,0x7E,0xC8,0x7E,0x6A,0x7E,0xEA,0x7E,0x6A,0x6A,0xEA,0x00}},
	{0x6B69, {0x10,0x5C,0x50,0x50,0xFE,0x54,0x96,0x34,0x08,0x10,0xE0,0x00}},
	{0x752B, {0x12,0xFE,0x10,0xFE,0x92,0xFE,0x92,0xFE,0x92,0x92,0x96,0x00}},
	{0x88DC, {0x4A,0x5E,0xE8,0x3E,0x6A,0x7E,0xEA,0x7E,0x6A,0x6A,0x6A,0x00}},
	{0x8F14, {0x4A,0xFE,0x48,0xFE,0xEA,0xFE,0xEA,0xFE,0x6A,0xEA,0x6A,0x00}},
	{0x7A42, {0x28,0xFE,0x48,0x7E,0xEA,0x7E,0x6A,0xFE,0xD4,0x72,0x6E,0x00}},
	{0x52DF, {0x28,0xFE,0x28,0x7C,0x44,0xFE,0x44,0x92,0x7C,0x24,0xCC,0x00}},
	{0x5893, {0x28,0xFE,0x28,0x7C,0x44,0x7C,0xFE,0x54,0xBA,0x10,0x7C,0x00}},
	{0x6155, {0x28,0xFE,0x28,0x7C,0x44,0xFE,0x44,0xA2,0x20,0xAA,0x60,0x00}},
	{0x620A, {0x0A,0x08,0x7E,0x48,0x48,0x4A,0x4A,0x44,0x44,0x4C,0x92,0x00}},
	{0x66AE, {0x28,0xFE,0x28,0x7C,0x44,0x7C,0xFE,0x28,0x7C,0xAA,0x38,0x00}},
	{0x6BCD, {0x7C,0x44,0x54,0x44,0xFE,0x44,0xA4,0x84,0xFE,0x04,0x18,0x00}},
	{0x7C3F, {0x48,0x6E,0xB4,0x08,0xBE,0x1C,0x9C,0x04,0x3E,0x94,0x8C,0x00}},
	{0x83E9, {0x28,0xFE,0x28,0x10,0x7C,0x28,0xFE,0x00,0x7C,0x44,0x7C,0x00}},
	{0x5023, {0x54,0x54,0x7E,0x56,0xD6,0x5E,0x5E,0x6C,0x6C,0x4A,0x5A,0x00}},
	{0x4FF8, {0x28,0x3C,0x48,0x7E,0xD4,0x7E,0x6A,0x5C,0x48,0x7E,0x48,0x00}},
	{0x5305, {0x40,0x7E,0x42,0xBA,0x0A,0x0A,0x7A,0x46,0x40,0x42,0x3E,0x00}},
	{0x5446, {0x7C,0x44,0x44,0x7C,0x10,0xFE,0x10,0x38,0x54,0x92,0x10,0x00}},
	{0x5831, {0x2E,0xFA,0x2A,0xF8,0x5E,0x5A,0xFA,0x24,0xF4,0x2A,0x2A,0x00}},
	{0x5949, {0x10,0x7C,0x10,0x7C,0x28,0xFE,0x54,0xBA,0x10,0x7C,0x10,0x00}},
	{0x5B9D, {0x10,0xFE,0x82,0x7C,0x10,0x10,0x7C,0x10,0x14,0x10,0xFE,0x00}},
	{0x5CF0, {0x4C,0x54,0x48,0x76,0xC8,0xDC,0xC8,0xDC,0xC8,0x3E,0x08,0x00}},
	{0x5CEF, {0x92,0xFE,0x20,0x3C,0xC4,0x38,0xD6,0x7C,0x10,0xFE,0x10,0x00}},
	{0x5D29, {0x92,0xFE,0x00,0x7E,0x5A,0x7E,0x5A,0x7E,0x5A,0x5A,0xB6,0x00}},
	{0x5E96, {0x08,0x7E,0x50,0x5E,0x62,0x5A,0x4A,0x5A,0x50,0x52,0x9E,0x00}},
	{0x62B1, {0x50,0x5E,0xD2,0x5A,0x6A,0x4A,0xDA,0x56,0x50,0x52,0xDE,0x00}},
	{0x6367, {0x48,0x5C,0xC8,0x7E,0x54,0x7E,0xEA,0x5C,0x48,0x7E,0xC8,0x00}},
	{0x653E, {0x24,0x24,0xF6,0x4A,0x4A,0x7A,0x5A,0x54,0x54,0x5A,0xB2,0x00}},
	{0x65B9, {0x10,0x10,0xFE,0x20,0x20,0x3C,0x24,0x24,0x44,0x44,0x8C,0x00}},
	{0x670B, {0x7E,0x5A,0x5A,0x7E,0x5A,0x5A,0x7E,0x5A,0x5A,0x5A,0xB6,0x00}},
	{0x6CD5, {0x88,0x48,0x1C,0x88,0x48,0x3E,0x08,0x48,0x50,0x94,0xBA,0x00}},
	{0x6CE1, {0x90,0x5E,0x12,0xBA,0x4A,0x0A,0x1A,0x56,0x50,0x92,0x9E,0x00}},
	{0x70F9, {0x10,0xFE,0x44,0x7C,0x00,0x7C,0x08,0x10,0x30,0x00,0xAA,0x00}},
	{0x7832, {0x10,0xFE,0x52,0x5A,0x4A,0x8A,0x7A,0x56,0x50,0x72,0x1E,0x00}},
	{0x7E2B, {0x56,0x4A,0x84,0xCA,0x44,0xBE,0xD4,0x5E,0xD4,0x50,0x6E,0x00}},
	{0x80DE, {0xE8,0xAE,0xAA,0xF6,0xA6,0xA4,0xEC,0xA8,0xAA,0xAA,0xAE,0x00}},
	{0x82B3, {0x28,0xFE,0x28,0x10,0xFE,0x20,0x3C,0x24,0x24,0x44,0x8C,0x00}},
	{0x840C, {0x28,0xFE,0x28,0xEE,0xAA,0xEE,0xAA,0xAE,0xEA,0x12,0x26,0x00}},
	{0x84EC, {0x28,0xFE,0x28,0x8C,0x54,0x08,0xF6,0x48,0x7E,0x48,0xBE,0x00}},
	{0x8702, {0x46,0x4A,0xE4,0xBA,0xA4,0xAE,0xE4,0x4E,0x44,0x7E,0xC4,0x00}},
	{0x8912, {0x10,0xFE,0x3C,0x54,0xFE,0x5C,0x6A,0x10,0x2A,0xE4,0x32,0x00}},
	{0x8A2A, {0xE4,0x04,0xFE,0x08,0xE8,0x0E,0xEA,0x0A,0xEA,0xAA,0xF6,0x00}},
	{0x8C4A, {0x28,0xFE,0xAA,0xFE,0x00,0xFE,0x44,0x7C,0x28,0x28,0xFE,0x00}},
	{0x90A6, {0x2E,0xFA,0x2A,0xFC,0x2A,0x2A,0xFA,0x2A,0x2C,0x48,0x88,0x00}},
	{0x92D2, {0x46,0xAA,0x04,0xFA,0x44,0xEE,0x44,0xEE,0xC4,0x7E,0xC4,0x00}},
	{0x98FD, {0x48,0xAE,0x0A,0xF6,0xA6,0xE4,0xAC,0xE8,0x8A,0xAA,0xEE,0x00}},
	{0x9CF3, {0x7C,0x44,0x7C,0x54,0x7C,0x6C,0x7C,0x64,0x7C,0x4C,0xAE,0x00}},
	{0x9D6C, {0xF4,0xBE,0xBA,0xFE,0xBA,0xBE,0xF8,0xBE,0xB2,0xBA,0xB6,0x00}},
	{0x4E4F, {0x0C,0x70,0x10,0x7C,0x04,0x08,0x10,0x50,0x60,0x40,0xBE,0x00}},
	{0x4EA1, {0x10,0x10,0xFE,0x40,0x40,0x40,0x40,0x40,0x40,0x40,0x3E,0x00}},
	{0x508D, {0x28,0x3E,0x54,0x7E,0xE2,0x48,0x7E,0x50,0x5E,0x52,0x66,0x00}},
	{0x5256, {0x22,0xFA,0x5A,0x5A,0xFA,0x0A,0x72,0x52,0x52,0x52,0x76,0x00}},
	{0x574A, {0x44,0x44,0x5E,0xE8,0x48,0x4E,0x4A,0x6A,0xCA,0x0A,0x16,0x00}},
	{0x59A8, {0x44,0x44,0x5E,0xE8,0xA8,0xAE,0xCA,0x4A,0x6A,0xAA,0x96,0x00}},
	{0x5E3D, {0x7E,0x62,0xFE,0xE2,0xFE,0xD4,0xDC,0x54,0x5C,0x54,0x5C,0x00}},
	{0x5FD8, {0x10,0xFE,0x40,0x40,0x40,0x3C,0x00,0x54,0x42,0xCA,0xBA,0x00}},
	{0x5FD9, {0x48,0x48,0xFE,0xD0,0xD0,0x50,0x50,0x50,0x50,0x50,0x4E,0x00}},
	{0x623F, {0xFE,0x00,0x7E,0x42,0x7E,0x48,0x7E,0x50,0x5E,0x52,0xA6,0x00}},
	{0x66B4, {0x7C,0x44,0x7C,0x28,0x7C,0x28,0xFE,0x54,0x38,0xD6,0x30,0x00}},
	{0x671B, {0x2E,0xFA,0x4E,0x4A,0x76,0x00,0x7C,0x10,0x7C,0x10,0xFE,0x00}},
	{0x67D0, {0x44,0xFE,0x44,0x7C,0x44,0x7C,0x10,0xFE,0x38,0x54,0x92,0x00}},
	{0x68D2, {0x48,0x5C,0xC8,0x7E,0x54,0xFE,0xEA,0xDC,0x48,0x7E,0x48,0x00}},
	{0x5192, {0xFE,0x82,0xFE,0x82,0xFE,0x44,0x7C,0x44,0x7C,0x44,0x7C,0x00}},
	{0x7D21, {0x44,0x44,0x9E,0xC8,0x48,0xAE,0xCA,0x4A,0xEA,0x4A,0x56,0x00}},
	{0x80AA, {0xE4,0xA4,0xBE,0xE8,0xA8,0xAE,0xEA,0xAA,0xAA,0xAA,0xB6,0x00}},
	{0x81A8, {0xEA,0xBE,0xAA,0xFC,0xA2,0xBE,0xF4,0xB8,0xAA,0xBE,0xA4,0x00}},
	{0x8B00, {0xD4,0x3E,0xD4,0x1C,0xD4,0x1C,0xC8,0x3E,0xDC,0xEA,0xC8,0x00}},
	{0x8C8C, {0x28,0xDE,0xB2,0x5E,0xB2,0x72,0xBE,0x6C,0xAC,0x2C,0x56,0x00}},
	{0x8CBF, {0x5E,0x8A,0x92,0xFC,0x44,0x7C,0x44,0x7C,0x44,0x7C,0x82,0x00}},
	{0x927E, {0x48,0xB2,0x1E,0xE0,0x54,0xFE,0x54,0xE4,0xDE,0x64,0xC4,0x00}},
	{0x9632, {0xE4,0xA4,0xBE,0xC8,0xA8,0xAE,0xAA,0xAA,0xCA,0x8A,0x96,0x00}},
	{0x5420, {0x08,0xEA,0xA8,0xBE,0xA8,0xA8,0xA8,0xF4,0x14,0x14,0x22,0x00}},
	{0x982C, {0x2E,0x24,0xFE,0x2A,0xAE,0x2A,0xFE,0x2A,0x2E,0x50,0x8A,0x00}},
	{0x5317, {0x28,0x28,0x28,0xEA,0x2C,0x28,0x28,0x68,0xAA,0x2A,0x2E,0x00}},
	{0x50D5, {0x2A,0x28,0x7E,0x54,0xFE,0x48,0x5C,0x48,0x7E,0x54,0x62,0x00}},
	{0x535C, {0x20,0x20,0x20,0x30,0x28,0x24,0x24,0x20,0x20,0x20,0x20,0x00}},
	{0x58A8, {0x7C,0x54,0x7C,0x54,0xFE,0x00,0xAA,0x10,0x7C,0x10,0xFE,0x00}},
	{0x64B2, {0x6A,0x48,0xFE,0x54,0x7E,0x48,0xDC,0x48,0x7E,0x54,0xE2,0x00}},
	{0x6734, {0x28,0x28,0xF8,0x28,0x2C,0x6A,0x7A,0xA8,0x28,0x28,0x28,0x00}},
	{0x7267, {0x50,0xD0,0xDE,0xF4,0xD4,0x54,0x54,0xC8,0x48,0x54,0x62,0x00}},
	{0x7766, {0x08,0xFC,0xA8,0xFE,0xB4,0xE6,0xA8,0xBC,0xE8,0x08,0x3E,0x00}},
	{0x7A46, {0x28,0xDC,0x54,0x5C,0xEA,0x4C,0x58,0xC4,0xDA,0x44,0x58,0x00}},
	{0x91E6, {0x20,0x5E,0x8A,0x7A,0x2A,0xFA,0x2A,0xBA,0xAA,0x3A,0xCE,0x00}},
	{0x52C3, {0x28,0xF8,0x2E,0xFA,0x9A,0x6A,0x2A,0xFA,0x2A,0x22,0x66,0x00}},
	{0x6CA1, {0x9C,0x54,0x14,0xA6,0x5C,0x04,0x14,0x48,0x48,0x94,0xA2,0x00}},
	{0x6B86, {0xE4,0x44,0x48,0x6A,0xBE,0xA0,0x6E,0x2A,0x2A,0x4A,0x8E,0x00}},
	{0x5800, {0x7E,0x62,0x7E,0xE0,0x6A,0x6A,0x7E,0x48,0xEA,0x2A,0x3E,0x00}},
	{0x5E4C, {0x5C,0x54,0xDC,0xD4,0xDC,0xEA,0xC8,0x7E,0x54,0x54,0x66,0x00}},
	{0x5954, {0x10,0xFE,0x28,0x54,0xBA,0x10,0x44,0xFE,0x44,0x44,0x84,0x00}},
	{0x672C, {0x10,0x10,0xFE,0x10,0x38,0x38,0x54,0x54,0xBA,0x10,0x10,0x00}},
	{0x7FFB, {0x7E,0xAA,0x6A,0xFE,0x6A,0xAA,0xEE,0xBA,0xEA,0xAA,0xEA,0x00}},
	{0x51E1, {0x7C,0x44,0x44,0x64,0x54,0x54,0x54,0x44,0x44,0x44,0x86,0x00}},
	{0x76C6, {0x28,0x28,0x44,0xFE,0x24,0x4C,0x00,0x7C,0x54,0x54,0xFE,0x00}},
	{0x6469, {0x08,0x7E,0x54,0x7E,0x54,0x48,0x7E,0x48,0x7E,0x48,0x98,0x00}},
	{0x78E8, {0x08,0x7E,0x54,0x7E,0x54,0x7E,0x50,0x5E,0x72,0x52,0x9E,0x00}},
	{0x9B54, {0x08,0x7E,0x54,0x7E,0x54,0x7E,0x6A,0x7E,0x5C,0x5A,0xAE,0x00}},
	{0x9EBB, {0x08,0x7E,0x40,0x54,0x7E,0x54,0x54,0x7C,0x7E,0x54,0x94,0x00}},
	{0x57CB, {0x7E,0x6A,0x7E,0xEA,0x6A,0x7E,0x48,0x5C,0xC8,0x08,0x3E,0x00}},
	{0x59B9, {0x48,0x48,0x5C,0xE8,0xA8,0xBE,0xC8,0x48,0x5C,0xAA,0x88,0x00}},
	{0x6627, {0x08,0xE8,0xBC,0xA8,0xE8,0xBE,0xA8,0xE8,0x1C,0x2A,0x08,0x00}},
	{0x679A, {0x50,0x50,0xDE,0x74,0x54,0xD4,0xD4,0xC8,0x48,0x54,0x62,0x00}},
	{0x6BCE, {0x40,0x7E,0x80,0x7C,0x54,0xFE,0x54,0x94,0xFE,0x04,0x18,0x00}},
	{0x54E9, {0x3E,0xEA,0xBE,0xAA,0xAA,0xBE,0xA8,0xFC,0x08,0x08,0x3E,0x00}},
	{0x69D9, {0x48,0x7E,0xC8,0x5C,0x54,0xDC,0xD4,0xFE,0x40,0x54,0x62,0x00}},
	{0x5E55, {0x28,0xFE,0x28,0x7C,0x44,0xFE,0x54,0x92,0x7C,0x54,0x10,0x00}},
	{0x819C, {0xEA,0xBE,0xAA,0xFE,0xB2,0xBE,0xE4,0xBE,0xA4,0xAA,0xB2,0x00}},
	{0x6795, {0x48,0x7E,0xEA,0x6A,0x48,0xCC,0xCC,0xCC,0x54,0x54,0x66,0x00}},
	{0x9BAA, {0x64,0xA4,0x3E,0xE8,0xAE,0xFA,0xAE,0xEA,0x0E,0xAA,0xAA,0x00}},
	{0x67FE, {0x5E,0x44,0xC4,0x44,0x54,0xD6,0xD4,0xD4,0x54,0x54,0x7E,0x00}},
	{0x9C52, {0x6A,0xBE,0x2A,0xFE,0xBA,0xF2,0xBE,0xE4,0x1E,0xB4,0xAC,0x00}},
	{0x685D, {0x52,0x52,0xDE,0x6A,0x6A,0xDA,0xCA,0xCE,0x52,0x52,0x62,0x00}},
	{0x4EA6, {0x10,0x10,0xFE,0x28,0x28,0x6C,0x6A,0xAA,0x28,0x28,0x58,0x00}},
	{0x4FE3, {0x3C,0x34,0x54,0x5C,0xC0,0x7E,0x48,0x5C,0x48,0x54,0x62,0x00}},
	{0x53C8, {0x7C,0x04,0x44,0x44,0x28,0x28,0x10,0x10,0x28,0x44,0x82,0x00}},
	{0x62B9, {0x48,0x48,0xFE,0x48,0x48,0x5C,0xC8,0x48,0x5C,0x6A,0xC8,0x00}},
	{0x672B, {0x10,0x10,0xFE,0x10,0x10,0x7C,0x10,0x38,0x54,0x92,0x10,0x00}},
	{0x6CAB, {0x88,0x08,0x3E,0x88,0x08,0x1C,0x08,0x88,0x9C,0xAA,0x88,0x00}},
	{0x8FC4, {0x90,0x5E,0x10,0x2C,0x04,0xC8,0x50,0x52,0x4E,0x40,0xBE,0x00}},
	{0x4FAD, {0x3E,0x32,0x52,0x5E,0xD4,0x62,0x48,0x44,0x40,0x5C,0x42,0x00}},
	{0x7E6D, {0x28,0xFE,0x28,0xFE,0x92,0xB6,0xDE,0xBE,0xF6,0xBE,0x92,0x00}},
	{0x9EBF, {0x08,0x7E,0x54,0x7E,0x54,0x7E,0x62,0x5C,0x7E,0x62,0xBE,0x00}},
	{0x4E07, {0xFE,0x20,0x20,0x3C,0x24,0x24,0x24,0x24,0x44,0x44,0x8C,0x00}},
	{0x6162, {0x5C,0x54,0xDC,0xD4,0xFE,0x6A,0x7E,0x54,0x48,0x54,0x62,0x00}},
	{0x6E80, {0x94,0x3E,0x14,0xBE,0x08,0x3E,0x2A,0xBE,0xBE,0xA2,0xA6,0x00}},
	{0x6F2B, {0x9C,0x54,0x1C,0x94,0x3E,0x2A,0x3E,0x54,0x48,0x94,0xA2,0x00}},
	{0x8513, {0x28,0xFE,0x28,0x7C,0x44,0xFE,0xAA,0xFE,0x28,0x10,0xEE,0x00}},
	{0x5473, {0x08,0xE8,0xBC,0xA8,0xA8,0xBE,0xA8,0xE8,0x1C,0x2A,0x08,0x00}},
	{0x672A, {0x10,0x10,0x7C,0x10,0x10,0xFE,0x10,0x38,0x54,0x92,0x10,0x00}},
	{0x9B45, {0x44,0xEE,0xA4,0xE4,0xBE,0xE4,0x6C,0x76,0x64,0x60,0xBE,0x00}},
	{0x5DF3, {0xFC,0x84,0x84,0x84,0x84,0xFC,0x80,0x80,0x82,0x82,0x7E,0x00}},
	{0x7B95, {0x48,0x6E,0xB4,0x44,0xFE,0x44,0x7C,0x44,0xFE,0x44,0x82,0x00}},
	{0x5CAC, {0x7E,0x6A,0x6A,0x7E,0xEA,0xEA,0xEA,0xFE,0xC8,0x08,0x08,0x00}},
	{0x5BC6, {0x10,0xFE,0x92,0x24,0xAA,0x30,0xDE,0x10,0x92,0x92,0xFE,0x00}},
	{0x871C, {0x10,0xFE,0x92,0x24,0xAA,0x70,0xFE,0x54,0x7C,0x14,0xFA,0x00}},
	{0x6E4A, {0x88,0x3E,0x08,0xBE,0x14,0x7E,0x22,0xDC,0xBE,0x94,0xA2,0x00}},
	{0x84D1, {0x28,0xFE,0x10,0xFE,0x44,0xFE,0x44,0x7C,0x6A,0xA4,0x32,0x00}},
	{0x7A14, {0x28,0xD4,0x62,0x5C,0xC0,0x7E,0x44,0xC0,0xD4,0x72,0x6E,0x00}},
	{0x8108, {0xE4,0xB8,0xB2,0xFC,0xB4,0xB4,0xF6,0xB4,0xB4,0xB4,0xB2,0x00}},
	{0x5999, {0x48,0x48,0x5C,0xFA,0xAA,0xA8,0xDA,0x42,0x64,0xA8,0x90,0x00}},
	{0x7C8D, {0x44,0xD8,0xC8,0x4E,0xF8,0x48,0xCE,0xF8,0xC8,0x4A,0x4E,0x00}},
	{0x6C11, {0x7C,0x44,0x44,0x7C,0x48,0x48,0x7E,0x48,0x48,0x64,0xC2,0x00}},
	{0x7720, {0x1E,0xF2,0xB2,0xFE,0xB4,0xB4,0xFE,0xB4,0xB4,0xF2,0x1A,0x00}},
	{0x52D9, {0xE8,0x2E,0xDA,0x44,0xEA,0x72,0x48,0xDE,0x4A,0x4A,0xD6,0x00}},
	{0x5922, {0x28,0xFE,0x28,0x7C,0x54,0xFE,0xA2,0x3C,0x64,0x18,0xE0,0x00}},
	{0x7121, {0x40,0x7E,0xD4,0x54,0xFE,0x54,0x54,0xFE,0x00,0x54,0xAA,0x00}},
	{0x725F, {0x10,0x24,0xFA,0x10,0x50,0x7C,0x90,0x10,0xFE,0x10,0x10,0x00}},
	{0x77DB, {0x7C,0x04,0x28,0x10,0xFE,0x12,0x34,0x50,0x90,0x10,0x30,0x00}},
	{0x9727, {0x7C,0x10,0xFE,0x92,0x36,0xEA,0x24,0xEA,0x5E,0xCA,0x56,0x00}},
	{0x9D61, {0x14,0xDE,0x1A,0xFE,0x1A,0x5E,0x78,0xDE,0xD2,0xEA,0xC6,0x00}},
	{0x690B, {0x48,0x7E,0xC0,0x5C,0x54,0xDC,0xC8,0xEA,0x6A,0x48,0x58,0x00}},
	{0x5A7F, {0x5E,0x4A,0x4C,0xF6,0xBE,0xB2,0xDE,0x52,0x5E,0xB2,0x96,0x00}},
	{0x5A18, {0x44,0x5E,0x52,0xFE,0xB2,0xBE,0xD4,0x56,0x54,0xB2,0x9A,0x00}},
	{0x51A5, {0xFE,0x82,0x7C,0x44,0x7C,0x44,0x7C,0x10,0xFE,0x44,0x82,0x00}},
	{0x540D, {0x20,0x3C,0x44,0xA8,0x10,0x20,0x7E,0xA2,0x22,0x22,0x3E,0x00}},
	{0x547D, {0x10,0x28,0x44,0xBA,0x00,0xEE,0xAA,0xAA,0xEA,0x08,0x08,0x00}},
	{0x660E, {0x0E,0xEA,0xAA,0xAE,0xEA,0xAA,0xAE,0xEA,0x0A,0x12,0x26,0x00}},
	{0x76DF, {0xEE,0xAA,0xEE,0xAA,0xEE,0x12,0x00,0x7C,0x54,0x54,0xFE,0x00}},
	{0x8FF7, {0x88,0x2A,0x08,0x3E,0x08,0xDC,0x5C,0x6A,0x48,0x40,0xBE,0x00}},
	{0x9298, {0x48,0xAE,0x12,0xEA,0x44,0xE8,0x5E,0xEA,0xCA,0x6A,0xCE,0x00}},
	{0x9CF4, {0x04,0xEE,0xAA,0xAE,0xAA,0xAE,0xA8,0xEE,0x02,0x2A,0x26,0x00}},
	{0x59EA, {0x5E,0x44,0x48,0xEA,0xBE,0xA4,0xC4,0x4E,0x64,0xA4,0x9E,0x00}},
	{0x725D, {0x28,0xA8,0xF8,0xAA,0xAC,0x28,0x38,0xE8,0x2A,0x2A,0x2E,0x00}},
	{0x6EC5, {0x8A,0x08,0x7E,0xC4,0x7C,0x54,0x7E,0xFC,0xD4,0x94,0xAA,0x00}},
	{0x514D, {0x38,0x28,0x48,0xFC,0x54,0x54,0x7C,0x28,0x2A,0x4A,0x8E,0x00}},
	{0x68C9, {0x48,0x5C,0xD4,0x5C,0x54,0xDC,0xC8,0xFE,0x6A,0x6A,0x48,0x00}},
	{0x7DBF, {0x48,0x5C,0x94,0xDC,0x54,0x9C,0xC8,0x7E,0xEA,0x6A,0x48,0x00}},
	{0x7DEC, {0x5E,0x44,0x88,0xDE,0x56,0xBE,0xD6,0x5E,0xF6,0x56,0x5E,0x00}},
	{0x9762, {0xFE,0x10,0x20,0xFE,0xAA,0xBA,0xAA,0xBA,0xAA,0xAA,0xFE,0x00}},
	{0x9EBA, {0x5E,0xE8,0x5E,0xF6,0x5E,0xF6,0x5E,0x76,0xBE,0x40,0xBE,0x00}},
	{0x6478, {0x54,0x7E,0xD4,0x7E,0x62,0x7E,0xC8,0x7E,0x48,0x54,0xE2,0x00}},
	{0x6A21, {0x54,0x7E,0xD4,0x7E,0x62,0xFE,0xC8,0xFE,0x48,0x54,0x62,0x00}},
	{0x8302, {0x28,0xFE,0x28,0x0A,0x7E,0x48,0x4A,0x4A,0x44,0x4C,0x92,0x00}},
	{0x5984, {0x10,0xFE,0x40,0x40,0x7C,0x10,0xFE,0x24,0x68,0x18,0xE6,0x00}},
	{0x5B5F, {0x7C,0x08,0x10,0xFE,0x10,0x30,0x7C,0x54,0x54,0x54,0xFE,0x00}},
	{0x6BDB, {0x0C,0x70,0x10,0x1E,0xF0,0x10,0x1E,0xF0,0x10,0x12,0x1E,0x00}},
	{0x731B, {0xBC,0xA4,0x48,0x7E,0xC8,0x48,0x5C,0xDC,0x5C,0x5C,0xBE,0x00}},
	{0x76F2, {0x10,0xFE,0x40,0x7C,0x00,0x7C,0x44,0x7C,0x44,0x44,0x7C,0x00}},
	{0x7DB2, {0x7E,0x62,0xB6,0xFE,0x6A,0xBE,0xF2,0x72,0xEE,0x62,0x66,0x00}},
	{0x8017, {0x44,0xD8,0x48,0xCE,0x78,0xC8,0x4E,0xF8,0xC8,0x4A,0x4E,0x00}},
	{0x8499, {0x28,0xFE,0x28,0xFE,0x82,0x7C,0x30,0xDA,0x2C,0xCA,0x30,0x00}},
	{0x5132, {0x24,0x34,0x4E,0x74,0xCE,0x78,0x4E,0x7A,0x6E,0x7A,0x4E,0x00}},
	{0x6728, {0x10,0x10,0xFE,0x10,0x38,0x38,0x54,0x54,0x92,0x10,0x10,0x00}},
	{0x9ED9, {0xEA,0xE8,0xFE,0xE8,0x48,0xE8,0x54,0xE2,0x00,0x54,0xAA,0x00}},
	{0x76EE, {0x7E,0x42,0x42,0x7E,0x42,0x42,0x7E,0x42,0x42,0x42,0x7E,0x00}},
	{0x6762, {0x10,0xFE,0x10,0x38,0x54,0x92,0x00,0x7C,0x10,0x10,0xFE,0x00}},
	{0x52FF, {0x40,0x7E,0x6A,0xAA,0x2A,0x2A,0x4A,0x92,0x12,0x22,0x4C,0x00}},
	{0x9905, {0x4A,0xA4,0x1E,0xEA,0xAA,0xFE,0xAA,0xEA,0x8A,0xAA,0xF2,0x00}},
	{0x5C24, {0x14,0x10,0xFE,0x10,0x18,0x18,0x18,0x28,0x2A,0x4A,0x8E,0x00}},
	{0x623B, {0xFE,0x00,0x7E,0x42,0x7E,0x48,0x7E,0x48,0x48,0x54,0xA2,0x00}},
	{0x7C7E, {0x5E,0xEA,0xCA,0x4A,0xDA,0x4E,0xCA,0xEA,0xCA,0x4A,0x56,0x00}},
	{0x8CB0, {0x54,0xFE,0x54,0x5C,0x40,0x7E,0x44,0x7C,0x44,0x7C,0x82,0x00}},
	{0x554F, {0xEE,0xAA,0xEE,0xAA,0xEE,0x82,0xBA,0xAA,0xAA,0xBA,0x86,0x00}},
	{0x60B6, {0xEE,0xAA,0xEE,0xAA,0xEE,0x82,0x92,0xA2,0xEE,0xBA,0x86,0x00}},
	{0x7D0B, {0x48,0x48,0xBE,0xD4,0x54,0x94,0xC8,0x48,0xD4,0x54,0x62,0x00}},
	{0x9580, {0xEE,0xAA,0xEE,0xAA,0xEE,0x82,0x82,0x82,0x82,0x82,0x86,0x00}},
	{0x5301, {0x40,0x7E,0x52,0x92,0x32,0x12,0x12,0x2A,0x26,0x42,0x8C,0x00}},
	{0x4E5F, {0x10,0x50,0x56,0x5A,0x72,0xD2,0x56,0x50,0x42,0x42,0x3E,0x00}},
	{0x51B6, {0x08,0x88,0x50,0x14,0x3A,0x00,0x5C,0x54,0x94,0x94,0x1C,0x00}},
	{0x591C, {0x10,0xFE,0x28,0x2E,0x52,0x4A,0xD4,0x48,0x48,0x54,0x62,0x00}},
	{0x723A, {0x28,0xC6,0x38,0xC6,0xF6,0x54,0x76,0x56,0x76,0xD4,0x14,0x00}},
	{0x8036, {0xFE,0x56,0x76,0x54,0x56,0x76,0x56,0x56,0x74,0xD4,0x14,0x00}},
	{0x91CE, {0xFE,0xB2,0xFA,0xB4,0xBE,0xF6,0x24,0x74,0x24,0x34,0xCC,0x00}},
	{0x5F25, {0xD0,0x5E,0x68,0xC8,0x9C,0x9A,0xDA,0x6A,0x48,0x48,0xD8,0x00}},
	{0x77E2, {0x40,0x40,0x7C,0x90,0x10,0xFE,0x10,0x10,0x28,0x44,0x82,0x00}},
	{0x5384, {0x7E,0x40,0x40,0x5E,0x52,0x52,0x56,0x50,0x52,0x52,0x9E,0x00}},
	{0x5F79, {0x5C,0x54,0x94,0x26,0x5C,0x44,0xD4,0x48,0x48,0x54,0x62,0x00}},
	{0x7D04, {0x50,0x5E,0xA2,0xC2,0x52,0x8A,0xCA,0x42,0xE2,0x42,0x4C,0x00}},
	{0x85AC, {0x28,0xFE,0x10,0xBA,0x6C,0xBA,0x10,0xFE,0x38,0x54,0x92,0x00}},
	{0x8A33, {0xDE,0x12,0xD2,0x1E,0xD4,0x14,0xD4,0x14,0xD4,0xD2,0xE2,0x00}},
	{0x8E8D, {0xFE,0xAA,0xBE,0xEA,0x5E,0x44,0xEE,0xD4,0xDE,0xF4,0xDE,0x00}},
	{0x9756, {0x44,0x4E,0xE4,0x2E,0xA4,0xBE,0xAA,0x4E,0x6A,0xCE,0x0A,0x00}},
	{0x67F3, {0x56,0x56,0xE6,0x76,0x76,0xF6,0xF6,0xF6,0x54,0x54,0x64,0x00}},
	{0x85AE, {0x28,0xFE,0x28,0xAE,0xFA,0x7A,0xAA,0xF4,0x54,0x3A,0xCA,0x00}},
	{0x9453, {0x54,0xAE,0x0E,0xE4,0x4E,0xE6,0x54,0xF6,0xD6,0x70,0xDE,0x00}},
	{0x6109, {0x48,0x54,0xE2,0xDC,0xC0,0x7A,0x6A,0x7A,0x6A,0x7A,0x6A,0x00}},
	{0x6108, {0x10,0x28,0x7C,0x82,0x74,0x54,0x74,0x54,0x00,0xCA,0xBA,0x00}},
	{0x6CB9, {0x88,0x08,0x3E,0xAA,0x2A,0x3E,0x2A,0xAA,0xAA,0xAA,0xBE,0x00}},
	{0x7652, {0x08,0x7E,0x48,0xD4,0x7E,0x6A,0xFA,0x6A,0x40,0x72,0xAE,0x00}},
	{0x8AED, {0xC8,0x14,0xE2,0x1C,0xC0,0x3A,0xEA,0x3A,0xEA,0xBA,0xEA,0x00}},
	{0x8F38, {0x48,0xD4,0x62,0xDC,0xC0,0xFA,0xEA,0xFA,0x6A,0xFA,0x6A,0x00}},
	{0x552F, {0x14,0xF4,0xBE,0xB4,0xBE,0xB4,0xB4,0xFE,0x14,0x14,0x1E,0x00}},
	{0x4F51, {0x28,0x28,0x7E,0x50,0xD0,0x5E,0x72,0x52,0x52,0x52,0x5E,0x00}},
	{0x512A, {0x3E,0x28,0x5C,0x54,0xFE,0x6A,0x54,0x5E,0x74,0x48,0x76,0x00}},
	{0x52C7, {0x7C,0x08,0x7C,0x54,0x7C,0x54,0x7C,0x10,0xFE,0x22,0xCE,0x00}},
	{0x53CB, {0x10,0x10,0xFE,0x20,0x3C,0x24,0x54,0x54,0x88,0x14,0x62,0x00}},
	{0x5BA5, {0x10,0xFE,0x92,0x7C,0x20,0x3C,0x64,0xBC,0x24,0x24,0x2C,0x00}},
	{0x5E7D, {0x10,0x92,0xB6,0xDA,0xDA,0xB6,0xDA,0xDA,0xFE,0x92,0xFE,0x00}},
	{0x60A0, {0x28,0x2E,0x5A,0xEA,0x64,0x6A,0x52,0x00,0x54,0xCA,0xBA,0x00}},
	{0x6182, {0xFE,0x10,0x7C,0x44,0xFE,0x92,0x64,0xBA,0x68,0x10,0xEE,0x00}},
	{0x63D6, {0x5C,0x54,0xDC,0x40,0x7E,0x54,0xDC,0x54,0x5E,0x74,0xC4,0x00}},
	{0x6709, {0x10,0x10,0xFE,0x20,0x3C,0x64,0xBC,0x24,0x3C,0x24,0x2C,0x00}},
	{0x67DA, {0x48,0x48,0xFE,0x6A,0x6A,0xFE,0xEA,0xEA,0x6A,0x6A,0x7E,0x00}},
	{0x6E67, {0xBE,0x04,0x3E,0xAA,0x3E,0x2A,0x3E,0x88,0xBE,0x92,0xA6,0x00}},
	{0x6D8C, {0xBE,0x04,0x08,0xBE,0x2A,0x3E,0x2A,0xBE,0xAA,0xAA,0xAA,0x00}},
	{0x7336, {0xB4,0xA8,0x7E,0x54,0xBE,0x36,0x76,0xA2,0x3E,0x22,0xFE,0x00}},
	{0x7337, {0x54,0x26,0xF4,0x5E,0xF4,0xD4,0xD4,0x94,0xF4,0x9A,0xFA,0x00}},
	{0x7531, {0x10,0x10,0xFE,0x92,0x92,0xFE,0x92,0x92,0x92,0x92,0xFE,0x00}},
	{0x7950, {0x44,0x44,0xFE,0x28,0x48,0x4E,0xDA,0x6A,0x4A,0x4A,0x4E,0x00}},
	{0x88D5, {0x54,0x54,0xE2,0x28,0x54,0x54,0xE2,0x7C,0x54,0x54,0x5C,0x00}},
	{0x8A98, {0xC4,0x18,0xC8,0x3E,0xDC,0x2A,0xFC,0x14,0xD6,0xD2,0xE6,0x00}},
	{0x904A, {0x94,0x16,0x38,0x16,0x12,0xDC,0x6A,0x4A,0x56,0x40,0xBE,0x00}},
	{0x9091, {0x7C,0x44,0x7C,0x00,0xFE,0x92,0x92,0xFE,0x80,0x82,0x7E,0x00}},
	{0x90F5, {0x1E,0x6A,0x2A,0xFC,0x6A,0xFA,0x6A,0xFA,0x2C,0x38,0xC8,0x00}},
	{0x96C4, {0x2A,0x2A,0xFE,0x4C,0x4E,0xAC,0x2C,0x4E,0x5C,0xFC,0x0E,0x00}},
	{0x878D, {0xF4,0x04,0x7E,0x5A,0x7A,0x0A,0xFE,0x94,0xF4,0xB6,0x9E,0x00}},
	{0x5915, {0x10,0x10,0x1E,0x22,0x42,0xB4,0x0C,0x08,0x10,0x20,0xC0,0x00}},
	{0x4E88, {0x7C,0x04,0x28,0x10,0xFE,0x12,0x14,0x10,0x10,0x10,0x30,0x00}},
	{0x4F59, {0x10,0x28,0x44,0xBA,0x10,0xFE,0x10,0x54,0x52,0x92,0x30,0x00}},
	{0x4E0E, {0x40,0x7C,0x40,0x40,0x78,0x08,0x08,0xFE,0x08,0x08,0x30,0x00}},
	{0x8A89, {0x54,0x08,0xFE,0x44,0xBA,0x00,0x7C,0x00,0x7C,0x44,0x7C,0x00}},
	{0x8F3F, {0x56,0xBA,0xD6,0xBA,0xD6,0xBA,0x92,0xFE,0x00,0x44,0x82,0x00}},
	{0x9810, {0xEE,0x24,0xCE,0x4A,0xEE,0x6A,0x4E,0x4A,0x4E,0x40,0xCA,0x00}},
	{0x50AD, {0x24,0x3E,0x64,0x6E,0xE6,0x7E,0x64,0x5E,0x56,0x5E,0x56,0x00}},
	{0x5E7C, {0x28,0x28,0x2E,0xCA,0x5A,0x2A,0x2A,0x4A,0x92,0xF2,0x16,0x00}},
	{0x5996, {0x22,0x2C,0x24,0xF4,0x5E,0x54,0x64,0x24,0x2A,0x6A,0x92,0x00}},
	{0x5BB9, {0x10,0xFE,0xAA,0x44,0x10,0x28,0x44,0xFE,0x44,0x44,0x7C,0x00}},
	{0x5EB8, {0x08,0x7E,0x48,0x5E,0x4A,0x7E,0x48,0x7E,0x6A,0xBE,0xAA,0x00}},
	{0x63DA, {0x5C,0x54,0xDC,0x54,0x7E,0x50,0xDE,0x6A,0x56,0x6A,0xD6,0x00}},
	{0x63FA, {0x46,0x78,0xEA,0x40,0x5C,0x48,0xFE,0x48,0x6A,0x6A,0xFE,0x00}},
	{0x64C1, {0x48,0x7E,0xC0,0x52,0x66,0x7C,0xD6,0x64,0x7E,0x54,0xE6,0x00}},
	{0x66DC, {0x1E,0xEA,0xBE,0xAA,0xFE,0xA4,0xAE,0xB4,0xDE,0x14,0x1E,0x00}},
	{0x694A, {0x5C,0x54,0xDC,0x54,0x7E,0xD0,0xDE,0xEA,0x56,0x6A,0x56,0x00}},
	{0x69D8, {0x54,0x7E,0xC8,0x5C,0x48,0xFE,0xC8,0xEA,0x5C,0x6A,0x58,0x00}},
	{0x6D0B, {0x94,0x48,0x3E,0x88,0x48,0x1C,0x08,0x48,0x7E,0x88,0x88,0x00}},
	{0x6EB6, {0x88,0x3E,0x22,0x94,0x22,0x08,0x14,0xA2,0x9C,0x94,0x9C,0x00}},
	{0x7194, {0x48,0x7E,0x62,0xD4,0xE2,0xC8,0x54,0x62,0x5C,0x94,0x9C,0x00}},
	{0x7528, {0x7E,0x52,0x52,0x7E,0x52,0x52,0x7E,0x52,0x52,0x52,0x96,0x00}},
	{0x7AAF, {0x10,0xFE,0xAA,0x4C,0x28,0x7C,0x10,0x7C,0x10,0xFE,0xAA,0x00}},
	{0x7F8A, {0x44,0x08,0xFE,0x10,0x10,0x7C,0x10,0x10,0xFE,0x10,0x10,0x00}},
	{0x8000, {0x3E,0xAA,0xBE,0x2A,0xFE,0x54,0x5E,0x54,0x5E,0x54,0x9E,0x00}},
	{0x8449, {0x28,0xFE,0x54,0xFE,0x54,0x5C,0x40,0xFE,0x38,0x54,0x92,0x00}},
	{0x84C9, {0x28,0xFE,0x10,0xFE,0xAA,0x54,0x28,0x44,0xFE,0x44,0x7C,0x00}},
	{0x8981, {0xFE,0x28,0xFE,0xAA,0xFE,0x10,0xFE,0x24,0x68,0x18,0xE6,0x00}},
	{0x8B21, {0xC6,0x38,0xEA,0x00,0xDC,0x08,0xFE,0x08,0xEA,0xAA,0xFE,0x00}},
	{0x8E0A, {0xEE,0xA2,0xA4,0xFE,0x56,0x5E,0xF6,0xDE,0xD6,0xD6,0xF2,0x00}},
	{0x9065, {0x86,0x38,0x2A,0x3E,0x08,0xFE,0x48,0x6A,0x7E,0x40,0xBE,0x00}},
	{0x967D, {0xDC,0xD4,0xDC,0x94,0xFE,0xD0,0xDE,0xEA,0x96,0xAA,0x96,0x00}},
	{0x990A, {0x44,0xFE,0x10,0xFE,0x28,0x54,0xBA,0x28,0x34,0x28,0x76,0x00}},
	{0x617E, {0x54,0x86,0x2A,0x54,0x84,0x64,0x6A,0x00,0x54,0xCA,0xBA,0x00}},
	{0x6291, {0x50,0x5E,0xEA,0x6A,0x6A,0x6A,0xEA,0x7A,0x68,0x48,0xC8,0x00}},
	{0x6B32, {0x54,0x56,0x8A,0x26,0x54,0x54,0x84,0x74,0x5A,0x5A,0x72,0x00}},
	{0x6C83, {0x84,0x58,0x08,0x88,0x7E,0x08,0x08,0x48,0x54,0x94,0xA2,0x00}},
	{0x6D74, {0x94,0x14,0x22,0x88,0x14,0x14,0x22,0x9C,0x94,0x94,0x9C,0x00}},
	{0x7FCC, {0xEE,0x22,0xAA,0x66,0xAA,0x66,0x10,0x7C,0x28,0x28,0xFE,0x00}},
	{0x7FFC, {0xEE,0xAA,0x66,0xAA,0x7E,0x54,0x7C,0x28,0xFE,0x44,0x82,0x00}},
	{0x6DC0, {0x88,0x3E,0x22,0x9C,0x08,0x08,0x2E,0xA8,0xA8,0xA8,0xDE,0x00}},
	{0x7F85, {0xFE,0xAA,0xFE,0x54,0x9E,0x54,0xBE,0xD4,0x5E,0xF4,0x5E,0x00}},
	{0x87BA, {0x7E,0x6A,0xFE,0xAA,0xBE,0xB0,0xEA,0x7E,0x48,0x6A,0xC8,0x00}},
	{0x88F8, {0x7E,0x6A,0xFE,0x2A,0x7E,0x48,0xFE,0x68,0x5C,0x6A,0x48,0x00}},
	{0x6765, {0x10,0xFE,0x10,0x54,0x10,0xFE,0x10,0x38,0x54,0x92,0x10,0x00}},
	{0x83B1, {0x28,0xFE,0x28,0x7C,0x10,0x54,0x10,0xFE,0x38,0x54,0x92,0x00}},
	{0x983C, {0x2E,0xF4,0x2E,0xFA,0xAE,0xAA,0xFE,0x2A,0x6E,0xB0,0x2A,0x00}},
	{0x96F7, {0x7C,0x10,0xFE,0x92,0xB6,0x00,0x7C,0x54,0x7C,0x54,0x7C,0x00}},
	{0x6D1B, {0x90,0x1C,0x14,0xA8,0x08,0x14,0x22,0x9C,0x94,0x94,0x9C,0x00}},
	{0x7D61, {0x50,0x5C,0x94,0xE8,0x48,0x94,0xE2,0x5C,0xD4,0x54,0x5C,0x00}},
	{0x843D, {0x28,0xFE,0x10,0x9C,0x34,0x88,0x14,0x22,0x9C,0x94,0x9C,0x00}},
	{0x916A, {0xE8,0x4E,0x4A,0xF4,0xE4,0xEA,0xB0,0xAE,0xEA,0xAA,0xEE,0x00}},
	{0x4E71, {0x28,0xC8,0x48,0x48,0xE8,0x48,0x48,0xE8,0xAA,0xAA,0xEE,0x00}},
	{0x5375, {0x2E,0xCA,0xAA,0xAA,0xEE,0xAA,0xAA,0xEA,0xA8,0x28,0x48,0x00}},
	{0x5D50, {0x92,0xFE,0x00,0x7C,0x54,0x7C,0x54,0x7C,0x54,0x5C,0xB6,0x00}},
	{0x6B04, {0x76,0x76,0xF6,0x76,0x6A,0xFE,0xFE,0xEA,0x7E,0x6A,0x62,0x00}},
	{0x6FEB, {0xB4,0x26,0x30,0xB0,0x26,0x30,0x00,0x5C,0x5C,0x9C,0xBE,0x00}},
	{0x85CD, {0x28,0xFE,0xE8,0xCE,0xE0,0xCE,0xE0,0x00,0x7C,0x54,0xFE,0x00}},
	{0x862D, {0x28,0xFE,0x28,0xEE,0xAA,0xEE,0x92,0xFE,0xBA,0xBA,0xD6,0x00}},
	{0x89A7, {0xE8,0xCE,0xE0,0xCE,0xFC,0x44,0x7C,0x44,0x7C,0x2A,0xCE,0x00}},
	{0x5229, {0x12,0x6A,0x2A,0x2A,0xFA,0x2A,0x2A,0x72,0xA2,0x22,0x26,0x00}},
	{0x540F, {0x10,0xFE,0x10,0x7C,0x54,0x54,0x7C,0x50,0x30,0x28,0xC6,0x00}},
	{0x5C65, {0x7E,0x42,0x7E,0x48,0x6E,0x5A,0x6E,0x66,0x6A,0x64,0xAA,0x00}},
	{0x674E, {0x10,0xFE,0x38,0x54,0x92,0x78,0x08,0xFE,0x10,0x10,0x30,0x00}},
	{0x68A8, {0x72,0x2A,0xFA,0x72,0xA6,0x10,0xFE,0x38,0x54,0x92,0x10,0x00}},
	{0x7406, {0xFE,0x6A,0x7E,0x6A,0xEA,0x7E,0x48,0x5C,0xC8,0x08,0x3E,0x00}},
	{0x7483, {0xC8,0x7E,0x54,0x6A,0xF6,0x7E,0x48,0x7E,0xEA,0x3E,0x22,0x00}},
	{0x75E2, {0x08,0x7E,0x40,0xCA,0x76,0x56,0xFE,0x56,0x7A,0x52,0x96,0x00}},
	{0x88CF, {0x10,0xFE,0x54,0x7C,0x54,0x7C,0x10,0xFE,0x6A,0xA4,0x32,0x00}},
	{0x88E1, {0x5E,0x56,0xFE,0x36,0x56,0x5E,0xE4,0x6E,0x44,0x44,0x5E,0x00}},
	{0x91CC, {0x7C,0x54,0x7C,0x54,0x54,0x7C,0x10,0x7C,0x10,0x10,0xFE,0x00}},
	{0x96E2, {0x2A,0xFA,0x5E,0xAC,0xDE,0xFC,0x2C,0xFE,0xAC,0xFC,0x8E,0x00}},
	{0x9678, {0xC8,0xDC,0xC8,0xBE,0xD4,0xE6,0xC8,0xDC,0x88,0x88,0xBE,0x00}},
	{0x5F8B, {0x48,0x5E,0x8A,0x3E,0x4A,0x5E,0xC8,0x5C,0x48,0x7E,0x48,0x00}},
	{0x7387, {0x10,0xFE,0x10,0xA2,0x10,0x64,0xBA,0x10,0xFE,0x10,0x10,0x00}},
	{0x7ACB, {0x10,0x10,0xFE,0x04,0x44,0x44,0x24,0x28,0x28,0x08,0xFE,0x00}},
	{0x844E, {0x28,0xFE,0x28,0x5E,0x8A,0x3E,0x48,0xDC,0x48,0x7E,0x48,0x00}},
	{0x63A0, {0x48,0x7E,0xC0,0x5C,0x54,0x5C,0xC8,0x6A,0x6A,0x48,0xD8,0x00}},
	{0x7565, {0x08,0xEE,0xEA,0xF4,0xE4,0xEA,0xF0,0xEE,0xEA,0xEA,0x0E,0x00}},
	{0x5289, {0x5A,0x9A,0xAA,0xDA,0x22,0x52,0xFA,0x22,0x72,0x3A,0xE6,0x00}},
	{0x6D41, {0x88,0x3E,0x08,0x92,0x3E,0x00,0x2A,0xAA,0xAA,0xAA,0xCA,0x00}},
	{0x6E9C, {0x96,0x26,0x26,0xAA,0x36,0x00,0x3E,0xAA,0xBE,0xAA,0xBE,0x00}},
	{0x7409, {0xC8,0x7E,0x48,0x52,0xFE,0x40,0x6A,0x6A,0xEA,0x2A,0x4A,0x00}},
	{0x7559, {0x3E,0xCA,0x8A,0xAA,0xD6,0x00,0x7C,0x54,0x7C,0x54,0x7C,0x00}},
	{0x786B, {0x08,0xFE,0x48,0x52,0x5E,0x80,0x6A,0x6A,0x6A,0x2A,0x4A,0x00}},
	{0x7C92, {0x48,0xC8,0xFE,0x44,0xD4,0x54,0xD4,0xD4,0xC8,0x48,0x7E,0x00}},
	{0x9686, {0xE8,0xAC,0xB4,0xC8,0xB6,0xA8,0xBC,0xA8,0xDC,0x88,0xBE,0x00}},
	{0x7ADC, {0x10,0x7C,0x28,0x28,0xFE,0x54,0x7C,0x54,0x7C,0x12,0x1E,0x00}},
	{0x9F8D, {0x24,0xF6,0x54,0x56,0xF2,0x56,0x74,0x56,0x74,0x54,0x56,0x00}},
	{0x4FB6, {0x3E,0x32,0x52,0x5E,0xC8,0x48,0x5E,0x52,0x52,0x52,0x5E,0x00}},
	{0x616E, {0x08,0x0E,0x08,0x7E,0x48,0x7E,0x6A,0x7E,0x54,0x72,0xAE,0x00}},
	{0x65C5, {0x48,0x4E,0xF4,0x48,0x5A,0x6A,0xAC,0xAC,0xAC,0x2A,0x6A,0x00}},
	{0x865C, {0x08,0x0E,0x08,0x7E,0x48,0x7E,0x6A,0x7E,0x7E,0x52,0xA6,0x00}},
	{0x4E86, {0xFE,0x04,0x08,0x10,0x10,0x10,0x10,0x10,0x10,0x10,0x30,0x00}},
	{0x4EAE, {0x10,0xFE,0x44,0x7C,0x00,0xFE,0x82,0x28,0x28,0x4A,0x8E,0x00}},
	{0x50DA, {0x28,0x3E,0x48,0x6A,0xD4,0x7E,0x54,0x5C,0x48,0x6A,0x58,0x00}},
	{0x4E21, {0xFE,0x10,0x10,0xFE,0x92,0x92,0xD6,0xD6,0xFE,0x82,0x86,0x00}},
	{0x51CC, {0x08,0x9C,0x48,0x3E,0x14,0x26,0x50,0x5C,0xB4,0x88,0x36,0x00}},
	{0x5BEE, {0x10,0xFE,0x92,0x7C,0xAA,0x44,0xBA,0x28,0x54,0x92,0x30,0x00}},
	{0x6599, {0x44,0xD4,0xCC,0x44,0xE4,0x54,0xC4,0xC6,0xFC,0x44,0x44,0x00}},
	{0x6881, {0xBC,0x14,0xB6,0x14,0xAC,0x10,0xFE,0x38,0x54,0x92,0x10,0x00}},
	{0x6DBC, {0x88,0x3E,0x00,0x9C,0x14,0x1C,0x08,0xAA,0xAA,0x88,0x98,0x00}},
	{0x731F, {0xAA,0xAA,0x44,0x7E,0xAA,0x3E,0x6A,0xBE,0x2A,0x2A,0xCA,0x00}},
	{0x7642, {0x08,0x7E,0x48,0xFE,0x54,0x62,0xDC,0x54,0x48,0x6A,0x98,0x00}},
	{0x77AD, {0x08,0xFE,0xA8,0xEA,0xB4,0xFE,0xB4,0xBC,0xC8,0x2A,0x18,0x00}},
	{0x7A1C, {0x28,0xDC,0x48,0x7E,0xD4,0x66,0x50,0xDC,0xF4,0x48,0x76,0x00}},
	{0x7CE7, {0x5C,0xD4,0xDC,0x54,0xFE,0x6A,0xFE,0xEA,0xFE,0x48,0x7E,0x00}},
	{0x826F, {0x10,0x7C,0x44,0x7C,0x44,0x7C,0x48,0x4A,0x44,0x64,0xC2,0x00}},
	{0x8AD2, {0xC8,0x3E,0xC0,0x1C,0xD4,0x1C,0xC8,0x2A,0xEA,0xC8,0xD8,0x00}},
	{0x907C, {0x88,0x3E,0x2A,0x14,0x3E,0xD4,0x5C,0x6A,0x58,0x40,0xBE,0x00}},
	{0x91CF, {0x7C,0x44,0x7C,0x44,0xFE,0x54,0x7C,0x54,0x7C,0x10,0xFE,0x00}},
	{0x9675, {0xC8,0xDC,0xC8,0xBE,0xD4,0xE6,0xD0,0xDC,0xB4,0x88,0xB6,0x00}},
	{0x9818, {0x5E,0xA8,0x1E,0xD2,0x1E,0xF2,0x5E,0x52,0x5E,0x40,0x52,0x00}},
	{0x529B, {0x20,0x20,0xFE,0x22,0x22,0x22,0x22,0x42,0x42,0x42,0x8C,0x00}},
	{0x7DD1, {0x5C,0x44,0x9C,0xC4,0x7E,0x88,0xEA,0x5C,0xEA,0x48,0x58,0x00}},
	{0x502B, {0x28,0x34,0x62,0x5C,0xC0,0x7E,0x6A,0x7E,0x6A,0x6A,0x6A,0x00}},
	{0x5398, {0x7E,0x40,0x7E,0x6A,0x7E,0x6A,0x7E,0x48,0x5C,0x48,0xBE,0x00}},
	{0x6797, {0x24,0x24,0xFE,0x24,0x24,0x6C,0x6C,0xB6,0x24,0x24,0x24,0x00}},
	{0x6DCB, {0x94,0x14,0x7E,0x94,0x14,0x3C,0x3C,0xDE,0x94,0x94,0x94,0x00}},
	{0x71D0, {0x6A,0x48,0x7E,0xDC,0xEA,0xC0,0x54,0x5E,0x6C,0x96,0xA4,0x00}},
	{0x7433, {0xD4,0x54,0x7E,0x54,0xD4,0x7C,0x7C,0x7E,0xD4,0x14,0x14,0x00}},
	{0x81E8, {0xF4,0xA6,0xA8,0xF6,0x96,0x90,0xFE,0xAA,0xAA,0xFA,0x0E,0x00}},
	{0x8F2A, {0x48,0xD4,0x62,0xDC,0xC0,0xFE,0xEA,0xFE,0x6A,0xEA,0x6A,0x00}},
	{0x96A3, {0xEA,0xA8,0xBE,0xDC,0xAA,0xA0,0xB4,0xBE,0xEC,0x9E,0xA4,0x00}},
	{0x9C57, {0x6A,0xA8,0x3E,0xFC,0xAA,0xE0,0xB4,0xFE,0x2C,0x96,0xA4,0x00}},
	{0x9E9F, {0x4A,0xE8,0xDE,0xFC,0xAA,0xE0,0xD4,0xDE,0xEC,0xD6,0xA4,0x00}},
	{0x7460, {0xD6,0x66,0x66,0x6A,0xF6,0x40,0x7E,0x6A,0xFE,0x2A,0x3E,0x00}},
	{0x5841, {0x7C,0x54,0x7C,0x54,0x7C,0x82,0x44,0x92,0x7C,0x10,0xFE,0x00}},
	{0x6D99, {0x9E,0x40,0x1E,0x92,0x5E,0x14,0x1E,0x54,0x64,0x8A,0x92,0x00}},
	{0x7D2F, {0x7C,0x54,0x7C,0x54,0x7C,0x50,0x24,0xFE,0x54,0x92,0x10,0x00}},
	{0x985E, {0xAE,0x24,0xFE,0x2A,0x7E,0xAA,0x2E,0xFA,0x2E,0x50,0x8A,0x00}},
	{0x4EE4, {0x10,0x28,0x44,0xBA,0x00,0xFE,0x12,0x12,0x16,0x10,0x10,0x00}},
	{0x4F36, {0x28,0x34,0x62,0x5C,0xC0,0x7E,0x4A,0x4A,0x4A,0x48,0x48,0x00}},
	{0x4F8B, {0x22,0x3A,0x52,0x5A,0xEA,0x6A,0x5A,0x4A,0x52,0x62,0x46,0x00}},
	{0x51B7, {0x08,0x94,0x62,0x1C,0x00,0x3E,0x4A,0x4A,0x8A,0x88,0x08,0x00}},
	{0x52B1, {0xE8,0x88,0x8E,0xFA,0xAA,0xAA,0xBA,0xDA,0x5A,0x52,0xB6,0x00}},
	{0x5DBA, {0x92,0xFE,0x4E,0xA4,0x0E,0xEA,0x0E,0xEA,0x6E,0x40,0x4A,0x00}},
	{0x601C, {0x48,0x54,0xE2,0xDC,0xC0,0x7E,0x4A,0x4A,0x4A,0x48,0x48,0x00}},
	{0x73B2, {0xC8,0x54,0x62,0x5C,0xC0,0x7E,0x4A,0x4A,0xCA,0x08,0x08,0x00}},
	{0x793C, {0x48,0x48,0xE8,0x28,0x48,0x48,0xE8,0x48,0x4A,0x4A,0x4E,0x00}},
	{0x82D3, {0x28,0xFE,0x10,0x28,0x44,0xBA,0x00,0xFE,0x12,0x16,0x10,0x00}},
	{0x9234, {0x48,0xB4,0x02,0xEC,0x40,0xFE,0x4A,0xEA,0xCA,0x68,0xC8,0x00}},
	{0x96B7, {0x48,0xFE,0x4A,0xFE,0x0A,0xDE,0x08,0xEA,0x5C,0xEA,0x58,0x00}},
	{0x96F6, {0x7C,0x10,0xFE,0x92,0xB6,0x28,0x7C,0x82,0x7C,0x14,0x10,0x00}},
	{0x970A, {0x7C,0x10,0xFE,0x92,0xB6,0x00,0xFE,0x28,0xAA,0x28,0xFE,0x00}},
	{0x9E97, {0xEE,0xAA,0xAA,0x10,0x7E,0x54,0x7E,0x64,0x76,0x64,0xB6,0x00}},
	{0x9F62, {0x24,0xBA,0xA0,0xF6,0x00,0xBE,0xD6,0xB6,0xF4,0xB4,0xF4,0x00}},
	{0x66A6, {0x7E,0x54,0x7E,0x54,0x7E,0x54,0x7E,0x62,0x7E,0x62,0xBE,0x00}},
	{0x6B74, {0x7E,0x54,0x7E,0x54,0x7E,0x54,0x44,0x56,0x54,0x54,0xBE,0x00}},
	{0x5217, {0xF2,0x42,0x4A,0x7A,0x5A,0x9A,0x52,0x22,0x22,0x42,0x86,0x00}},
	{0x52A3, {0x10,0x54,0x52,0xB4,0x08,0x30,0xD0,0x7E,0x12,0x22,0xCC,0x00}},
	{0x70C8, {0xF2,0x4A,0x6A,0xAA,0x6A,0x2A,0x42,0x86,0x00,0x54,0xAA,0x00}},
	{0x88C2, {0xF2,0x4A,0x6A,0xAA,0x42,0x86,0x10,0xFE,0x6A,0xA4,0x32,0x00}},
	{0x5EC9, {0x08,0x7E,0x54,0x7E,0x56,0x7E,0x56,0x7E,0x54,0x76,0x94,0x00}},
	{0x604B, {0x10,0xFE,0x28,0xAA,0xAA,0x58,0x00,0x54,0x42,0xCA,0xBA,0x00}},
	{0x6190, {0x6A,0x48,0xFE,0xDC,0xEA,0x40,0x54,0x5E,0x6C,0x56,0x64,0x00}},
	{0x6F23, {0xA4,0x1E,0x04,0x9E,0x16,0x7E,0x24,0xBE,0xA4,0xA0,0xDE,0x00}},
	{0x7149, {0x48,0x7E,0x48,0xFE,0xEA,0xFE,0x6A,0x7E,0x48,0x9C,0xAA,0x00}},
	{0x7C3E, {0x48,0x6E,0xB4,0x7E,0x54,0x7E,0x56,0x7E,0x54,0x76,0x94,0x00}},
	{0x7DF4, {0x48,0x7E,0x88,0xFE,0x6A,0xBE,0xEA,0x7E,0xC8,0x5C,0x6A,0x00}},
	{0x806F, {0xEA,0x74,0x6A,0x74,0x7E,0x74,0x74,0x76,0xF6,0x34,0x24,0x00}},
	{0x84EE, {0x28,0xFE,0x28,0x88,0x3E,0x1C,0xDC,0x5C,0x7E,0x48,0xBE,0x00}},
	{0x9023, {0x88,0x3E,0x08,0x3E,0x2A,0xFE,0x48,0x7E,0x48,0x40,0xBE,0x00}},
	{0x932C, {0x48,0xBE,0x08,0xFE,0x6A,0xFE,0x6A,0xFE,0xC8,0x5C,0xEA,0x00}},
	{0x5442, {0x7C,0x44,0x44,0x7C,0x10,0x20,0xFE,0x82,0x82,0x82,0xFE,0x00}},
	{0x9B6F, {0x38,0x48,0xFC,0x54,0x7C,0xAA,0x7C,0x44,0x7C,0x44,0x7C,0x00}},
	{0x6AD3, {0x4C,0x74,0xDC,0x5C,0x5C,0xEA,0xDC,0xD4,0x5C,0x54,0x5C,0x00}},
	{0x7089, {0x5E,0x40,0x5E,0xF2,0xD2,0xD2,0x5E,0x50,0x50,0xA0,0xA0,0x00}},
	{0x8CC2, {0xE8,0xAE,0xEA,0xB4,0xE4,0xAA,0xB0,0xEE,0x0A,0xAA,0xAE,0x00}},
	{0x8DEF, {0xE8,0xAE,0xAA,0xF4,0x44,0x4A,0xF0,0xCE,0xCA,0xEA,0xCE,0x00}},
	{0x9732, {0x7C,0x10,0xFE,0x92,0x34,0xE6,0xAA,0xC4,0x6E,0xCA,0xEE,0x00}},
	{0x52B4, {0x54,0x08,0xFE,0x92,0x10,0x7C,0x14,0x24,0x24,0x44,0x8C,0x00}},
	{0x5A41, {0x10,0x7C,0x54,0xFE,0x54,0x7C,0x54,0xFE,0x24,0x38,0xC6,0x00}},
	{0x5ECA, {0x08,0x7E,0x40,0x56,0x76,0x74,0x76,0x76,0x66,0x6C,0xB4,0x00}},
	{0x5F04, {0x7C,0x10,0x7C,0x10,0xFE,0x44,0x44,0xFE,0x44,0x44,0x84,0x00}},
	{0x6717, {0x4E,0xEA,0xAA,0xEE,0xAA,0xAA,0xEE,0x8A,0xAA,0xAA,0xD6,0x00}},
	{0x697C, {0x6A,0x48,0xFE,0x5C,0x6A,0xC8,0xFE,0xD4,0x58,0x4C,0x72,0x00}},
	{0x6994, {0x56,0x7E,0xEE,0x7C,0x6E,0xFE,0xE6,0xE6,0x6C,0x74,0x44,0x00}},
	{0x6D6A, {0x88,0x3C,0x24,0xBC,0x24,0x3C,0x28,0xAA,0xA4,0xB4,0xE2,0x00}},
	{0x6F0F, {0xBE,0x22,0x3E,0xA0,0x3E,0x28,0x3E,0xAA,0xBE,0xEA,0xAA,0x00}},
	{0x7262, {0x10,0xFE,0x82,0x50,0x7C,0x90,0x10,0xFE,0x10,0x10,0x10,0x00}},
	{0x72FC, {0xA4,0xBE,0x52,0x5E,0xD2,0x5E,0x54,0xD6,0x54,0x52,0x9A,0x00}},
	{0x7BED, {0x48,0x6E,0xB4,0x10,0x7C,0x28,0xFE,0x54,0x7C,0x12,0x1E,0x00}},
	{0x8001, {0x10,0x10,0x7A,0x14,0xFE,0x10,0x24,0x78,0xA0,0x22,0x3E,0x00}},
	{0x807E, {0x26,0xF4,0x56,0xF2,0x54,0xFE,0x44,0x7C,0x44,0xFE,0x04,0x00}},
	{0x874B, {0x6A,0x6A,0xC4,0xBE,0xAA,0xBE,0xEA,0x7E,0x6A,0x6A,0xCA,0x00}},
	{0x90CE, {0x4E,0xEA,0xAA,0xEC,0xAA,0xAA,0xEA,0x8A,0xAC,0xA8,0xE8,0x00}},
	{0x516D, {0x10,0x10,0xFE,0x00,0x28,0x28,0x24,0x44,0x44,0x42,0x82,0x00}},
	{0x9E93, {0x44,0xEE,0x44,0xEE,0x7E,0x54,0x7E,0x64,0x76,0x64,0xB6,0x00}},
	{0x7984, {0x5C,0x44,0xEC,0x24,0x7E,0x48,0xEA,0x5C,0x6A,0x48,0x58,0x00}},
	{0x808B, {0xE8,0xA8,0xBE,0xEA,0xAA,0xAA,0xEA,0xAA,0xAA,0xB2,0xA6,0x00}},
	{0x9332, {0x5C,0xA4,0x1C,0xC4,0x7E,0xC8,0x6A,0xDC,0xEA,0x48,0xD8,0x00}},
	{0x8AD6, {0xC8,0x14,0xE2,0x1C,0xC0,0x3E,0xEA,0x3E,0xEA,0xAA,0xEA,0x00}},
	{0x502D, {0x3C,0x28,0x7E,0x5C,0xEA,0x48,0x7E,0x54,0x58,0x4C,0x72,0x00}},
	{0x548C, {0x10,0x6E,0x2A,0x2A,0xFA,0x2A,0x2A,0x7A,0xAA,0x2E,0x20,0x00}},
	{0x8A71, {0xC2,0x1C,0xC4,0x04,0xFE,0x04,0xC4,0x1E,0xD2,0xD2,0xDE,0x00}},
	{0x6B6A, {0xFE,0x10,0x30,0x54,0x92,0x7C,0x10,0x5C,0x50,0x50,0xFE,0x00}},
	{0x8CC4, {0xE4,0xA4,0xFE,0xA8,0xEE,0xBA,0xAE,0xEA,0x0E,0xAA,0xAA,0x00}},
	{0x8107, {0xE8,0xBE,0xAA,0xEA,0xB6,0xA0,0xF4,0xBE,0xAA,0xAA,0xB6,0x00}},
	{0x60D1, {0x0A,0xFE,0x08,0xEA,0xA4,0x74,0xCA,0x00,0x54,0xCA,0xBA,0x00}},
	{0x67A0, {0x48,0x7C,0xD4,0x54,0x66,0xC8,0xC8,0xFE,0x48,0x48,0x48,0x00}},
	{0x9DF2, {0x24,0xFE,0x54,0x74,0xAA,0x7C,0x44,0x7E,0x02,0xAA,0x86,0x00}},
	{0x4E99, {0xFE,0x20,0x20,0x3C,0x24,0x54,0x44,0x54,0x08,0x08,0xFE,0x00}},
	{0x4E98, {0xFE,0x00,0x7C,0x44,0x44,0x7C,0x44,0x44,0x7C,0x00,0xFE,0x00}},
	{0x9C10, {0x76,0xB6,0x36,0xE0,0xAC,0xE0,0xBE,0xE8,0x0E,0xA2,0xA6,0x00}},
	{0x8A6B, {0xC8,0x3E,0xE2,0x04,0xD8,0x08,0xCE,0x38,0xC8,0xCA,0xCE,0x00}},
	{0x85C1, {0x28,0xFE,0x10,0xFE,0x28,0xFE,0xAA,0x38,0xFE,0x38,0xD6,0x00}},
	{0x8568, {0x28,0xFE,0x28,0x7E,0x44,0x6E,0x7A,0x7C,0x54,0x64,0x8A,0x00}},
	{0x6900, {0x48,0x7E,0xE2,0x50,0x5E,0xEA,0xEA,0xD8,0x48,0x5A,0x6E,0x00}},
	{0x6E7E, {0x88,0x3E,0x14,0xB6,0x1C,0x04,0x1C,0x50,0x5E,0x82,0x86,0x00}},
	{0x7897, {0x04,0xFE,0x52,0x48,0x4E,0x96,0x76,0x6E,0x64,0x6C,0x16,0x00}},
	{0x8155, {0xE4,0xBE,0xB2,0xE8,0xAE,0xB6,0xF6,0xAE,0xA4,0xAC,0xB6,0x00}},
	{0x5F0C, {0x0A,0x08,0xFE,0x08,0x08,0x08,0xE8,0x04,0x04,0x04,0x02,0x00}},
	{0x4E10, {0xFE,0x10,0x10,0x5C,0x50,0x50,0x7E,0x02,0x02,0x02,0x0C,0x00}},
	{0x4E15, {0xFE,0x10,0x10,0x30,0x34,0x52,0x92,0x10,0x10,0x10,0xFE,0x00}},
	{0x4E2A, {0x10,0x28,0x28,0x54,0x92,0x10,0x10,0x10,0x10,0x10,0x10,0x00}},
	{0x4E31, {0x28,0x28,0xAA,0xAA,0xAA,0xAA,0xAA,0xEE,0x28,0x28,0x48,0x00}},
	{0x4E36, {0x00,0x00,0x00,0x20,0x10,0x08,0x08,0x08,0x00,0x00,0x00,0x00}},
	{0x4E3C, {0x44,0x44,0xFE,0x44,0x54,0x44,0xFE,0x44,0x44,0x44,0x84,0x00}},
	{0x4E3F, {0x08,0x08,0x08,0x08,0x08,0x08,0x10,0x10,0x10,0x20,0x40,0x00}},
	{0x4E42, {0x44,0x44,0x44,0x44,0x28,0x28,0x10,0x28,0x28,0x44,0x82,0x00}},
	{0x4E56, {0x0C,0x70,0x10,0xFE,0x54,0xD6,0x54,0xD4,0x56,0x10,0x10,0x00}},
	{0x4E58, {0x0C,0x70,0x10,0xFE,0x54,0xD6,0x54,0xD6,0x38,0x54,0x92,0x00}},
	{0x4E82, {0x74,0xAC,0x04,0x74,0x14,0xFC,0xAC,0xFC,0xDC,0xAC,0xDE,0x00}},
	{0x4E85, {0x10,0x10,0x10,0x10,0x10,0x10,0x10,0x10,0x10,0x10,0x30,0x00}},
	{0x8C6B, {0xEC,0x34,0x3E,0x6A,0x7E,0xE8,0x56,0x6C,0x54,0x66,0xD8,0x00}},
	{0x4E8A, {0x10,0xFE,0x54,0x10,0x7C,0x14,0xFE,0x14,0x7C,0x10,0x30,0x00}},
	{0x8212, {0x4E,0xA2,0x0A,0xE4,0x5E,0xE6,0x44,0xE4,0xA4,0xA4,0xEC,0x00}},
	{0x5F0D, {0x0A,0x08,0xFE,0x08,0x08,0xE8,0x08,0x04,0x04,0xF4,0x02,0x00}},
	{0x4E8E, {0x7C,0x10,0x10,0x10,0xFE,0x10,0x10,0x10,0x10,0x10,0x30,0x00}},
	{0x4E9E, {0xFE,0x28,0x28,0xEE,0x82,0x82,0xEE,0x28,0x28,0x28,0xFE,0x00}},
	{0x4E9F, {0xFE,0x20,0x30,0x1E,0xF2,0xBA,0xB4,0xF4,0x1A,0x30,0xFE,0x00}},
	{0x4EA0, {0x00,0x00,0x10,0x10,0x10,0xFE,0x00,0x00,0x00,0x00,0x00,0x00}},
	{0x4EA2, {0x10,0x10,0xFE,0x00,0x38,0x28,0x28,0x28,0x2A,0x4A,0x8E,0x00}},
	{0x4EB0, {0x10,0xFE,0x44,0x7C,0x44,0x7C,0x10,0x54,0x52,0x92,0x30,0x00}},
	{0x4EB3, {0x10,0xFE,0x44,0x7C,0x00,0xFE,0x8A,0x70,0x1E,0xF0,0x1E,0x00}},
	{0x4EB6, {0x10,0xFE,0x00,0xFE,0xAA,0xBA,0xFE,0x44,0x7C,0x00,0xFE,0x00}},
	{0x4ECE, {0x24,0x24,0x24,0x24,0x24,0x24,0x54,0x5A,0x4A,0x4A,0x92,0x00}},
	{0x4ECD, {0x3C,0x34,0x54,0x54,0xD6,0x52,0x52,0x52,0x52,0x52,0x66,0x00}},
	{0x4EC4, {0x7E,0x40,0x48,0x48,0x48,0x48,0x48,0x54,0x54,0x54,0xA2,0x00}},
	{0x4EC6, {0x28,0x28,0x48,0x48,0xCC,0x4A,0x4A,0x48,0x48,0x48,0x48,0x00}},
	{0x4EC2, {0x28,0x28,0x5E,0x4A,0xCA,0x4A,0x4A,0x4A,0x4A,0x52,0x56,0x00}},
	{0x4ED7, {0x24,0x24,0x5E,0x44,0xD4,0x54,0x54,0x48,0x48,0x54,0x62,0x00}},
	{0x4EDE, {0x3E,0x2A,0x4A,0x4A,0xDA,0x5A,0x6A,0x4A,0x4A,0x52,0x56,0x00}},
	{0x4EED, {0x3E,0x2A,0x4A,0x5A,0xCA,0x4A,0x4A,0x4E,0x4A,0x52,0x56,0x00}},
	{0x4EDF, {0x22,0x2C,0x44,0x44,0xDE,0x44,0x44,0x44,0x44,0x44,0x44,0x00}},
	{0x4EF7, {0x48,0x54,0x54,0x62,0xD4,0x54,0x54,0x54,0x54,0x54,0x64,0x00}},
	{0x4F09, {0x28,0x28,0x7E,0x40,0xDC,0x54,0x54,0x54,0x54,0x54,0x66,0x00}},
	{0x4F5A, {0x24,0x34,0x5E,0x54,0xC4,0x5E,0x44,0x44,0x44,0x4A,0x52,0x00}},
	{0x4F30, {0x24,0x24,0x44,0x5E,0xC4,0x44,0x5E,0x52,0x52,0x52,0x5E,0x00}},
	{0x4F5B, {0x54,0x7E,0x56,0x7E,0xF4,0x74,0x7E,0x56,0x56,0x54,0x64,0x00}},
	{0x4F5D, {0x28,0x2E,0x52,0x5E,0xD6,0x56,0x56,0x5E,0x42,0x42,0x4C,0x00}},
	{0x4F57, {0x28,0x3E,0x62,0x50,0xD2,0x54,0x58,0x50,0x52,0x52,0x5E,0x00}},
	{0x4F47, {0x24,0x3E,0x52,0x40,0xDE,0x44,0x44,0x44,0x44,0x44,0x4C,0x00}},
	{0x4F76, {0x24,0x24,0x7E,0x44,0xC4,0x5E,0x40,0x5E,0x52,0x52,0x5E,0x00}},
	{0x4F88, {0x28,0x2E,0x52,0x4A,0xC4,0x4E,0x52,0x6A,0x44,0x48,0x70,0x00}},
	{0x4F8F, {0x28,0x28,0x7C,0x68,0xC8,0x7E,0x48,0x48,0x5C,0x6A,0x48,0x00}},
	{0x4F98, {0x28,0x3E,0x62,0x44,0xD8,0x48,0x4E,0x78,0x48,0x4A,0x4E,0x00}},
	{0x4F7B, {0x54,0x54,0x76,0x54,0xD4,0x54,0x76,0x54,0x54,0x54,0x66,0x00}},
	{0x4F69, {0x3E,0x22,0x7E,0x6A,0xEA,0x7E,0x7E,0x7E,0x6A,0x6A,0x42,0x00}},
	{0x4F70, {0x3E,0x28,0x48,0x5E,0xD2,0x52,0x5E,0x52,0x52,0x52,0x5E,0x00}},
	{0x4F91, {0x28,0x28,0x5E,0x48,0xDE,0x72,0x5E,0x52,0x5E,0x52,0x56,0x00}},
	{0x4F6F, {0x2A,0x24,0x5E,0x44,0xC4,0x4E,0x44,0x44,0x5E,0x44,0x44,0x00}},
	{0x4F86, {0x10,0xFE,0x10,0x54,0x54,0xBA,0x10,0x38,0x54,0x92,0x10,0x00}},
	{0x4F96, {0x10,0x28,0x44,0xBA,0x00,0xFE,0xAA,0xFE,0xAA,0xAA,0xAA,0x00}},
	{0x5118, {0x28,0x3E,0x4A,0x7E,0xC8,0x7E,0x40,0x6A,0x40,0x5C,0x7E,0x00}},
	{0x4FD4, {0x3E,0x32,0x5E,0x52,0xDE,0x52,0x5E,0x4C,0x4C,0x4C,0x56,0x00}},
	{0x4FDF, {0x28,0x32,0x5E,0x50,0xDC,0x68,0x48,0x7E,0x48,0x54,0x62,0x00}},
	{0x4FCE, {0x5C,0x54,0x54,0xBC,0x14,0x54,0x5C,0x54,0xB4,0x94,0x3E,0x00}},
	{0x4FD8, {0x3C,0x20,0x54,0x6A,0xC0,0x5C,0x44,0x7E,0x48,0x48,0x58,0x00}},
	{0x4FDB, {0x2C,0x34,0x44,0x7E,0xEA,0x6A,0x7E,0x54,0x54,0x54,0x66,0x00}},
	{0x4FD1, {0x3E,0x24,0x48,0x7E,0xEA,0x7E,0x6A,0x7E,0x6A,0x6A,0x6A,0x00}},
	{0x4FDA, {0x3E,0x2A,0x7E,0x6A,0xEA,0x7E,0x48,0x5C,0x48,0x48,0x7E,0x00}},
	{0x4FD0, {0x2A,0x32,0x56,0x56,0xFE,0x56,0x52,0x7A,0x72,0x52,0x56,0x00}},
	{0x4FE4, {0x34,0x28,0x7E,0x4A,0xFE,0x68,0x7E,0x4A,0x5A,0x6E,0x48,0x00}},
	{0x4FE5, {0x28,0x3E,0x48,0x7E,0xEA,0x7E,0x6A,0x7E,0x48,0x7E,0x48,0x00}},
	{0x501A, {0x28,0x3E,0x48,0x54,0xE2,0x7E,0x42,0x7A,0x6A,0x7A,0x46,0x00}},
	{0x5028, {0x3E,0x32,0x5E,0x54,0xDE,0x54,0x54,0x5E,0x6A,0x4A,0x4E,0x00}},
	{0x5014, {0x3E,0x22,0x7E,0x64,0xF6,0x76,0x7E,0x64,0x56,0x56,0x5E,0x00}},
	{0x502A, {0x30,0x26,0x62,0x76,0xE2,0x62,0x7E,0x54,0x54,0x54,0x66,0x00}},
	{0x5025, {0x28,0x3E,0x62,0x54,0xE6,0x40,0x5C,0x48,0x48,0x48,0x7E,0x00}},
	{0x5005, {0x28,0x3E,0x54,0x54,0xEA,0x48,0x48,0x7E,0x48,0x48,0x48,0x00}},
	{0x4F1C, {0x28,0x3C,0x54,0x54,0xE6,0x48,0x48,0x7E,0x48,0x48,0x48,0x00}},
	{0x4FF6, {0x36,0x32,0x5A,0x52,0xFA,0x54,0x54,0x74,0x5A,0x5A,0x72,0x00}},
	{0x5021, {0x3E,0x32,0x5E,0x52,0xDE,0x40,0x5E,0x52,0x5E,0x52,0x5E,0x00}},
	{0x5029, {0x24,0x3E,0x44,0x5E,0xC4,0x7E,0x56,0x56,0x5E,0x52,0x56,0x00}},
	{0x502C, {0x28,0x2E,0x48,0x5C,0xD4,0x5C,0x54,0x5C,0x48,0x7E,0x48,0x00}},
	{0x4FFE, {0x28,0x3E,0x6A,0x7E,0xEA,0x7E,0x54,0x64,0x7E,0x44,0x44,0x00}},
	{0x4FEF, {0x24,0x3E,0x60,0x6A,0xEE,0x72,0x52,0x5A,0x52,0x52,0x56,0x00}},
	{0x5011, {0x36,0x36,0x76,0x76,0xF6,0x62,0x62,0x62,0x62,0x62,0x66,0x00}},
	{0x5006, {0x3E,0x28,0x48,0x7E,0xEA,0x6A,0x7E,0x7E,0x7E,0x6A,0x6A,0x00}},
	{0x5043, {0x3E,0x30,0x5E,0x5E,0xD4,0x5E,0x5A,0x54,0x5A,0x50,0x5E,0x00}},
	{0x5047, {0x36,0x32,0x72,0x76,0xE0,0x76,0x62,0x6A,0x74,0x64,0x6A,0x00}},
	{0x6703, {0x10,0x28,0xFE,0x00,0xFE,0x92,0xFE,0x44,0x7C,0x44,0x7C,0x00}},
	{0x5055, {0x24,0x36,0x64,0x64,0xF6,0x48,0x5E,0x52,0x5E,0x52,0x5E,0x00}},
	{0x5050, {0x24,0x3E,0x4A,0x44,0xDA,0x54,0x5A,0x54,0x6A,0x44,0x58,0x00}},
	{0x5048, {0x3E,0x32,0x5E,0x52,0xDE,0x48,0x5E,0x7A,0x56,0x5A,0x46,0x00}},
	{0x505A, {0x54,0x54,0x7E,0x56,0xD6,0x7E,0x6E,0x6C,0x6C,0x7A,0x4A,0x00}},
	{0x5056, {0x28,0x2A,0x5C,0x48,0xFE,0x58,0x7E,0x52,0x5E,0x52,0x5E,0x00}},
	{0x506C, {0x50,0x5E,0x6A,0x5A,0xEE,0x4A,0x56,0x40,0x54,0x72,0x6E,0x00}},
	{0x5078, {0x3C,0x2A,0x50,0x4E,0xC0,0x5A,0x5A,0x5C,0x5C,0x5A,0x5A,0x00}},
	{0x5080, {0x28,0x3E,0x6A,0x7E,0xEA,0x7E,0x58,0x5C,0x5E,0x68,0x4E,0x00}},
	{0x509A, {0x54,0x7C,0x6E,0x6E,0xC6,0x6E,0x6E,0x54,0x54,0x6A,0x4A,0x00}},
	{0x5085, {0x2A,0x3E,0x48,0x7E,0xEA,0x7E,0x6A,0x44,0x7E,0x54,0x4C,0x00}},
	{0x50B4, {0x3E,0x20,0x6E,0x6A,0xEE,0x60,0x76,0x76,0x76,0x60,0x7E,0x00}},
	{0x50B2, {0x54,0x7C,0x56,0x7E,0xD6,0x7E,0x56,0x5C,0x6C,0x4A,0x5A,0x00}},
	{0x50C9, {0x10,0x28,0x44,0xBA,0x00,0xEE,0xAA,0xEE,0x44,0x44,0xAA,0x00}},
	{0x50CA, {0x3E,0x3C,0x5C,0x5C,0xFE,0x54,0x62,0x58,0x58,0x52,0x5E,0x00}},
	{0x50B3, {0x28,0x3E,0x5C,0x5C,0xDC,0x7A,0x44,0x7E,0x44,0x54,0x4C,0x00}},
	{0x50C2, {0x28,0x3C,0x7E,0x48,0xDC,0x5C,0x48,0x7E,0x54,0x4C,0x72,0x00}},
	{0x50D6, {0x28,0x3E,0x48,0x5E,0xD2,0x5E,0x54,0x7E,0x5E,0x52,0x5E,0x00}},
	{0x50DE, {0x3C,0x2A,0x40,0x7C,0xD4,0x5E,0x62,0x7E,0x42,0x6A,0x46,0x00}},
	{0x50E5, {0x28,0x3C,0x48,0x7E,0xD4,0x7E,0x40,0x7E,0x54,0x54,0x66,0x00}},
	{0x50ED, {0x54,0x7E,0x6C,0x7E,0xD4,0x6A,0x5C,0x54,0x5C,0x54,0x5C,0x00}},
	{0x50E3, {0x54,0x7E,0x54,0x7E,0xD4,0x6A,0x5C,0x54,0x5C,0x54,0x5C,0x00}},
	{0x50EE, {0x28,0x3E,0x54,0x54,0xFE,0x5C,0x5C,0x48,0x5C,0x48,0x7E,0x00}},
	{0x50F9, {0x3E,0x54,0x7E,0x7E,0xC0,0x5C,0x54,0x5C,0x54,0x5C,0x62,0x00}},
	{0x50F5, {0x3E,0x3C,0x5C,0x5C,0xC0,0x7E,0x5C,0x5C,0x5C,0x40,0x7E,0x00}},
	{0x5109, {0x28,0x34,0x62,0x5C,0xC0,0x7E,0x6A,0x7E,0x54,0x54,0x6A,0x00}},
	{0x5101, {0x54,0x5E,0x74,0x5E,0xD4,0x5E,0x40,0x76,0x6A,0x62,0x66,0x00}},
	{0x5102, {0x2A,0x3E,0x5A,0x5E,0xC0,0x5E,0x50,0x5E,0x74,0x54,0x5A,0x00}},
	{0x5116, {0x34,0x26,0x70,0x70,0xE6,0x70,0x40,0x5C,0x5C,0x5C,0x7E,0x00}},
	{0x5115, {0x28,0x3E,0x48,0x76,0xD4,0x6A,0x5C,0x54,0x5C,0x54,0x64,0x00}},
	{0x5114, {0x28,0x3E,0x48,0x7E,0xC2,0x5C,0x48,0x7E,0x74,0x74,0x4C,0x00}},
	{0x511A, {0x54,0x7E,0x54,0x7E,0xEA,0x7E,0x62,0x4C,0x54,0x48,0x70,0x00}},
	{0x5121, {0x3C,0x3C,0x5C,0x5C,0xDC,0x40,0x76,0x76,0x76,0x76,0x76,0x00}},
	{0x513A, {0x2A,0x3A,0x6E,0x54,0xFE,0x7C,0x54,0x7E,0x54,0x6C,0x46,0x00}},
	{0x5137, {0x36,0x36,0x6A,0x48,0xFE,0x6C,0x7E,0x64,0x76,0x64,0x76,0x00}},
	{0x513C, {0x36,0x36,0x40,0x7E,0xC0,0x76,0x5A,0x7A,0x74,0x74,0x5A,0x00}},
	{0x513B, {0x2A,0x3E,0x62,0x5C,0xD4,0x7E,0x7E,0x48,0x7E,0x40,0x6A,0x00}},
	{0x513F, {0x28,0x28,0x28,0x28,0x28,0x28,0x28,0x28,0x4A,0x4A,0x8E,0x00}},
	{0x5140, {0x00,0xFE,0x28,0x28,0x28,0x28,0x28,0x28,0x4A,0x4A,0x8E,0x00}},
	{0x5152, {0x20,0x4C,0x44,0x6C,0x44,0x44,0x7C,0x28,0x2A,0x4A,0x8E,0x00}},
	{0x514C, {0x28,0x44,0x82,0x7C,0x44,0x44,0x7C,0x28,0x2A,0x4A,0x8E,0x00}},
	{0x5154, {0x38,0x28,0x48,0xFC,0x54,0x54,0x7C,0x2A,0x28,0x4A,0x8E,0x00}},
	{0x5162, {0x24,0xFE,0x24,0x7E,0x5A,0x5A,0x7E,0x24,0x24,0x6C,0xB6,0x00}},
	{0x7AF8, {0x24,0xFE,0x5A,0xFE,0x5A,0x7E,0x5A,0x7E,0x24,0x6C,0xB6,0x00}},
	{0x5169, {0xFE,0x10,0x10,0xFE,0x92,0xDA,0xDA,0xDA,0xB6,0x92,0x96,0x00}},
	{0x516A, {0x70,0x28,0x44,0xBA,0x00,0xEA,0xAA,0xF4,0xB4,0xEA,0xAA,0x00}},
	{0x516E, {0x28,0x28,0x44,0x82,0x7C,0x20,0x3C,0x44,0x04,0x04,0x18,0x00}},
	{0x5180, {0x28,0xEE,0x28,0xEE,0x7C,0x54,0x7C,0x28,0xFE,0x44,0x82,0x00}},
	{0x5182, {0xFE,0x82,0x82,0x82,0x82,0x82,0x82,0x82,0x82,0x82,0x86,0x00}},
	{0x56D8, {0xFE,0x82,0xBA,0xAA,0xAA,0xBA,0xA2,0xAA,0xBA,0x82,0x86,0x00}},
	{0x518C, {0x7E,0x5A,0x5A,0x5A,0x5A,0xFE,0x5A,0x5A,0x5A,0x5A,0xB6,0x00}},
	{0x5189, {0x10,0x7C,0x54,0x54,0x7C,0x54,0x54,0xFE,0x44,0x44,0x4C,0x00}},
	{0x518F, {0xFE,0xAA,0xAA,0xAA,0xAE,0xC2,0xBA,0xAA,0xAA,0xBA,0x86,0x00}},
	{0x5191, {0x10,0xFE,0x92,0xFE,0x92,0xFE,0x44,0x74,0x44,0x74,0x44,0x00}},
	{0x5193, {0x28,0xFE,0x28,0x7C,0x28,0xFE,0x7C,0x54,0xFE,0x44,0x4C,0x00}},
	{0x5195, {0x7C,0x44,0x74,0x44,0x38,0x48,0xFC,0x54,0x7C,0x2A,0xCE,0x00}},
	{0x5196, {0x00,0x00,0x00,0x00,0xFE,0x82,0x82,0x00,0x00,0x00,0x00,0x00}},
	{0x51A4, {0xFE,0xA2,0x38,0x48,0xFC,0x54,0x7C,0x2A,0x28,0x4A,0x8E,0x00}},
	{0x51A6, {0xFE,0x82,0x74,0x06,0x04,0xFE,0x5A,0x54,0x5A,0x50,0x9E,0x00}},
	{0x51A2, {0xFE,0x82,0x7C,0x20,0x32,0xDC,0x28,0xD8,0x2C,0xCA,0x30,0x00}},
	{0x51A9, {0xFE,0xA2,0x6C,0x44,0x7C,0x20,0x7E,0x82,0x2A,0xAA,0x86,0x00}},
	{0x51AA, {0xFE,0x82,0x28,0xFE,0x44,0xFE,0x54,0x92,0x7C,0x54,0x10,0x00}},
	{0x51AB, {0x00,0x20,0x10,0x00,0x00,0x04,0x08,0x08,0x10,0x20,0x00,0x00}},
	{0x51B3, {0x08,0x9E,0x4A,0x0A,0x0A,0x3E,0x48,0x48,0x94,0x94,0x22,0x00}},
	{0x51B1, {0x3E,0x88,0x48,0x0E,0x0A,0x12,0x54,0x5C,0x84,0x84,0x3E,0x00}},
	{0x51B2, {0x08,0x88,0x7E,0x2A,0x2A,0x2A,0x7E,0x48,0x88,0x88,0x08,0x00}},
	{0x51B0, {0x08,0x88,0x0A,0x3C,0x18,0x18,0x58,0x5C,0xAA,0x88,0x18,0x00}},
	{0x51B5, {0x3E,0xA2,0x62,0x22,0x3E,0x14,0x54,0x54,0x94,0x94,0x26,0x00}},
	{0x51BD, {0x3A,0x92,0x52,0x1A,0x2A,0x2A,0x5A,0x4A,0x8A,0x92,0x26,0x00}},
	{0x51C5, {0x3E,0xA2,0x6A,0x3E,0x2A,0x3E,0x76,0x76,0xBE,0xA2,0x3E,0x00}},
	{0x51C9, {0x08,0xBE,0x40,0x1C,0x14,0x1C,0x48,0x6A,0xAA,0x88,0x18,0x00}},
	{0x51DB, {0x08,0xBE,0x40,0x3E,0x36,0x3E,0x40,0x7E,0x88,0xAA,0x18,0x00}},
	{0x51E0, {0x7C,0x44,0x44,0x44,0x44,0x44,0x44,0x44,0x44,0x44,0x86,0x00}},
	{0x8655, {0x08,0x0E,0x08,0x7E,0x52,0x5C,0x50,0x5E,0x6A,0x50,0xAE,0x00}},
	{0x51E9, {0x7C,0x44,0x54,0x7C,0x54,0x54,0x7C,0x7C,0x54,0x54,0x96,0x00}},
	{0x51ED, {0x24,0x58,0xC8,0x7E,0x48,0x5C,0x00,0x38,0x28,0x4A,0x8E,0x00}},
	{0x51F0, {0x7C,0x44,0x54,0x7C,0x6C,0x7C,0x54,0x7C,0x54,0x7C,0x86,0x00}},
	{0x51F5, {0x82,0x82,0x82,0x82,0x82,0x82,0x82,0x82,0x82,0x82,0xFE,0x00}},
	{0x51FE, {0x7C,0x08,0x92,0xFE,0xD6,0xDA,0xFA,0x96,0xB2,0x82,0xFE,0x00}},
	{0x5204, {0xFE,0x12,0x52,0x52,0x32,0x12,0x12,0x2A,0x26,0x42,0x8C,0x00}},
	{0x520B, {0x12,0x6A,0x2A,0x2A,0xFA,0x2A,0x2A,0x22,0x22,0x42,0x86,0x00}},
	{0x5214, {0x22,0x7A,0x2A,0x2A,0x2A,0xFA,0x22,0x22,0x22,0x52,0x86,0x00}},
	{0x520E, {0x42,0x7A,0x6A,0xAA,0x5A,0x5A,0xAA,0x2A,0x4A,0x8A,0x36,0x00}},
	{0x5227, {0x5E,0x4A,0xEA,0x4A,0x4A,0xEA,0x4A,0x4A,0x92,0xF2,0x16,0x00}},
	{0x522A, {0x7A,0x6A,0x6E,0x6E,0x6E,0xFE,0x6A,0x6A,0x6A,0x4A,0x5A,0x00}},
	{0x522E, {0x12,0x6A,0x2A,0x2A,0xFA,0x2A,0x2A,0x72,0x52,0x52,0x76,0x00}},
	{0x5233, {0x22,0xFA,0x52,0x8A,0x72,0x02,0xFA,0x42,0x72,0x12,0x36,0x00}},
	{0x5239, {0x12,0xD2,0x2A,0x5A,0x8A,0x2A,0xFA,0x22,0x72,0xA2,0x26,0x00}},
	{0x524F, {0x9E,0x2A,0xFA,0x6A,0x6A,0xFA,0x6A,0x6E,0x6A,0xB2,0xB6,0x00}},
	{0x5244, {0xFA,0x52,0x56,0xA6,0x56,0x56,0xFA,0x22,0x22,0x3A,0xE6,0x00}},
	{0x524B, {0x42,0xEA,0x4A,0xEA,0xAA,0xAA,0xE2,0x42,0x46,0x40,0xBE,0x00}},
	{0x524C, {0x22,0xFA,0x22,0xFA,0xAA,0xAA,0xFA,0x22,0x72,0xA2,0x26,0x00}},
	{0x525E, {0x22,0xFA,0x22,0x52,0x8A,0xFA,0x0A,0xEA,0xAA,0xEA,0x1A,0x00}},
	{0x5254, {0xF2,0x92,0xFA,0x9A,0xFA,0x4A,0x72,0x52,0xB2,0x52,0xB6,0x00}},
	{0x526A, {0x44,0xFE,0x00,0xEA,0xAA,0xE2,0xA6,0x00,0xFE,0x22,0xCE,0x00}},
	{0x5274, {0xAA,0xFA,0x02,0xFA,0x02,0xFA,0x8A,0xFA,0x52,0x5A,0xE6,0x00}},
	{0x5269, {0x12,0x62,0x22,0xFA,0x52,0xDA,0x52,0xDA,0x22,0x72,0xAA,0x00}},
	{0x5273, {0x52,0xFA,0x5A,0x2A,0x5A,0x8A,0x72,0x02,0x72,0x52,0x76,0x00}},
	{0x527F, {0x52,0xA2,0x52,0xFA,0xAA,0xFA,0x22,0xFA,0x72,0xAA,0x26,0x00}},
	{0x527D, {0xFA,0x52,0xFA,0xFA,0x02,0x72,0x02,0xFA,0x22,0xAA,0x66,0x00}},
	{0x528D, {0x22,0x52,0x8A,0x72,0x02,0xFA,0xAA,0xFA,0x52,0x52,0xAA,0x00}},
	{0x5294, {0x2E,0x56,0x86,0x76,0x0E,0xF6,0xB6,0xF6,0x56,0x5A,0xAA,0x00}},
	{0x5292, {0x2E,0x56,0x86,0x76,0x0E,0xFE,0xB6,0xF6,0x56,0x5A,0xAA,0x00}},
	{0x5271, {0x2E,0x56,0xF6,0x2E,0xFE,0xB6,0xB6,0xF6,0x2A,0x52,0x86,0x00}},
	{0x5288, {0x64,0x6E,0x4A,0xE4,0x6E,0x64,0x00,0xFE,0x22,0x42,0x8C,0x00}},
	{0x5291, {0x22,0xFA,0x2A,0xDA,0x5A,0xAA,0x7A,0x52,0x72,0x52,0x96,0x00}},
	{0x8FA8, {0x44,0xEE,0xAA,0xAA,0xEE,0x6C,0x6C,0xCE,0x4C,0x54,0x84,0x00}},
	{0x8FA7, {0x44,0xFE,0xBA,0xBA,0xDE,0x5C,0x6C,0xEE,0x4C,0x5C,0x84,0x00}},
	{0x52AC, {0x44,0x74,0x9E,0x76,0x56,0x56,0x56,0x7A,0x1A,0x12,0x36,0x00}},
	{0x52AD, {0xE8,0x68,0x7E,0x6A,0xAA,0x0A,0xEA,0xAA,0xAA,0xB2,0xE6,0x00}},
	{0x52BC, {0x48,0x48,0xFE,0x4A,0x4A,0xEA,0x0A,0xEA,0xAA,0xB2,0xE6,0x00}},
	{0x52B5, {0x54,0x92,0x7C,0x28,0xFE,0x44,0x92,0x7C,0x14,0x24,0xCC,0x00}},
	{0x52C1, {0xF4,0x54,0x5E,0xA6,0x56,0x56,0xF6,0x26,0x2A,0x3A,0xE6,0x00}},
	{0x52CD, {0x28,0xF8,0x0E,0x7A,0x5A,0x7A,0x2A,0xAA,0xAA,0x32,0x66,0x00}},
	{0x52D7, {0x7C,0x44,0x7C,0x44,0x7C,0x04,0x7E,0x56,0x76,0x5A,0xF6,0x00}},
	{0x52DE, {0x44,0xEE,0x44,0xAA,0xFE,0x92,0x7C,0x24,0x24,0x44,0x8C,0x00}},
	{0x52E3, {0x24,0x74,0x2E,0x76,0x26,0xF6,0x56,0x76,0x56,0x7A,0x8A,0x00}},
	{0x52E6, {0x54,0xA4,0x56,0xFE,0xAE,0xFE,0x26,0xFE,0x76,0xAA,0x22,0x00}},
	{0x98ED, {0x48,0xAE,0x10,0xE8,0xA8,0xFE,0x8A,0xEA,0x8A,0xEA,0x96,0x00}},
	{0x52E0, {0xF4,0x54,0xFE,0x56,0x26,0x56,0xA6,0x5A,0x2A,0x12,0x66,0x00}},
	{0x52F3, {0x74,0x24,0xFE,0x76,0x76,0x76,0x26,0xFE,0x06,0x56,0xAA,0x00}},
	{0x52F5, {0xF4,0x84,0xD6,0xFE,0xD6,0xF6,0xF6,0xA6,0xFA,0xF2,0x56,0x00}},
	{0x52F8, {0x54,0xFC,0x54,0xDE,0xDE,0x56,0x7E,0xD6,0x7E,0x56,0x7A,0x00}},
	{0x52F9, {0x40,0x7E,0x42,0x82,0x02,0x02,0x02,0x02,0x02,0x02,0x0C,0x00}},
	{0x5306, {0x40,0x7E,0x6A,0xAA,0x6A,0x3A,0x4A,0x96,0x12,0x22,0x4C,0x00}},
	{0x5308, {0x40,0x7E,0x42,0xAA,0x12,0x56,0x6E,0x46,0x7E,0x02,0x0C,0x00}},
	{0x7538, {0x40,0x7E,0x82,0x7E,0x56,0x7E,0x56,0x56,0x7E,0x02,0x0C,0x00}},
	{0x530D, {0x40,0x7E,0xA2,0xFA,0x22,0xFA,0xAA,0xFA,0xAA,0xFA,0xAA,0x00}},
	{0x5310, {0x40,0x7E,0x82,0xFA,0x52,0xFA,0xAA,0xFA,0xAA,0xFA,0x06,0x00}},
	{0x530F, {0x24,0xF6,0x5A,0x92,0x6E,0x0A,0xEE,0x4A,0x68,0x2A,0x6E,0x00}},
	{0x5315, {0x40,0x40,0x40,0x44,0x58,0x60,0x40,0x40,0x42,0x42,0x3E,0x00}},
	{0x531A, {0xFE,0x80,0x80,0x80,0x80,0x80,0x80,0x80,0x80,0x80,0xFE,0x00}},
	{0x5323, {0xFE,0x80,0xBE,0xAA,0xBE,0xAA,0xBE,0x88,0x88,0x80,0xFE,0x00}},
	{0x532F, {0xFE,0x80,0xD4,0x9E,0xB4,0xDE,0x94,0x94,0xDE,0x80,0xFE,0x00}},
	{0x5331, {0xFE,0x88,0xBE,0xAA,0xFE,0x94,0x9C,0x94,0x9C,0xA2,0xFE,0x00}},
	{0x5333, {0xFE,0x88,0x94,0xBE,0x80,0xBE,0xAA,0xBE,0x94,0xAA,0xFE,0x00}},
	{0x5338, {0xFE,0x40,0x40,0x40,0x40,0x40,0x40,0x40,0x40,0x40,0x3E,0x00}},
	{0x5340, {0xFE,0x80,0x9C,0x94,0x9C,0x80,0xB6,0xB6,0xB6,0x80,0xFE,0x00}},
	{0x5346, {0x20,0x78,0x28,0x2A,0x4E,0x90,0x10,0xFE,0x10,0x10,0x10,0x00}},
	{0x5345, {0x54,0x54,0x54,0x54,0xFE,0x54,0x54,0x54,0x54,0x54,0x94,0x00}},
	{0x4E17, {0x54,0x54,0x54,0xFE,0x54,0x54,0x54,0x54,0x54,0x54,0x7C,0x00}},
	{0x5349, {0x10,0x10,0xFE,0x10,0x54,0x44,0xFE,0x44,0x44,0x44,0x84,0x00}},
	{0x534D, {0xF2,0x12,0x12,0x12,0x12,0xFE,0x90,0x90,0x90,0x90,0x9E,0x00}},
	{0x51D6, {0x94,0x1E,0x34,0x1E,0x54,0x9E,0x10,0xFE,0x10,0x10,0x10,0x00}},
	{0x535E, {0x10,0x10,0xFE,0x10,0x10,0x18,0x14,0x10,0x10,0x10,0x10,0x00}},
	{0x5369, {0x3C,0x24,0x24,0x24,0x24,0x24,0x24,0x2C,0x20,0x20,0x20,0x00}},
	{0x536E, {0x0C,0x70,0x40,0x7E,0x40,0x5C,0x54,0x54,0x50,0x52,0x9E,0x00}},
	{0x5918, {0x4E,0x4A,0x7A,0x5A,0x5A,0xBA,0x1A,0x2A,0x28,0x48,0x88,0x00}},
	{0x537B, {0x2E,0x5A,0x8A,0x2A,0x5A,0x5A,0x8A,0x7A,0x58,0x78,0x08,0x00}},
	{0x5377, {0x54,0x92,0x7C,0x28,0xFE,0x44,0x7C,0xAA,0x28,0x24,0x3C,0x00}},
	{0x5382, {0x7E,0x40,0x40,0x40,0x40,0x40,0x40,0x40,0x40,0x40,0x80,0x00}},
	{0x5396, {0x7E,0x40,0x50,0x7A,0x54,0x52,0x54,0x52,0x54,0x50,0xAE,0x00}},
	{0x53A0, {0x7E,0x40,0x7A,0x6E,0x7E,0x6E,0x7E,0x6A,0x7A,0x42,0xAA,0x00}},
	{0x53A6, {0x7E,0x40,0x7E,0x54,0x5C,0x54,0x5C,0x4C,0x54,0x48,0xB6,0x00}},
	{0x53A5, {0x7E,0x40,0x68,0x7E,0x5A,0x6C,0x7C,0x54,0x54,0x64,0x8A,0x00}},
	{0x53AE, {0x7E,0x40,0x6A,0x7C,0x6C,0x7E,0x6A,0x7A,0x42,0x6A,0xAA,0x00}},
	{0x53B0, {0x7E,0x40,0x54,0x6C,0x56,0x7A,0x7A,0x6C,0x7C,0x6A,0xAA,0x00}},
	{0x53B6, {0x10,0x10,0x10,0x20,0x20,0x20,0x20,0x48,0x44,0x4C,0xF2,0x00}},
	{0x53C3, {0x10,0x20,0x74,0x88,0xEE,0x10,0x28,0xD6,0x28,0x10,0x60,0x00}},
	{0x7C12, {0x48,0x6E,0xB4,0x7C,0x44,0xFE,0x44,0xAA,0x28,0x52,0xBE,0x00}},
	{0x96D9, {0x54,0x7E,0xEC,0x7E,0x6C,0x7E,0x00,0x7C,0x24,0x18,0xE6,0x00}},
	{0x53DF, {0x56,0x92,0xD6,0x92,0xFE,0x10,0x7C,0x04,0x28,0x10,0xEE,0x00}},
	{0x66FC, {0x7C,0x44,0x7C,0x44,0xFE,0xAA,0xFE,0x44,0x28,0x38,0xC6,0x00}},
	{0x71EE, {0x5C,0xE6,0xDE,0x44,0x5C,0xBA,0x00,0x7C,0x24,0x18,0xE6,0x00}},
	{0x53EE, {0x1E,0xE4,0xA4,0xA4,0xA4,0xA4,0xA4,0xE4,0x04,0x04,0x0C,0x00}},
	{0x53E8, {0x1E,0xEA,0xAA,0xAA,0xAA,0xAA,0xAA,0xEA,0x12,0x12,0x26,0x00}},
	{0x53ED, {0x14,0xD4,0xD4,0xD4,0xD4,0xD4,0xD4,0xD4,0x24,0x22,0x42,0x00}},
	{0x53FA, {0x18,0xE8,0xA8,0xA8,0xA8,0xA8,0xA8,0xF4,0x14,0x14,0x22,0x00}},
	{0x5401, {0x1E,0xE4,0xA4,0xA4,0xBE,0xA4,0xA4,0xE4,0x04,0x04,0x0C,0x00}},
	{0x543D, {0x04,0xF4,0xBE,0xB4,0xA4,0xA4,0xBE,0xE4,0x04,0x04,0x04,0x00}},
	{0x5440, {0x1E,0xC4,0xD4,0xD4,0xE4,0xFE,0xC4,0xCC,0x14,0x64,0x0C,0x00}},
	{0x542C, {0x04,0xD8,0xD0,0xD0,0xDE,0xD4,0xD4,0xD4,0x14,0x24,0x44,0x00}},
	{0x542D, {0x08,0xC8,0xFE,0xC0,0xDC,0xD4,0xD4,0xD4,0x14,0x24,0x46,0x00}},
	{0x543C, {0x3C,0xCC,0xCC,0xD4,0xD4,0xDC,0xF4,0xD4,0x14,0x14,0x36,0x00}},
	{0x542E, {0x08,0xC8,0xD0,0xE2,0xFE,0xD4,0xD4,0xD4,0x14,0x24,0x46,0x00}},
	{0x5436, {0x18,0xE8,0xBE,0xAA,0xAA,0xAA,0xB6,0xE2,0x22,0x22,0x26,0x00}},
	{0x5429, {0x14,0xD4,0xD4,0xE2,0xC0,0xDE,0xCA,0xCA,0x12,0x12,0x26,0x00}},
	{0x541D, {0x10,0xFE,0x44,0x28,0x38,0xC6,0x00,0x7C,0x44,0x44,0x7C,0x00}},
	{0x544E, {0x1E,0xD2,0xD2,0xDE,0xD4,0xD4,0xD4,0xD4,0x14,0x22,0x42,0x00}},
	{0x548F, {0x18,0xC0,0xD8,0xCA,0xFA,0xDC,0xDC,0xDC,0x2A,0x4A,0x18,0x00}},
	{0x5475, {0x3E,0xC2,0xDE,0xD6,0xD6,0xD6,0xD6,0xDE,0x02,0x02,0x06,0x00}},
	{0x548E, {0x44,0x74,0x54,0xDA,0x20,0x5E,0x80,0x7C,0x44,0x44,0x7C,0x00}},
	{0x545F, {0x04,0xE4,0xBE,0xA4,0xA8,0xBA,0xA4,0xE4,0x08,0x12,0x1E,0x00}},
	{0x5471, {0x02,0xDC,0xD4,0xD4,0xD4,0xD4,0xD4,0xD4,0x14,0x1A,0x22,0x00}},
	{0x5477, {0x3E,0xEA,0xAA,0xBE,0xAA,0xAA,0xAA,0xFE,0x08,0x08,0x08,0x00}},
	{0x5470, {0x24,0xB6,0xA4,0xB4,0xC6,0x00,0x7C,0x44,0x44,0x44,0x7C,0x00}},
	{0x5492, {0xEE,0xAA,0xAA,0xEE,0x00,0x38,0x28,0x28,0x2A,0x4A,0x8E,0x00}},
	{0x547B, {0x08,0xE8,0xBE,0xAA,0xAA,0xBE,0xAA,0xEA,0x3E,0x08,0x08,0x00}},
	{0x5480, {0x3C,0xE4,0xA4,0xBC,0xA4,0xA4,0xBC,0xE4,0x24,0x24,0x7E,0x00}},
	{0x5476, {0x16,0xD2,0xB2,0xBA,0xAA,0xAA,0xB4,0xF4,0x14,0x2A,0x2A,0x00}},
	{0x5484, {0x08,0xEA,0xEA,0xEA,0xFE,0xC8,0xC8,0xEA,0x2A,0x2A,0x3E,0x00}},
	{0x5490, {0x0A,0xEA,0xB6,0xB2,0xB2,0xBA,0xB2,0xF2,0x12,0x12,0x16,0x00}},
	{0x5486, {0x08,0xEE,0xB2,0xAE,0xAA,0xAA,0xAE,0xEA,0x08,0x0A,0x0E,0x00}},
	{0x54C7, {0x08,0xDC,0xC8,0xC8,0xFE,0xC8,0xC8,0xDC,0x08,0x08,0x3E,0x00}},
	{0x54A2, {0xEE,0xAA,0xEE,0x00,0x7C,0x00,0xFE,0x20,0x3C,0x04,0x1C,0x00}},
	{0x54B8, {0x0A,0x08,0x7E,0x44,0x74,0x44,0x76,0x54,0x54,0x7A,0x8A,0x00}},
	{0x54A5, {0x3E,0xC8,0xD0,0xD4,0xFA,0xC8,0xC8,0xDC,0x08,0x08,0x3E,0x00}},
	{0x54AC, {0x08,0xFE,0xD4,0xD4,0xE2,0xD4,0xD4,0xC8,0x08,0x14,0x22,0x00}},
	{0x54C4, {0x14,0xD4,0xFE,0xD4,0xD4,0xD4,0xFE,0xC0,0x14,0x14,0x22,0x00}},
	{0x54C8, {0x08,0xF4,0xA2,0xAC,0xA0,0xA0,0xBE,0xF2,0x12,0x12,0x1E,0x00}},
	{0x54A8, {0x10,0xDE,0x2A,0x08,0x54,0xA2,0x00,0x7C,0x44,0x44,0x7C,0x00}},
	{0x54AB, {0x76,0x56,0x56,0x56,0x76,0x60,0x6A,0x6A,0x50,0x48,0x86,0x00}},
	{0x54C2, {0x3E,0xD4,0xB4,0xBE,0xB6,0xB6,0xB6,0xE2,0x22,0x22,0x3E,0x00}},
	{0x54A4, {0x08,0xFE,0xA2,0xA4,0xB8,0xA8,0xAE,0xF8,0x08,0x0A,0x0E,0x00}},
	{0x54BE, {0x08,0xCA,0xDC,0xC8,0xFE,0xD0,0xF4,0xD8,0x10,0x12,0x1E,0x00}},
	{0x54BC, {0x7C,0x44,0x5C,0x54,0x54,0xFE,0x82,0xBA,0xAA,0xBA,0x86,0x00}},
	{0x54D8, {0x16,0xD0,0xE0,0xCE,0xD2,0xD2,0xF2,0xD2,0x12,0x12,0x16,0x00}},
	{0x54E5, {0xFE,0x74,0x54,0x74,0x04,0xFE,0x04,0x74,0x54,0x74,0x0C,0x00}},
	{0x54E6, {0x0C,0xF6,0xD4,0xFE,0xD4,0xD4,0xDC,0xF6,0x14,0x14,0x32,0x00}},
	{0x550F, {0x12,0xCC,0xD2,0xC8,0xFE,0xD0,0xE4,0xDE,0x16,0x16,0x04,0x00}},
	{0x5514, {0x1E,0xE4,0xBE,0xAA,0xAA,0xBE,0xA0,0xFE,0x12,0x12,0x1E,0x00}},
	{0x54FD, {0x3E,0xC8,0xBE,0xAA,0xBE,0xAA,0xBE,0xE8,0x18,0x08,0x36,0x00}},
	{0x54EE, {0x0A,0xDC,0xC8,0xFE,0xD0,0xEC,0xC4,0xFE,0x08,0x08,0x18,0x00}},
	{0x54ED, {0xEE,0xAA,0xAA,0xEE,0x10,0x14,0xFE,0x10,0x28,0x44,0x82,0x00}},
	{0x54FA, {0x0A,0xFE,0xA8,0xBE,0xAA,0xBE,0xAA,0xFE,0x2A,0x2A,0x2A,0x00}},
	{0x54E2, {0x3E,0xC8,0xDC,0xC8,0xFE,0xD4,0xD4,0xFE,0x14,0x14,0x24,0x00}},
	{0x5539, {0x14,0xDA,0xFA,0xD0,0xD4,0xD2,0xDA,0xE8,0x2C,0x0A,0x1A,0x00}},
	{0x5540, {0x3E,0xE4,0xAE,0xA4,0xBE,0xA4,0xA4,0xEE,0x24,0x24,0x5E,0x00}},
	{0x5563, {0x26,0xFE,0xF6,0xD6,0xFE,0xD6,0xDE,0xF4,0x34,0x3C,0x04,0x00}},
	{0x554C, {0x08,0xFE,0xE2,0xD4,0xE6,0xC0,0xDC,0xC8,0x08,0x08,0x3E,0x00}},
	{0x552E, {0x28,0x3E,0x50,0xFC,0x50,0x7E,0x00,0x7C,0x44,0x44,0x7C,0x00}},
	{0x555C, {0x1E,0xEA,0xAA,0xB4,0xAA,0xA0,0xBE,0xEA,0x2A,0x14,0x2A,0x00}},
	{0x5545, {0x08,0xCE,0xC8,0xDC,0xD4,0xDC,0xD4,0xDC,0x08,0x3E,0x08,0x00}},
	{0x5556, {0x08,0xEA,0xEC,0xD4,0xE2,0xC8,0xEA,0xEC,0x08,0x14,0x22,0x00}},
	{0x5557, {0x10,0xDE,0xE2,0xC4,0xD0,0xE6,0xE2,0xF6,0x22,0x22,0x3E,0x00}},
	{0x5538, {0x08,0xD4,0xE2,0xDC,0xC0,0xFE,0xC4,0xC0,0x14,0x32,0x2E,0x00}},
	{0x5533, {0x3E,0xC0,0xDE,0xD2,0xDE,0xD4,0xDE,0xD4,0x24,0x4A,0x12,0x00}},
	{0x555D, {0x08,0x30,0xD6,0xD6,0xFE,0xD6,0xD6,0xD8,0x34,0x52,0x10,0x00}},
	{0x5599, {0x10,0xDC,0xD4,0xD8,0xFE,0xD0,0xDA,0xEC,0x14,0x66,0x18,0x00}},
	{0x5580, {0x08,0xFE,0xE2,0xCC,0xD4,0xC8,0xD4,0xE2,0x1C,0x14,0x1C,0x00}},
	{0x54AF, {0x10,0xDC,0xD4,0xE8,0xC8,0xD4,0xE2,0xDC,0x14,0x14,0x1C,0x00}},
	{0x558A, {0x0A,0xE8,0xBE,0xA4,0xBC,0xA4,0xBE,0xEC,0x2C,0x3C,0x4A,0x00}},
	{0x559F, {0x3E,0xEA,0xBE,0xAA,0xBE,0xB4,0xBC,0xF4,0x1C,0x14,0x14,0x00}},
	{0x557B, {0x10,0xFE,0x28,0xFE,0x92,0x7C,0x54,0x10,0x7C,0x44,0x7C,0x00}},
	{0x557E, {0x14,0xF4,0xD4,0xDE,0xFC,0xD4,0xD4,0xF4,0x34,0x1A,0x1A,0x00}},
	{0x5598, {0x2A,0xEA,0xBE,0xA0,0xBE,0xA8,0xBE,0xEA,0x2A,0x2A,0x2A,0x00}},
	{0x559E, {0x16,0xFE,0xAE,0xBE,0xAE,0xBE,0xA6,0xF6,0x24,0x34,0x24,0x00}},
	{0x55AE, {0xEE,0xAA,0xEE,0x7C,0x54,0x7C,0x54,0x7C,0x10,0xFE,0x10,0x00}},
	{0x557C, {0x08,0xFE,0xD4,0xD4,0xFE,0xEA,0xC8,0xFE,0x2A,0x2A,0x08,0x00}},
	{0x5583, {0x08,0xFE,0xA8,0xBE,0xA2,0xB6,0xAA,0xFE,0x2A,0x3E,0x2A,0x00}},
	{0x55A9, {0x38,0x14,0xE2,0xBC,0xA0,0xBA,0xAA,0xFC,0x2C,0x3A,0x2A,0x00}},
	{0x5587, {0x12,0xFA,0xD2,0xFA,0xDA,0xDA,0xFA,0xD2,0x3A,0x52,0x16,0x00}},
	{0x55A8, {0x08,0xFE,0xD4,0xDC,0xC0,0xFE,0xE2,0xD4,0x14,0x14,0x26,0x00}},
	{0x55DA, {0x04,0xEE,0xAA,0xAE,0xA8,0xAE,0xA8,0xEE,0x02,0x2A,0x26,0x00}},
	{0x55C5, {0x08,0xDC,0xD4,0xDC,0xD4,0xDC,0xC8,0xFE,0x08,0x14,0x22,0x00}},
	{0x55DF, {0x0A,0xFE,0xA4,0xAE,0xA4,0xBE,0xA8,0xEE,0x14,0x24,0x1E,0x00}},
	{0x55C4, {0x3E,0xC8,0xDC,0xD4,0xDC,0xD4,0xDC,0xCC,0x14,0x08,0x36,0x00}},
	{0x55DC, {0x0A,0xDC,0xC8,0xFE,0xD4,0xE8,0xCE,0xD2,0x1E,0x12,0x1E,0x00}},
	{0x55E4, {0x2A,0xFE,0xD0,0xFE,0xC8,0xFE,0xEA,0xFE,0x08,0x0A,0x3E,0x00}},
	{0x55D4, {0x10,0xDE,0xD0,0xDE,0xCA,0xEE,0xEA,0xEE,0x3E,0x00,0x22,0x00}},
	{0x5614, {0x3E,0xE0,0xAE,0xAA,0xAE,0xA0,0xB6,0xF6,0x36,0x20,0x3E,0x00}},
	{0x55F7, {0x14,0xFC,0xD6,0xFE,0xD6,0xFE,0xD6,0xDC,0x2C,0x0A,0x1A,0x00}},
	{0x5616, {0x08,0xDC,0xC8,0xDC,0xC8,0xFE,0xD4,0xDC,0x14,0x1C,0x22,0x00}},
	{0x55FE, {0x14,0xD6,0xF8,0xD4,0xD6,0xDC,0xDE,0xEC,0x2C,0x0A,0x1A,0x00}},
	{0x55FD, {0x14,0xD6,0xBA,0xBE,0xBC,0xBC,0xBC,0xD4,0x34,0x5A,0x12,0x00}},
	{0x561B, {0x08,0x7E,0xC0,0xD4,0xFE,0xD4,0xFE,0xFE,0x7E,0x54,0x94,0x00}},
	{0x55F9, {0x24,0xCE,0xC4,0xEE,0xCE,0xCE,0xF4,0xDE,0x14,0x10,0x2E,0x00}},
	{0x564E, {0x08,0xFE,0xC8,0xFE,0xE2,0xDC,0xC0,0xDC,0x14,0x08,0x3E,0x00}},
	{0x5650, {0xEE,0xAA,0xEE,0x00,0x7C,0x10,0xFE,0x00,0xEE,0xAA,0xEE,0x00}},
	{0x71DF, {0x44,0xEE,0x44,0xAA,0xFE,0xAA,0x38,0x10,0x7C,0x44,0x7C,0x00}},
	{0x5634, {0x24,0xF6,0xE4,0xF6,0xDC,0xE4,0xFE,0xEA,0x3E,0x22,0x46,0x00}},
	{0x5636, {0x2A,0xFC,0xAC,0xBC,0xAE,0xBA,0xAA,0xFA,0x02,0x2A,0x4A,0x00}},
	{0x5632, {0x10,0x3E,0xDA,0xBA,0xAE,0xBA,0xAE,0xFA,0x12,0x3A,0x16,0x00}},
	{0x5638, {0x10,0xDE,0xF4,0xD4,0xFE,0xD4,0xD4,0xFE,0x00,0x14,0x2A,0x00}},
	{0x566B, {0x08,0xFE,0xD4,0xFE,0xD2,0xDE,0xD2,0xDE,0x14,0x32,0x2E,0x00}},
	{0x5664, {0x12,0xF6,0xD2,0xF6,0xD2,0xDC,0xC0,0xFE,0x08,0x2A,0x18,0x00}},
	{0x562F, {0x08,0xDE,0xCA,0xFE,0xCA,0xDC,0xF6,0xF6,0x22,0x36,0x56,0x00}},
	{0x566C, {0x24,0xF6,0xD2,0xC0,0xFE,0xC8,0xDC,0xDC,0x2A,0x08,0x3E,0x00}},
	{0x566A, {0x1C,0xD4,0xBC,0xBE,0xAA,0xBE,0xA8,0xFE,0x1C,0x2A,0x08,0x00}},
	{0x5686, {0x14,0xFE,0xC8,0xFE,0xD4,0xDC,0xC0,0xFE,0x36,0x3E,0x22,0x00}},
	{0x5680, {0x08,0xFE,0xA2,0xB4,0xAE,0xA0,0xBE,0xEA,0x3E,0x08,0x18,0x00}},
	{0x568A, {0x08,0xDC,0xD4,0xDC,0xD4,0xFE,0xEA,0xFE,0x00,0x3E,0x14,0x00}},
	{0x56A0, {0x12,0xE6,0xE6,0xF6,0xCA,0xD6,0xFE,0xCA,0x1E,0x0E,0x3A,0x00}},
	{0x5694, {0x08,0xDC,0xC8,0xFE,0xE2,0xD8,0xDA,0xFE,0x0A,0x28,0x5E,0x00}},
	{0x568F, {0x08,0xDC,0xC8,0xFE,0xE2,0xDC,0xDC,0xFE,0x0A,0x28,0x5E,0x00}},
	{0x56A5, {0x14,0xFE,0xD4,0xDC,0xF6,0xD4,0xFC,0xD6,0x00,0x14,0x2A,0x00}},
	{0x56AE, {0x76,0xB6,0x74,0xA6,0x76,0xA4,0x10,0xFE,0xBA,0xAA,0xBA,0x00}},
	{0x56B6, {0x36,0xF6,0xB6,0xA0,0xAA,0xB0,0xBE,0xD4,0x18,0x0C,0x32,0x00}},
	{0x56B4, {0x76,0x76,0x00,0x7E,0x40,0x76,0x5A,0x7A,0x74,0x74,0x9A,0x00}},
	{0x56C2, {0x6C,0x6C,0xFE,0x7C,0x44,0x7C,0x44,0x7C,0xC6,0x6C,0x6C,0x00}},
	{0x56BC, {0x1C,0xEA,0xC0,0xFE,0xEA,0xFE,0xC0,0xF2,0x36,0x22,0x36,0x00}},
	{0x56C1, {0x1E,0xEC,0xAC,0xAC,0xBE,0xA4,0xBE,0xF6,0x36,0x7E,0x12,0x00}},
	{0x56C3, {0x12,0xFA,0xD6,0xD4,0xEE,0xC4,0xFC,0xD6,0x3C,0x54,0x16,0x00}},
	{0x56C0, {0x14,0x3E,0xD4,0xBE,0xAE,0xBE,0xAE,0xFA,0x12,0x3A,0x16,0x00}},
	{0x56C8, {0x14,0xFE,0xD4,0xFE,0xD6,0xFA,0xDC,0xC0,0x3E,0x14,0x3A,0x00}},
	{0x56CE, {0x74,0xDA,0xF0,0xDE,0xFE,0xD0,0xDE,0xFA,0x0E,0x5A,0x5E,0x00}},
	{0x56D1, {0x3E,0xE2,0xBE,0xA8,0xBE,0xBE,0xB0,0xFE,0x3A,0x5E,0x3A,0x00}},
	{0x56D3, {0x16,0xFE,0xD6,0xFA,0xD6,0xC4,0xD6,0xFC,0x2A,0x36,0x3E,0x00}},
	{0x56D7, {0xFE,0x82,0x82,0x82,0x82,0x82,0x82,0x82,0x82,0x82,0xFE,0x00}},
	{0x56EE, {0xFE,0x82,0x9A,0xAA,0xAE,0xEA,0xAA,0xAA,0xAE,0x82,0xFE,0x00}},
	{0x56F9, {0xFE,0x92,0xAA,0xC6,0xBA,0x82,0xFE,0x96,0x92,0x82,0xFE,0x00}},
	{0x5700, {0xFE,0xAA,0xCE,0x92,0xFA,0xA2,0xBA,0xAA,0xDA,0x82,0xFE,0x00}},
	{0x56FF, {0xFE,0x92,0xFA,0xA2,0xBA,0xEA,0xBA,0xAA,0xAA,0x82,0xFE,0x00}},
	{0x5704, {0xFE,0x82,0xBA,0x92,0xFA,0xAA,0xFE,0xAA,0xBA,0x82,0xFE,0x00}},
	{0x5709, {0xFE,0x92,0xBA,0x92,0xFE,0xAA,0xFE,0x92,0xBA,0x92,0xFE,0x00}},
	{0x5708, {0xFE,0xAA,0xD6,0x92,0xFE,0xAA,0xF6,0xA2,0xBA,0x82,0xFE,0x00}},
	{0x570B, {0xFE,0x8A,0xFE,0x8A,0xEA,0xEE,0x8A,0xEA,0x96,0x82,0xFE,0x00}},
	{0x570D, {0xFE,0x92,0xFA,0xAA,0xFE,0xAA,0xFA,0xD2,0xFE,0x92,0xFE,0x00}},
	{0x5713, {0xFE,0x82,0xBA,0xAA,0xFE,0xC6,0xFE,0x82,0xC6,0x82,0xFE,0x00}},
	{0x5718, {0xFE,0x92,0xFE,0xBA,0xBA,0xF6,0x8A,0xFE,0xAA,0x9A,0xFE,0x00}},
	{0x5716, {0xFE,0x82,0xBA,0xAA,0xFE,0x92,0xBA,0xAA,0xBA,0x82,0xFE,0x00}},
	{0x55C7, {0x10,0xFE,0x54,0x54,0xBA,0xFE,0x00,0x7C,0x6C,0x7C,0x7C,0x00}},
	{0x571C, {0xFE,0xBA,0xBA,0xFE,0xBA,0xAA,0xB6,0xEA,0xB6,0x82,0xFE,0x00}},
	{0x5726, {0x58,0x48,0x48,0xE8,0x48,0x48,0x48,0x74,0xD4,0x14,0x22,0x00}},
	{0x5737, {0x5E,0x48,0x48,0xE8,0x4C,0x4A,0x48,0x68,0xC8,0x08,0x08,0x00}},
	{0x5738, {0x48,0x48,0x48,0xEA,0x6A,0x6A,0x6A,0x6A,0xEA,0x2A,0x3E,0x00}},
	{0x574E, {0x50,0x5E,0x52,0xEA,0x48,0x48,0x48,0x48,0xD4,0x14,0x22,0x00}},
	{0x573B, {0x44,0x58,0x50,0xD0,0x5E,0x54,0x54,0x54,0xD4,0x24,0x44,0x00}},
	{0x5740, {0x44,0x44,0x44,0xD4,0x56,0x54,0x54,0x54,0xD4,0x14,0x3E,0x00}},
	{0x574F, {0x7E,0x48,0x48,0xD8,0x5C,0x6A,0x6A,0x48,0xC8,0x08,0x08,0x00}},
	{0x5769, {0x52,0x52,0x7E,0xD2,0x52,0x5E,0x52,0x52,0xD2,0x12,0x1E,0x00}},
	{0x57C0, {0x0C,0x70,0x10,0xFE,0x54,0xD6,0x54,0xD6,0x7C,0x10,0xFE,0x00}},
	{0x5788, {0x2A,0x48,0xDE,0x44,0x44,0x42,0x10,0x7C,0x10,0x10,0xFE,0x00}},
	{0x5761, {0x44,0x5E,0x56,0xF4,0x5E,0x52,0x5A,0x54,0xE4,0x2A,0x12,0x00}},
	{0x577F, {0x4A,0x4A,0x56,0xD2,0x72,0x5A,0x52,0x52,0xD2,0x12,0x16,0x00}},
	{0x5789, {0x48,0x4E,0x52,0xEE,0x4A,0x4A,0x4E,0x6A,0xC8,0x0A,0x0E,0x00}},
	{0x5793, {0x48,0x7E,0x48,0xF0,0x54,0x48,0x50,0x64,0xC8,0x14,0x22,0x00}},
	{0x57A0, {0x5E,0x52,0x5E,0xF2,0x52,0x5E,0x54,0x76,0xD4,0x12,0x1A,0x00}},
	{0x57B3, {0x56,0x50,0x60,0xCE,0x52,0x52,0x72,0x52,0xD2,0x12,0x16,0x00}},
	{0x57A4, {0x7E,0x48,0x50,0xD4,0x7A,0x48,0x48,0x5C,0xC8,0x08,0x3E,0x00}},
	{0x57AA, {0x54,0x48,0x7E,0xD4,0x54,0x7E,0x54,0x54,0xD4,0x14,0x24,0x00}},
	{0x57B0, {0x48,0x4E,0x48,0xFE,0x40,0x5E,0x48,0x6C,0xCA,0x08,0x08,0x00}},
	{0x57C3, {0x48,0x52,0x7E,0xD0,0x5C,0x68,0x48,0x7E,0xC8,0x14,0x22,0x00}},
	{0x57C6, {0x4C,0x54,0x44,0xFE,0x56,0x5E,0x56,0x7E,0xD2,0x12,0x26,0x00}},
	{0x57D4, {0x4A,0x7E,0x48,0xFE,0x6A,0x7E,0x6A,0x7E,0xEA,0x2A,0x2A,0x00}},
	{0x57D2, {0x5C,0x40,0x54,0xEA,0x44,0x7E,0x44,0x64,0xD4,0x04,0x0C,0x00}},
	{0x57D3, {0x44,0x58,0x6A,0xC4,0x58,0x44,0x7E,0x44,0xD4,0x04,0x0C,0x00}},
	{0x580A, {0xFE,0x28,0x6C,0x44,0x6C,0x28,0xFE,0x10,0x7C,0x10,0xFE,0x00}},
	{0x57D6, {0x54,0x7E,0x54,0xC0,0x54,0x54,0x76,0x54,0xD4,0x14,0x16,0x00}},
	{0x57E3, {0x48,0x7E,0x54,0xD4,0x6A,0x48,0x48,0x7E,0xC8,0x08,0x08,0x00}},
	{0x580B, {0x7E,0x6A,0x6A,0xFE,0x6A,0x6A,0x7E,0x6A,0xEA,0x2A,0x56,0x00}},
	{0x5819, {0x5E,0x4C,0x5E,0xF6,0x56,0x5E,0x44,0x6E,0xC4,0x04,0x1E,0x00}},
	{0x581D, {0x4E,0x4A,0x4E,0xEA,0x4A,0x5E,0x52,0x7E,0xD6,0x1E,0x12,0x00}},
	{0x5872, {0x50,0x5E,0x74,0xDC,0x54,0x7E,0x50,0x5E,0xD6,0x2A,0x16,0x00}},
	{0x5821, {0x3C,0x34,0x5C,0xC8,0x7E,0x5C,0x6A,0x10,0x7C,0x10,0xFE,0x00}},
	{0x5862, {0x48,0x5E,0x52,0xDE,0x50,0x5E,0x50,0x5E,0xC2,0x2A,0x26,0x00}},
	{0x584B, {0x44,0xEE,0x44,0xAA,0xFE,0x82,0x10,0x7C,0x10,0x10,0xFE,0x00}},
	{0x5870, {0x90,0x1E,0xAA,0x1E,0x2A,0xBE,0x84,0x10,0x7C,0x10,0xFE,0x00}},
	{0x6BC0, {0x4E,0xBA,0x9A,0xD0,0x9E,0xFA,0x2A,0x74,0x24,0x3A,0xCA,0x00}},
	{0x5852, {0x48,0x5C,0x68,0xFE,0x64,0x7E,0x64,0x74,0xE4,0x04,0x0C,0x00}},
	{0x583D, {0x7E,0x6A,0x6A,0xFE,0x40,0x7E,0x48,0x6E,0xE8,0x28,0x3E,0x00}},
	{0x5879, {0x22,0xFC,0x68,0x6E,0x6A,0xFA,0x22,0x10,0x7C,0x10,0xFE,0x00}},
	{0x5885, {0xEE,0xE2,0xE4,0x4E,0xE6,0x44,0xEC,0x10,0x7C,0x10,0xFE,0x00}},
	{0x58B9, {0x76,0x76,0x76,0xF6,0x62,0x7E,0x76,0x7E,0xF6,0x3E,0x22,0x00}},
	{0x589F, {0x44,0x46,0x44,0xDE,0x54,0x56,0x50,0x5A,0xDE,0x24,0x1E,0x00}},
	{0x58AB, {0x54,0x62,0x7E,0xD4,0x7E,0x76,0x7E,0x44,0xFE,0x14,0x0C,0x00}},
	{0x58BA, {0x48,0x7E,0x66,0xFA,0x6A,0x7E,0x6A,0x7E,0xC8,0x14,0x22,0x00}},
	{0x58DE, {0x48,0x7E,0x5C,0xDC,0x40,0x76,0x48,0x54,0xF6,0x14,0x1A,0x00}},
	{0x58BB, {0x48,0x7E,0x54,0xD4,0x6A,0x7E,0x40,0x7E,0xF6,0x3E,0x3E,0x00}},
	{0x58B8, {0x54,0x7E,0x54,0xCA,0x5C,0x48,0x7E,0x74,0xDC,0x14,0x1C,0x00}},
	{0x58AE, {0xE4,0xBE,0xC8,0xAE,0xB4,0xCE,0x8A,0x10,0x7C,0x10,0xFE,0x00}},
	{0x58C5, {0x10,0xFE,0x00,0x54,0x9E,0x54,0x9E,0x10,0x7C,0x10,0xFE,0x00}},
	{0x58D3, {0x7E,0x40,0x74,0x7E,0x44,0xF4,0x7A,0x10,0x7C,0x10,0xFE,0x00}},
	{0x58D1, {0x30,0x2E,0xF2,0xAA,0x54,0xE4,0x6A,0x10,0x7C,0x10,0xFE,0x00}},
	{0x58D7, {0x48,0x5E,0x4A,0xFE,0x48,0x7E,0x40,0x6A,0xC0,0x1C,0x3E,0x00}},
	{0x58D9, {0x44,0x7E,0x6C,0xFE,0x6C,0x7E,0x6C,0x6C,0xCC,0x00,0x12,0x00}},
	{0x58D8, {0x7C,0x54,0x7C,0x54,0xFE,0xEE,0xEE,0x10,0x7C,0x10,0xFE,0x00}},
	{0x58E5, {0x5E,0x50,0x5E,0xDE,0x54,0x5E,0x50,0x5A,0xD0,0x24,0x1E,0x00}},
	{0x58DC, {0x5C,0x54,0x5C,0xD4,0x7E,0x6A,0x54,0x40,0xFE,0x14,0x3A,0x00}},
	{0x58E4, {0x48,0x7E,0x76,0xC0,0x54,0x7E,0x54,0x7E,0xDA,0x34,0x1A,0x00}},
	{0x58DF, {0x26,0xF4,0x56,0xF2,0x56,0x74,0x56,0x10,0x7C,0x10,0xFE,0x00}},
	{0x58EF, {0x24,0xA4,0xA4,0xFE,0x24,0xE4,0x64,0x64,0x64,0xA4,0x2E,0x00}},
	{0x58FA, {0x10,0xFE,0x10,0x7C,0xFE,0xAA,0x6C,0x44,0x6C,0x28,0xFE,0x00}},
	{0x58F9, {0x10,0xFE,0x10,0xFE,0xBA,0x00,0x7C,0x44,0x7C,0x28,0xFE,0x00}},
	{0x58FB, {0x5E,0x4A,0x4C,0xF6,0x5E,0x52,0x5E,0x72,0xDE,0x12,0x16,0x00}},
	{0x58FC, {0x10,0xFE,0x10,0x7C,0xFE,0x82,0x7C,0x28,0x44,0x28,0xFE,0x00}},
	{0x58FD, {0x10,0xFE,0x10,0xFE,0x02,0x7C,0x10,0xFE,0x64,0x74,0x6C,0x00}},
	{0x5902, {0x20,0x3C,0x24,0x44,0x48,0xA8,0x10,0x10,0x28,0x44,0x82,0x00}},
	{0x590A, {0x20,0x3C,0xA4,0x44,0x48,0xA8,0x10,0x10,0x28,0x44,0x82,0x00}},
	{0x5910, {0x38,0x48,0xFC,0x54,0x6C,0x7C,0x44,0x7C,0xC4,0x38,0xC6,0x00}},
	{0x591B, {0x7C,0x04,0x7C,0x04,0xFE,0x20,0x3C,0xC4,0x28,0x10,0xE0,0x00}},
	{0x68A6, {0x24,0xFE,0x6C,0xB6,0x24,0x3C,0x44,0xB4,0x08,0x30,0xC0,0x00}},
	{0x5925, {0xF4,0xB6,0xFA,0xB4,0xFC,0x26,0xFA,0x26,0x72,0xA4,0x28,0x00}},
	{0x592C, {0x10,0x7C,0x14,0x14,0x14,0xFE,0x10,0x28,0x28,0x44,0x82,0x00}},
	{0x592D, {0x0C,0x70,0x10,0x10,0xFE,0x10,0x10,0x28,0x28,0x44,0x82,0x00}},
	{0x5932, {0x10,0xFE,0x10,0x28,0x44,0x92,0x10,0xFE,0x10,0x10,0x10,0x00}},
	{0x5938, {0x10,0xFE,0x28,0x44,0xBA,0x00,0xFE,0x20,0x3C,0x04,0x1C,0x00}},
	{0x593E, {0x10,0xFE,0x10,0x54,0x54,0x54,0xBA,0x10,0x10,0x28,0xC6,0x00}},
	{0x7AD2, {0x10,0x7C,0x28,0x28,0xFE,0x04,0x74,0x54,0x74,0x04,0x0C,0x00}},
	{0x5955, {0x10,0xFE,0x28,0xAA,0xAA,0x58,0x10,0xFE,0x10,0x28,0xC6,0x00}},
	{0x5950, {0x38,0x28,0x48,0xFC,0x6C,0x44,0x54,0xFE,0x10,0x28,0xC6,0x00}},
	{0x594E, {0x10,0xFE,0x28,0xD6,0x7C,0x10,0xFE,0x10,0x7C,0x10,0xFE,0x00}},
	{0x595A, {0x0C,0x70,0x54,0xB2,0x28,0x74,0x10,0xFE,0x10,0x28,0xC6,0x00}},
	{0x5958, {0xA4,0xE4,0x3E,0xE4,0x64,0xAE,0x10,0xFE,0x10,0x28,0xC6,0x00}},
	{0x5962, {0x10,0xFE,0x28,0x54,0xBA,0x10,0xFE,0x24,0x7C,0xA4,0x3C,0x00}},
	{0x5960, {0x28,0x44,0xFE,0x28,0x7C,0x6C,0x7C,0xFE,0x10,0x28,0xC6,0x00}},
	{0x5967, {0x10,0x7C,0x4C,0x74,0x54,0x7C,0x54,0xFE,0x10,0x28,0xC6,0x00}},
	{0x596C, {0xA6,0xEA,0x24,0xFE,0x6A,0xA6,0x10,0xFE,0x10,0x28,0xC6,0x00}},
	{0x5969, {0x10,0xFE,0x28,0x44,0xFE,0x54,0x5C,0x40,0x76,0x76,0x7E,0x00}},
	{0x5978, {0x2E,0x24,0x24,0xF4,0x5E,0x54,0x64,0x24,0x24,0x54,0x84,0x00}},
	{0x5981, {0x28,0x2E,0x2A,0xF2,0x52,0x5A,0x6A,0x22,0x22,0x52,0x86,0x00}},
	{0x599D, {0x24,0xA4,0xA4,0xFE,0x2A,0xEA,0x6C,0x64,0x64,0xAA,0x32,0x00}},
	{0x4F5E, {0x3C,0x20,0x40,0x7E,0xC8,0x48,0x7E,0x54,0x58,0x4C,0x72,0x00}},
	{0x4FAB, {0x28,0x3E,0x50,0x50,0xDE,0x48,0x7E,0x54,0x58,0x4C,0x72,0x00}},
	{0x59A3, {0x54,0x54,0x54,0xFE,0xB4,0xB4,0xD4,0x54,0x54,0xBC,0x96,0x00}},
	{0x59B2, {0x5E,0x52,0x52,0xFE,0xB2,0xB2,0xD2,0x5E,0x60,0xA0,0x9E,0x00}},
	{0x59C6, {0x5E,0x52,0x5A,0xF2,0xBE,0xB2,0xDA,0x52,0x7E,0xA2,0x86,0x00}},
	{0x59E8, {0x88,0xBE,0x88,0xDE,0xCA,0xFE,0xE8,0x7E,0x4A,0x94,0xA2,0x00}},
	{0x59DC, {0x44,0xFE,0x7C,0x10,0xFE,0x10,0xFE,0x24,0x68,0x18,0xE6,0x00}},
	{0x598D, {0x5E,0x4A,0x4A,0xEA,0xBE,0xAA,0xCA,0x4A,0x4A,0xAA,0xB2,0x00}},
	{0x59D9, {0x52,0x5C,0x64,0xE4,0xA4,0xAE,0xE4,0x64,0x64,0xA4,0xAE,0x00}},
	{0x59DA, {0x54,0x54,0x56,0xF4,0xB4,0xB4,0xD6,0x54,0x54,0xB4,0xA6,0x00}},
	{0x5A25, {0x8C,0xB6,0x94,0xFE,0xD4,0xD4,0xDC,0x76,0x54,0x94,0xB2,0x00}},
	{0x5A1F, {0x5E,0x52,0x5E,0xE0,0xBE,0xB2,0xDE,0x52,0x5E,0xB2,0x96,0x00}},
	{0x5A11, {0x88,0x2A,0x88,0x1A,0x4C,0xB0,0xFE,0x24,0x68,0x18,0xE6,0x00}},
	{0x5A1C, {0xBE,0x96,0x96,0xFC,0xD6,0xD6,0xFE,0x56,0x54,0x94,0xAC,0x00}},
	{0x5A09, {0x44,0x5E,0x56,0xFE,0xBE,0xA0,0xDE,0x48,0x6E,0xA2,0x86,0x00}},
	{0x5A1A, {0x5E,0x56,0x5E,0xF6,0xBE,0xA8,0xDE,0x4A,0x6A,0xAA,0x96,0x00}},
	{0x5A40, {0xB6,0xB2,0xBE,0xEA,0xBA,0xBA,0xBA,0x6E,0x62,0xA2,0xA6,0x00}},
	{0x5A6C, {0x9C,0x80,0x94,0xEA,0xC0,0xDC,0xC8,0x7E,0x48,0x88,0xBE,0x00}},
	{0x5A49, {0x88,0xBE,0xA2,0xD0,0xDE,0xEA,0xEA,0x58,0x48,0x9A,0xAE,0x00}},
	{0x5A35, {0xB8,0xAE,0xBA,0xEA,0xAA,0xBA,0xEC,0x6C,0x7A,0xAA,0x88,0x00}},
	{0x5A36, {0xFE,0x52,0x7A,0x54,0xFA,0x10,0xFE,0x24,0x68,0x18,0xE6,0x00}},
	{0x5A62, {0x88,0xBE,0xAA,0xFE,0xEA,0xFE,0xD4,0x64,0x7E,0x84,0x84,0x00}},
	{0x5A6A, {0x24,0xFE,0x6C,0xB6,0x24,0x10,0xFE,0x24,0x68,0x18,0xE6,0x00}},
	{0x5A9A, {0x5E,0x56,0x5E,0xF0,0xBE,0xBA,0xDE,0x5A,0x5E,0xAA,0x8E,0x00}},
	{0x5ABC, {0x5E,0x56,0x56,0xFA,0xB2,0xBE,0xC0,0x4C,0x6C,0xAC,0x9E,0x00}},
	{0x5ABE, {0x94,0xBE,0x94,0xFE,0xD4,0xFE,0xDC,0x5C,0x7E,0x94,0x94,0x00}},
	{0x5ACB, {0x5E,0x4A,0x5E,0xF4,0xBE,0xAA,0xDE,0x4A,0x5E,0xAA,0x9E,0x00}},
	{0x5AC2, {0x96,0xAA,0xBE,0xEA,0xFE,0xC8,0xDC,0x44,0x54,0x88,0xB6,0x00}},
	{0x5ABD, {0x5E,0x54,0x5E,0xF4,0xBE,0xB4,0xDE,0x42,0x6A,0xAA,0x86,0x00}},
	{0x5AE3, {0x5E,0x44,0x56,0xF4,0xBE,0xB0,0xDE,0x50,0x5E,0xA2,0x96,0x00}},
	{0x5AD7, {0x5E,0x50,0x56,0xF6,0xB6,0xB0,0xDA,0x5A,0x5A,0xB0,0x9E,0x00}},
	{0x5AE6, {0xAA,0x88,0xBE,0xE2,0xDC,0xD4,0xDC,0x7E,0x6A,0xAA,0x88,0x00}},
	{0x5AE9, {0x94,0xBC,0x96,0xFE,0xD6,0xD6,0xFE,0x54,0x54,0xBA,0x92,0x00}},
	{0x5AD6, {0xBE,0x94,0xBE,0xFE,0xC0,0xDC,0xC0,0x7E,0x48,0xAA,0x98,0x00}},
	{0x5AFA, {0xB6,0xB6,0xB6,0xF6,0xA2,0xAE,0xEE,0x6E,0x6E,0xB6,0xA2,0x00}},
	{0x5AFB, {0xB6,0xB6,0xB6,0xF6,0xAA,0xBE,0xEA,0x7E,0x7E,0xAA,0xA2,0x00}},
	{0x5B0C, {0x9C,0x88,0xBE,0xD4,0xE2,0xDC,0xD4,0x7E,0x76,0xBE,0xA2,0x00}},
	{0x5B0B, {0x76,0x76,0x40,0xFE,0xAA,0xBE,0xEA,0x7E,0x48,0xBE,0x88,0x00}},
	{0x5B16, {0x64,0x6E,0x4A,0xE4,0x6E,0x64,0xFE,0x24,0x68,0x18,0xE6,0x00}},
	{0x5B32, {0xD6,0xD6,0xD6,0xFE,0xEE,0x6C,0xF6,0x56,0x5A,0xAA,0xAA,0x00}},
	{0x5AD0, {0xB4,0xB4,0xB4,0xFE,0xBA,0xBA,0xDC,0x5C,0x5C,0xAA,0xAA,0x00}},
	{0x5B2A, {0x88,0xBE,0xA2,0xDC,0xEA,0xCC,0xF4,0x5C,0x54,0x9C,0xA2,0x00}},
	{0x5B36, {0x48,0x5C,0x54,0xFC,0xB4,0xBE,0xEA,0x7E,0x40,0xBE,0x94,0x00}},
	{0x5B3E, {0x96,0xBA,0x92,0xF8,0xBE,0xBA,0xFE,0x5A,0x5E,0xB0,0x9A,0x00}},
	{0x5B43, {0x88,0xBE,0xB6,0xC0,0xD4,0xFE,0xD4,0x7E,0x5A,0xB4,0x9A,0x00}},
	{0x5B45, {0x94,0x96,0xAC,0xC4,0xFE,0xD4,0xFC,0x56,0x7C,0x94,0xBA,0x00}},
	{0x5B40, {0x9C,0x88,0xBE,0xEA,0xC0,0xD6,0xFE,0x56,0x7E,0xB6,0x96,0x00}},
	{0x5B51, {0x7C,0x04,0x08,0x10,0x10,0x1E,0xF0,0x10,0x10,0x10,0x30,0x00}},
	{0x5B55, {0x78,0x28,0x2E,0x42,0xBA,0x08,0x10,0xFE,0x10,0x10,0x30,0x00}},
	{0x5B5A, {0x0C,0x70,0x54,0x42,0xB8,0x08,0x10,0xFE,0x10,0x10,0x30,0x00}},
	{0x5B5B, {0x10,0x7C,0x10,0xFE,0x82,0x7C,0x08,0xFE,0x10,0x10,0x30,0x00}},
	{0x5B65, {0x2E,0xF2,0x5A,0x24,0xDA,0x00,0x7C,0x08,0xFE,0x10,0x30,0x00}},
	{0x5B69, {0xE4,0x3E,0x24,0x58,0x4A,0x64,0xC8,0x52,0x44,0x4A,0xD2,0x00}},
	{0x5B70, {0x28,0xF8,0x7C,0x54,0x74,0x14,0x7C,0x34,0xF4,0x24,0x66,0x00}},
	{0x5B73, {0x44,0xFE,0x24,0x48,0x24,0x48,0x7C,0x08,0xFE,0x10,0x30,0x00}},
	{0x5B75, {0x4C,0x60,0xB4,0xEA,0xE0,0xEE,0xE2,0xFE,0x64,0x64,0xAC,0x00}},
	{0x5B78, {0x2C,0x54,0x6C,0x54,0xFE,0x82,0x7C,0x08,0xFE,0x10,0x30,0x00}},
	{0x6588, {0x10,0xFE,0x44,0x38,0xC6,0x38,0x08,0xFE,0x10,0x10,0x30,0x00}},
	{0x5B7A, {0xEE,0x24,0x3E,0x56,0x40,0x6E,0xC4,0x5E,0x56,0x56,0xD6,0x00}},
	{0x5B80, {0x00,0x00,0x10,0x10,0xFE,0x82,0x82,0x00,0x00,0x00,0x00,0x00}},
	{0x5B83, {0x10,0xFE,0x82,0x40,0x44,0x58,0x60,0x40,0x42,0x42,0x3E,0x00}},
	{0x5BA6, {0x10,0xFE,0x82,0x7C,0x50,0x7C,0x44,0x7C,0x50,0x50,0x7E,0x00}},
	{0x5BB8, {0x10,0xFE,0x82,0x7C,0x40,0x5C,0x40,0x7C,0x56,0x54,0x9A,0x00}},
	{0x5BC3, {0x10,0xFE,0xA2,0x38,0x48,0xFC,0x54,0x7C,0x2A,0x28,0xCE,0x00}},
	{0x5BC7, {0x10,0xFE,0x82,0x74,0x06,0xFC,0x5A,0x54,0x5A,0x50,0x9E,0x00}},
	{0x5BC9, {0x10,0xFE,0x82,0x28,0x3E,0x50,0xFC,0x50,0x7C,0x50,0x7E,0x00}},
	{0x5BD4, {0x10,0xFE,0x82,0x7C,0x44,0x7C,0xFE,0x10,0x5C,0x50,0xBE,0x00}},
	{0x5BD0, {0x10,0xFE,0x82,0x24,0xAE,0xE4,0x3E,0xE4,0x6C,0xB6,0x24,0x00}},
	{0x5BE4, {0x10,0xFE,0x82,0x2E,0xA4,0xFE,0x2A,0xFE,0x6E,0xAA,0x2E,0x00}},
	{0x5BE6, {0x10,0xFE,0x82,0x7C,0xD6,0x7C,0x44,0x7C,0x44,0x7C,0x82,0x00}},
	{0x5BE2, {0x10,0xFE,0x82,0x2C,0xA4,0xFE,0x32,0xEE,0x6A,0xA4,0x2A,0x00}},
	{0x5BDE, {0x10,0xFE,0xAA,0x7C,0x28,0x7C,0x44,0xFE,0x10,0x28,0xC6,0x00}},
	{0x5BE5, {0x10,0xFE,0x82,0x6C,0x34,0x28,0xD6,0x08,0x34,0x08,0x70,0x00}},
	{0x5BEB, {0x10,0xFE,0xA2,0x6C,0x44,0x7C,0x20,0x7E,0x82,0x2A,0x86,0x00}},
	{0x5BF0, {0x10,0xFE,0x82,0x7C,0x54,0xFE,0x44,0x7C,0x6A,0xA4,0x32,0x00}},
	{0x5BF6, {0x10,0xFE,0x82,0xE8,0x4E,0xE4,0x4E,0xFE,0x44,0x7C,0xC6,0x00}},
	{0x5BF3, {0x10,0xFE,0x82,0xE8,0x4E,0xE4,0x56,0xFC,0x44,0x7C,0xC6,0x00}},
	{0x5C05, {0x44,0xE4,0x5E,0xE4,0xA4,0xAC,0xE4,0x44,0x4C,0x42,0xBE,0x00}},
	{0x5C07, {0x28,0xAE,0xBA,0xE4,0x28,0xFE,0x62,0x72,0x6A,0xA2,0x26,0x00}},
	{0x5C08, {0x10,0xFE,0x54,0x7C,0x54,0xFA,0x08,0xFE,0x08,0x28,0x18,0x00}},
	{0x5C0D, {0xAA,0x22,0xFE,0x52,0x52,0xFA,0x26,0xF2,0x22,0x32,0xC6,0x00}},
	{0x5C13, {0x40,0x7E,0x50,0x90,0x10,0x54,0x52,0x52,0x92,0x10,0x30,0x00}},
	{0x5C20, {0x54,0xF4,0x5E,0x7E,0x5C,0x74,0x54,0xF2,0xD2,0x84,0xF8,0x00}},
	{0x5C22, {0x10,0x10,0xFE,0x10,0x18,0x18,0x18,0x28,0x2A,0x4A,0x8E,0x00}},
	{0x5C28, {0x52,0x42,0xF4,0x42,0x44,0x6A,0x62,0x64,0x68,0xA0,0xBE,0x00}},
	{0x5C38, {0x7E,0x42,0x42,0x7E,0x40,0x40,0x40,0x40,0x40,0x40,0x80,0x00}},
	{0x5C39, {0x7C,0x14,0x14,0xFE,0x14,0x14,0x7C,0x10,0x10,0x20,0x40,0x00}},
	{0x5C41, {0x7E,0x42,0x42,0x7E,0x40,0x64,0x76,0x64,0x64,0x64,0xB6,0x00}},
	{0x5C46, {0x7E,0x42,0x7E,0x48,0x6A,0x7E,0x6A,0x6A,0x7E,0x62,0xBE,0x00}},
	{0x5C4E, {0x7E,0x42,0x7E,0x48,0x6A,0x48,0x7E,0x48,0x5C,0x6A,0x88,0x00}},
	{0x5C53, {0x7E,0x42,0x7E,0x54,0x5C,0x54,0x5C,0x54,0x5C,0x40,0xA2,0x00}},
	{0x5C50, {0x7E,0x42,0x7E,0x54,0x6E,0x44,0x5E,0x72,0x5A,0x54,0x9A,0x00}},
	{0x5C4F, {0x7E,0x42,0x7E,0x54,0x48,0x7E,0x54,0x7E,0x54,0x54,0xA4,0x00}},
	{0x5B71, {0x7E,0x42,0x7E,0x5C,0x44,0x7E,0x48,0x76,0x92,0x7E,0x24,0x00}},
	{0x5C6C, {0x7E,0x42,0x7E,0x48,0x7E,0x7E,0x50,0x5E,0x7A,0x5E,0xBA,0x00}},
	{0x5C6E, {0x10,0x10,0x92,0x92,0x92,0x92,0xFE,0x10,0x10,0x20,0x40,0x00}},
	{0x4E62, {0x20,0x28,0x28,0xA8,0xA8,0xA8,0xA8,0xA8,0xAA,0xFA,0x0E,0x00}},
	{0x5C76, {0x10,0x92,0x92,0xFE,0x00,0xFE,0x22,0x22,0x22,0x42,0x8E,0x00}},
	{0x5C79, {0x48,0x4E,0x50,0x4E,0xE2,0xE4,0xE8,0xE8,0xF2,0x12,0x0E,0x00}},
	{0x5C8C, {0x92,0xFE,0x00,0x78,0x28,0x2E,0x22,0x54,0x48,0x94,0x62,0x00}},
	{0x5C91, {0x92,0xFE,0x10,0x28,0x44,0xBA,0x00,0x7C,0x04,0x08,0x10,0x00}},
	{0x5C94, {0x28,0x28,0x44,0xBE,0x14,0x24,0x4C,0x10,0x92,0x92,0xFE,0x00}},
	{0x599B, {0x10,0x92,0xFE,0x00,0xFE,0x10,0xFE,0x24,0x68,0x18,0xE6,0x00}},
	{0x5CAB, {0x48,0x48,0x7E,0x6A,0xEA,0xFE,0xEA,0xEA,0xEA,0x2A,0x3E,0x00}},
	{0x5CBB, {0x42,0x5C,0x54,0x54,0xDE,0xD4,0xD4,0xD4,0xDA,0x02,0x3A,0x00}},
	{0x5CB6, {0x48,0x48,0x5E,0x52,0xD2,0xDE,0xD2,0xD2,0xD2,0x12,0x1E,0x00}},
	{0x5CBC, {0x7E,0x48,0x5C,0x6A,0xC8,0xC8,0xFE,0xC8,0xC8,0x08,0x08,0x00}},
	{0x5CB7, {0x5E,0x52,0x52,0x5E,0xD4,0xD4,0xDE,0xD4,0xD4,0x12,0x1A,0x00}},
	{0x5CC5, {0x48,0x48,0x52,0x7E,0xD4,0xD4,0xFE,0xD4,0xD4,0x14,0x24,0x00}},
	{0x5CBE, {0x48,0x48,0x48,0x4E,0xC8,0xC8,0xFE,0xE2,0xE2,0x22,0x3E,0x00}},
	{0x5CC7, {0x92,0xFE,0x10,0x28,0x44,0xBA,0x00,0x7C,0x44,0x44,0x7C,0x00}},
	{0x5CD9, {0x48,0x5C,0x48,0x7E,0xC4,0xFE,0xC4,0xE4,0xD4,0x04,0x0C,0x00}},
	{0x5CE9, {0x92,0xFE,0x18,0x6A,0x28,0xFE,0x28,0x3A,0xE4,0x24,0x6A,0x00}},
	{0x5CFD, {0x48,0x7E,0x48,0x5C,0xDC,0xDC,0xEA,0xC8,0xC8,0x14,0x22,0x00}},
	{0x5CFA, {0x7E,0x48,0x7E,0x6A,0xFE,0xEA,0xFE,0xC8,0xD8,0x08,0x36,0x00}},
	{0x5CED, {0x48,0x5C,0x6A,0x48,0xFE,0xE2,0xFE,0xE2,0xFE,0x22,0x26,0x00}},
	{0x5D8C, {0x92,0xFE,0x10,0x7C,0x44,0x7C,0x44,0x7E,0x02,0xAA,0x86,0x00}},
	{0x5CEA, {0x54,0x54,0x62,0x48,0xD4,0xD4,0xE2,0xDC,0xD4,0x14,0x1C,0x00}},
	{0x5D0B, {0x92,0xFE,0x10,0xFE,0x54,0xFE,0x54,0xFE,0x10,0xFE,0x10,0x00}},
	{0x5D15, {0x5E,0x54,0x5E,0x54,0xDE,0xD4,0xD4,0xDE,0xD4,0x24,0x1E,0x00}},
	{0x5D17, {0x92,0xFE,0x00,0xFE,0xAA,0x92,0xFE,0x92,0xD6,0xFE,0x82,0x00}},
	{0x5D5C, {0x92,0xFE,0x10,0x7C,0x28,0xFE,0x04,0x74,0x54,0x74,0x0C,0x00}},
	{0x5D1F, {0x92,0xFE,0x10,0x28,0x44,0xBA,0x10,0x7C,0x10,0x54,0xFE,0x00}},
	{0x5D1B, {0x5E,0x52,0x5E,0x54,0xD6,0xD6,0xDE,0xE4,0xD6,0x16,0x1E,0x00}},
	{0x5D11, {0x92,0xFE,0x7C,0x44,0x7C,0x44,0x7C,0x48,0x6C,0x4A,0xEE,0x00}},
	{0x5D14, {0x92,0xFE,0x28,0x3E,0x50,0xFC,0x50,0x7C,0x50,0x50,0x7E,0x00}},
	{0x5D22, {0x5C,0x54,0x6A,0x40,0xDE,0xCA,0xFE,0xCA,0xDE,0x08,0x18,0x00}},
	{0x5D1A, {0x48,0x5C,0x48,0x7E,0xD4,0xE6,0xD0,0xDC,0xF4,0x08,0x36,0x00}},
	{0x5D19, {0x92,0xFE,0x28,0x44,0xBA,0x00,0xFE,0xAA,0xFE,0xAA,0xAA,0x00}},
	{0x5D18, {0x48,0x54,0x62,0x5C,0xC0,0xFE,0xEA,0xFE,0xEA,0x2A,0x2A,0x00}},
	{0x5D4C, {0x92,0xFE,0x00,0x54,0x56,0xFA,0x56,0x74,0x54,0x54,0x7A,0x00}},
	{0x5D52, {0x7C,0x44,0x7C,0x00,0xEE,0xAA,0xEE,0x10,0x92,0x92,0xFE,0x00}},
	{0x5D4E, {0x7E,0x6A,0x7E,0x6A,0xFE,0xC8,0xFE,0xEA,0xEE,0x3A,0x26,0x00}},
	{0x5D4B, {0x5E,0x56,0x5E,0x50,0xDE,0xDA,0xDE,0xDA,0xDE,0x2A,0x0E,0x00}},
	{0x5D6C, {0x92,0xFE,0x20,0x7C,0x54,0x7C,0x54,0x7C,0x36,0x30,0xDE,0x00}},
	{0x5D73, {0x92,0xFE,0x28,0x7C,0x10,0xFE,0x20,0x3C,0x48,0x88,0x7E,0x00}},
	{0x5D76, {0x5E,0x4A,0x5E,0x54,0xFE,0xEA,0xFE,0xEA,0xFE,0x0A,0x1E,0x00}},
	{0x5D87, {0x7E,0x60,0x6E,0x6A,0xEE,0xE0,0xF6,0xF6,0xF6,0x20,0x3E,0x00}},
	{0x5D84, {0x92,0xFE,0x42,0xEC,0x48,0xEE,0xEA,0xEA,0x4A,0xF2,0x42,0x00}},
	{0x5D82, {0x48,0x7E,0x54,0x7E,0xD4,0xDC,0xD4,0xDC,0xC8,0x3E,0x08,0x00}},
	{0x5DA2, {0x48,0x5C,0x48,0x7E,0xD4,0xFE,0xC0,0xFE,0xD4,0x14,0x26,0x00}},
	{0x5D9D, {0x7A,0x54,0x62,0x5C,0xC0,0xFE,0xE2,0xFE,0xD4,0x14,0x3E,0x00}},
	{0x5DAC, {0x54,0x7E,0x48,0x7E,0xC8,0xFE,0xD4,0xFE,0xD6,0x3C,0x12,0x00}},
	{0x5DAE, {0x48,0x54,0x62,0x5C,0xC0,0xFE,0xEA,0xFE,0xD4,0x14,0x2A,0x00}},
	{0x5DBD, {0x92,0xFE,0x00,0xB6,0x5C,0xA6,0x3C,0x64,0xBC,0x3A,0xCA,0x00}},
	{0x5D90, {0x92,0xFE,0x08,0xCC,0xD4,0x88,0xF6,0xC8,0xDC,0x88,0xBE,0x00}},
	{0x5DB7, {0x92,0xFE,0x80,0xEE,0x84,0xEE,0x42,0xE4,0x56,0x54,0xAE,0x00}},
	{0x5DBC, {0x50,0x6A,0x6E,0x6A,0xEE,0xE6,0xF6,0xFE,0xC0,0x14,0x22,0x00}},
	{0x5DC9, {0x4C,0x54,0x7E,0x64,0xF6,0xCC,0xD4,0xFE,0xEA,0x1C,0x26,0x00}},
	{0x5DCD, {0x92,0xFE,0x74,0x2E,0xFA,0x7E,0xAA,0xFE,0x54,0x34,0xCA,0x00}},
	{0x5DD3, {0x92,0xFE,0x80,0xEE,0x84,0xEE,0x6E,0xEA,0xEE,0x00,0xAA,0x00}},
	{0x5DD2, {0x5A,0x84,0x5A,0x84,0x5A,0xFE,0x5A,0x10,0x92,0x92,0xFE,0x00}},
	{0x5DD6, {0x92,0xFE,0x6C,0x7E,0x40,0x76,0x5A,0x7A,0x74,0x74,0x9A,0x00}},
	{0x5DDB, {0x2A,0x2A,0x2A,0x54,0x54,0xA8,0x54,0x54,0x2A,0x2A,0x2A,0x00}},
	{0x5DEB, {0x7C,0x10,0x10,0x54,0x54,0x54,0x54,0xBA,0x10,0x10,0xFE,0x00}},
	{0x5DF2, {0xFC,0x04,0x04,0x84,0x84,0xFC,0x80,0x80,0x82,0x82,0x7E,0x00}},
	{0x5DF5, {0x0C,0x70,0x40,0x7E,0x40,0x7E,0x6A,0x7E,0x60,0x62,0xBE,0x00}},
	{0x5E0B, {0x04,0x78,0x48,0x7E,0x48,0xE6,0x10,0xFE,0x92,0x96,0x10,0x00}},
	{0x5E1A, {0x7C,0x04,0xFE,0x04,0xFE,0x92,0x7C,0x54,0x54,0x54,0x10,0x00}},
	{0x5E19, {0x48,0x58,0xDC,0xE8,0xC8,0xFE,0xC8,0x48,0x54,0x54,0x62,0x00}},
	{0x5E11, {0x2E,0xF2,0x5A,0x54,0x34,0xCA,0x10,0xFE,0x92,0x96,0x10,0x00}},
	{0x5E1B, {0x10,0x7C,0x44,0x7C,0x44,0x7C,0x10,0xFE,0x92,0x96,0x10,0x00}},
	{0x5E36, {0x54,0xFE,0x54,0x96,0x00,0xFE,0x92,0x7C,0x54,0x54,0x10,0x00}},
	{0x5E37, {0x54,0x54,0xDE,0xF4,0xDE,0xD4,0xD4,0x5E,0x54,0x54,0x5E,0x00}},
	{0x5E44, {0x5E,0x52,0xDE,0xD0,0xDE,0xD8,0xDE,0x54,0x5E,0x64,0x5E,0x00}},
	{0x5E43, {0x44,0x5E,0xCA,0xFE,0xD2,0xDE,0xC4,0x5E,0x54,0x5E,0x44,0x00}},
	{0x5E40, {0x48,0x4E,0xC8,0xDC,0xD4,0xDC,0xD4,0x5C,0x54,0x5C,0x62,0x00}},
	{0x5E4E, {0x7E,0x62,0xDC,0xD4,0xDC,0xD4,0xDC,0x48,0x7E,0x40,0x62,0x00}},
	{0x5E57, {0x7E,0x62,0xE6,0xFE,0xE6,0xF6,0x76,0x62,0x7A,0x62,0x7E,0x00}},
	{0x5E54, {0x5C,0x54,0xDC,0xD4,0xFE,0xEA,0xFE,0x54,0x48,0x54,0x62,0x00}},
	{0x5E5F, {0x54,0x56,0xFC,0xEC,0xFE,0xC4,0xFC,0x6E,0x7C,0x6C,0x7A,0x00}},
	{0x5E62, {0x48,0x7E,0xD4,0xD4,0xFE,0xDC,0xDC,0x48,0x5C,0x48,0x7E,0x00}},
	{0x5E64, {0x54,0xAE,0xFA,0xDA,0xF4,0x9A,0x10,0xFE,0x92,0x96,0x10,0x00}},
	{0x5E47, {0x42,0xEE,0x42,0xEA,0x42,0xE6,0x10,0xFE,0x92,0x96,0x10,0x00}},
	{0x5E75, {0xEE,0x44,0x44,0x44,0xFE,0x44,0x44,0x44,0x44,0x44,0x44,0x00}},
	{0x5E76, {0x44,0x08,0xFE,0x24,0x24,0xFE,0x24,0x24,0x44,0x44,0x84,0x00}},
	{0x5E7A, {0x10,0x10,0x20,0xC4,0x48,0x30,0x10,0x20,0x48,0x84,0xFA,0x00}},
	{0x9EBC, {0x08,0x7E,0x54,0x7E,0x7E,0x54,0x48,0x50,0x48,0x52,0xBE,0x00}},
	{0x5E7F, {0x08,0x7E,0x40,0x40,0x40,0x40,0x40,0x40,0x40,0x40,0x80,0x00}},
	{0x5EA0, {0x08,0x7E,0x40,0x54,0x7E,0x48,0x5C,0x48,0x7E,0x48,0x88,0x00}},
	{0x5EC1, {0x08,0x7E,0x40,0x7A,0x6E,0x7E,0x6E,0x6A,0x7A,0x42,0xAA,0x00}},
	{0x5EC2, {0x08,0x7E,0x40,0x56,0x7A,0x5E,0x5A,0x7E,0x7A,0x5A,0x9E,0x00}},
	{0x5EC8, {0x08,0x7E,0x40,0x7E,0x54,0x5C,0x54,0x4C,0x54,0x48,0xB6,0x00}},
	{0x5ED0, {0x08,0x7E,0x40,0x7E,0x54,0x74,0x5E,0x74,0x44,0x74,0x8A,0x00}},
	{0x5ECF, {0x08,0x7E,0x40,0x56,0x7A,0x7A,0x78,0x66,0x72,0xA4,0xBA,0x00}},
	{0x5ED6, {0x08,0x7E,0x40,0x76,0x5A,0x54,0x6A,0x54,0x6A,0x44,0x98,0x00}},
	{0x5EE3, {0x08,0x7E,0x54,0x7E,0x54,0x7E,0x5C,0x5C,0x5C,0x5C,0xA2,0x00}},
	{0x5EDD, {0x08,0x7E,0x40,0x6A,0x7C,0x6C,0x7E,0x6A,0x7A,0x42,0xAA,0x00}},
	{0x5EDA, {0x08,0x7E,0x50,0x7A,0x56,0x7A,0x6E,0x7A,0x52,0x5A,0xB6,0x00}},
	{0x5EDB, {0x08,0x7E,0x40,0x5C,0x5C,0x7E,0x54,0x66,0x5C,0x48,0xBE,0x00}},
	{0x5EE2, {0x08,0x7E,0x40,0x7A,0x54,0x62,0x76,0x56,0x62,0x54,0xBA,0x00}},
	{0x5EE1, {0x08,0x7E,0x50,0x7E,0x54,0x7E,0x54,0x7E,0x40,0x54,0xAA,0x00}},
	{0x5EE8, {0x08,0x7E,0x40,0x76,0x52,0x64,0x7E,0x74,0x7E,0xD4,0x54,0x00}},
	{0x5EE9, {0x08,0x7E,0x48,0x7E,0x76,0x7E,0x5C,0x48,0x7E,0x5C,0xAA,0x00}},
	{0x5EEC, {0x08,0x7E,0x44,0x46,0x5C,0x56,0x56,0x50,0x6C,0x4C,0x9E,0x00}},
	{0x5EF1, {0x08,0x7E,0x40,0x54,0x66,0x54,0x7E,0x7C,0x76,0x74,0xBE,0x00}},
	{0x5EF3, {0x08,0x7E,0x40,0x74,0x7E,0x74,0x5E,0x7E,0x70,0x7A,0x96,0x00}},
	{0x5EF0, {0x08,0x7E,0x40,0x74,0x5E,0x74,0x5E,0x7E,0x50,0x7A,0x96,0x00}},
	{0x5EF4, {0xE0,0x20,0x20,0x40,0x60,0x20,0x20,0xA0,0x40,0x60,0x9E,0x00}},
	{0x5EF8, {0xC4,0x5E,0x56,0x96,0xDE,0x56,0x56,0xD6,0x5E,0x40,0xBE,0x00}},
	{0x5EFE, {0x24,0x24,0x24,0x24,0xFE,0x24,0x24,0x24,0x44,0x44,0x84,0x00}},
	{0x5F03, {0x10,0xFE,0x10,0x24,0xFA,0x44,0x44,0xFE,0x44,0x44,0x84,0x00}},
	{0x5F09, {0xA4,0xE4,0x3E,0xE4,0x64,0xAE,0x44,0xFE,0x44,0x44,0x84,0x00}},
	{0x5F5D, {0x3C,0x44,0x78,0xFE,0xA4,0x4A,0xEE,0x44,0xFE,0x44,0x84,0x00}},
	{0x5F5C, {0x3C,0x44,0x78,0xFE,0xA4,0x4A,0xE6,0x4A,0xFE,0x44,0x84,0x00}},
	{0x5F0B, {0x14,0x10,0x1E,0xF0,0x10,0x10,0x10,0x08,0x0A,0x06,0x02,0x00}},
	{0x5F11, {0x14,0xD6,0x24,0x5E,0x84,0x24,0xFC,0x2C,0x6C,0xBC,0x22,0x00}},
	{0x5F16, {0x7C,0x04,0x3C,0x20,0x40,0x7C,0x04,0x04,0x18,0x00,0xFE,0x00}},
	{0x5F29, {0x2E,0xF2,0x5A,0x24,0xDE,0x04,0x7C,0x40,0x7E,0x02,0x0E,0x00}},
	{0x5F2D, {0xFE,0x54,0x5C,0xD4,0x94,0x9C,0xD4,0x54,0x5E,0x74,0xC4,0x00}},
	{0x5F38, {0xFE,0x6A,0x6A,0xFE,0xAA,0xAA,0xFE,0x6A,0x6A,0x6A,0xD6,0x00}},
	{0x5F41, {0xFE,0x42,0x5E,0xD6,0x9E,0x82,0xFE,0x56,0x5E,0x42,0xC6,0x00}},
	{0x5F48, {0xF6,0x76,0x40,0xFE,0xAA,0xBE,0xEA,0x7E,0x48,0x7E,0xC8,0x00}},
	{0x5F4C, {0xFE,0x5C,0x6A,0xFE,0xAA,0xB6,0xEA,0x76,0x6A,0x76,0xEA,0x00}},
	{0x5F4E, {0x5A,0x84,0x5A,0x84,0x5A,0xDE,0x7C,0x40,0x7E,0x02,0x0E,0x00}},
	{0x5F2F, {0x10,0xFE,0x28,0xAA,0x7C,0x04,0x7C,0x40,0x7E,0x02,0x0E,0x00}},
	{0x5F51, {0x00,0x20,0x20,0x3C,0x24,0x44,0x44,0x78,0x08,0x08,0xFE,0x00}},
	{0x5F56, {0x20,0x3C,0x44,0x78,0x08,0xFE,0x34,0xD8,0x2C,0xCA,0x30,0x00}},
	{0x5F57, {0x44,0xEE,0x44,0xEE,0x44,0xEE,0x7C,0x04,0xFE,0x04,0x7C,0x00}},
	{0x5F59, {0x3C,0x44,0x78,0xFE,0x82,0x7C,0x54,0x7C,0xFE,0x38,0xD6,0x00}},
	{0x5F61, {0x04,0x18,0x60,0x00,0x04,0x18,0x60,0x02,0x04,0x18,0xE0,0x00}},
	{0x5F6D, {0x22,0xFA,0x24,0xF8,0x02,0xFA,0x8C,0xF8,0x52,0x5A,0xE4,0x00}},
	{0x5F73, {0x08,0x10,0x60,0x00,0x08,0x10,0x70,0x10,0x10,0x10,0x10,0x00}},
	{0x5F77, {0x48,0x48,0xBE,0x10,0x50,0x5E,0xD2,0x52,0x52,0x52,0x66,0x00}},
	{0x5F83, {0x48,0x58,0x9E,0x28,0x48,0x48,0xDC,0x48,0x48,0x48,0x7E,0x00}},
	{0x5F82, {0x5C,0x54,0x94,0x1C,0x54,0x54,0xDC,0x54,0x54,0x54,0x7E,0x00}},
	{0x5F7F, {0x54,0x7E,0x96,0x3E,0x74,0x74,0xFE,0x56,0x56,0x54,0x64,0x00}},
	{0x5F8A, {0x5E,0x52,0x92,0x1E,0x56,0x56,0xD6,0x5E,0x52,0x52,0x5E,0x00}},
	{0x5F88, {0x5E,0x52,0x9E,0x12,0x52,0x5E,0xD4,0x56,0x54,0x54,0x5A,0x00}},
	{0x5F91, {0x5E,0x4A,0x8A,0x14,0x4A,0x4A,0xC0,0x5E,0x44,0x44,0x5E,0x00}},
	{0x5F87, {0x50,0x5E,0xA2,0x1E,0x56,0x5E,0xD6,0x56,0x5E,0x42,0x46,0x00}},
	{0x5F9E, {0x54,0x54,0x94,0x2A,0x40,0x44,0xD6,0x54,0x54,0x54,0x6E,0x00}},
	{0x5F99, {0x44,0x56,0x94,0x14,0x7E,0xC4,0x56,0x54,0x54,0x54,0x6E,0x00}},
	{0x5F98, {0x54,0x54,0xB6,0x14,0x76,0xD4,0x54,0x76,0x54,0x54,0x64,0x00}},
	{0x5FA0, {0x48,0x7E,0x88,0x1C,0x5C,0x6A,0xC8,0x5C,0x5C,0x6A,0x48,0x00}},
	{0x5FA8, {0x48,0x5C,0x94,0x1C,0x54,0x5C,0xFE,0x48,0x5C,0x48,0x7E,0x00}},
	{0x5FAD, {0x48,0x4C,0x94,0x08,0x50,0x5C,0xE8,0x7E,0x48,0x6A,0x7E,0x00}},
	{0x5FBC, {0x54,0x7C,0xAE,0x3A,0x6A,0x5A,0xFA,0x5C,0x5C,0x6A,0x5A,0x00}},
	{0x5FD6, {0x44,0x44,0xFE,0xC4,0xC4,0x54,0x4C,0x44,0x44,0x44,0x4C,0x00}},
	{0x5FFB, {0x44,0x58,0xD0,0xD0,0xDE,0x54,0x54,0x54,0x54,0x64,0x44,0x00}},
	{0x5FE4, {0x50,0x5C,0xE8,0xC8,0xC8,0x7E,0x48,0x48,0x48,0x48,0x48,0x00}},
	{0x5FF8, {0x7C,0x54,0xD4,0xD4,0xD4,0x7E,0x54,0x54,0x54,0x54,0x7E,0x00}},
	{0x5FF1, {0x48,0x7E,0xEA,0xEA,0xC8,0x4C,0x4C,0x4C,0x54,0x54,0x66,0x00}},
	{0x5FDD, {0x0C,0x70,0x10,0xFE,0x28,0x44,0xA2,0x20,0xAA,0x2A,0x60,0x00}},
	{0x60B3, {0x08,0x7C,0x08,0x5C,0x54,0x5C,0x7C,0x00,0x54,0xCA,0xBA,0x00}},
	{0x5FFF, {0x28,0x28,0x44,0xBE,0x14,0x24,0x4C,0x00,0x54,0xCA,0xBA,0x00}},
	{0x6021, {0x48,0x48,0xD0,0xD4,0xFA,0x40,0x5C,0x54,0x54,0x54,0x5C,0x00}},
	{0x6060, {0x48,0x7E,0xC8,0xD0,0xF4,0x5E,0x54,0x54,0x54,0x54,0x5E,0x00}},
	{0x6019, {0x44,0x44,0xC4,0xFE,0xC4,0x44,0x5E,0x52,0x52,0x52,0x5E,0x00}},
	{0x6010, {0x50,0x5E,0xE2,0xDE,0xD6,0x56,0x56,0x5E,0x42,0x42,0x4C,0x00}},
	{0x6029, {0x5E,0x52,0xD2,0xDE,0xD0,0x54,0x56,0x54,0x54,0x64,0x46,0x00}},
	{0x600E, {0x20,0x3E,0x50,0x9E,0x10,0x1E,0x10,0x54,0x42,0xCA,0xBA,0x00}},
	{0x6031, {0x40,0x7E,0xAA,0x7A,0x2E,0x52,0xA6,0x00,0x54,0xCA,0xBA,0x00}},
	{0x601B, {0x5E,0x52,0xD2,0xDE,0xD2,0x52,0x52,0x5E,0x40,0x40,0x5E,0x00}},
	{0x6015, {0x48,0x48,0xDE,0xD2,0xD2,0x5E,0x52,0x52,0x52,0x52,0x5E,0x00}},
	{0x602B, {0x54,0x7E,0xD6,0xFE,0xF4,0x74,0x7E,0x56,0x56,0x54,0x64,0x00}},
	{0x6026, {0x7E,0x48,0xDC,0xEA,0xC8,0x48,0x7E,0x48,0x48,0x48,0x48,0x00}},
	{0x600F, {0x48,0x5C,0xD4,0xD4,0xD4,0x7E,0x48,0x48,0x54,0x54,0x62,0x00}},
	{0x603A, {0x58,0x40,0xD8,0xCA,0xFA,0x5C,0x5C,0x5C,0x6A,0x4A,0x58,0x00}},
	{0x605A, {0x10,0x7C,0x10,0xFE,0x10,0x7C,0x10,0xFE,0x50,0xCA,0xBA,0x00}},
	{0x6041, {0x24,0x58,0xC8,0x7E,0x48,0x5C,0x00,0x54,0x42,0xCA,0xBA,0x00}},
	{0x606A, {0x50,0x5C,0xD4,0xE8,0xC8,0x54,0x62,0x5C,0x54,0x54,0x5C,0x00}},
	{0x6077, {0x28,0x3E,0x48,0xDC,0x5C,0x6A,0x48,0x00,0x54,0xCA,0xBA,0x00}},
	{0x605F, {0x50,0x5E,0xE2,0xD6,0xCA,0x6A,0x76,0x62,0x7E,0x42,0x46,0x00}},
	{0x604A, {0x48,0x5E,0xCA,0xCA,0xD6,0x40,0x54,0x7E,0x56,0x56,0x6A,0x00}},
	{0x6046, {0x7E,0x50,0xD0,0xDE,0xD2,0x6A,0x62,0x4A,0x44,0x44,0x7E,0x00}},
	{0x604D, {0x48,0x6A,0xEA,0xC8,0xFE,0x54,0x54,0x54,0x54,0x54,0x66,0x00}},
	{0x6063, {0x10,0xDE,0x2A,0x08,0x54,0xA2,0x00,0x54,0x42,0xCA,0xBA,0x00}},
	{0x6043, {0x48,0x5C,0xC8,0xFE,0xC4,0x7E,0x44,0x64,0x54,0x44,0x4C,0x00}},
	{0x6064, {0x48,0x48,0xDE,0xD6,0xD6,0x56,0x56,0x56,0x56,0x56,0x7E,0x00}},
	{0x6042, {0x50,0x5E,0xE2,0xDE,0xD6,0x5E,0x56,0x56,0x5E,0x42,0x46,0x00}},
	{0x606C, {0x42,0x5C,0xC4,0xC4,0xFE,0x44,0x44,0x5E,0x52,0x52,0x5E,0x00}},
	{0x606B, {0x5E,0x52,0xDE,0xD2,0xDE,0x56,0x56,0x56,0x5E,0x52,0x56,0x00}},
	{0x6059, {0x44,0xFE,0x10,0x7C,0x10,0xFE,0x00,0x54,0x42,0xCA,0xBA,0x00}},
	{0x6081, {0x5E,0x52,0xDE,0xC0,0xDE,0x52,0x5E,0x52,0x5E,0x52,0x56,0x00}},
	{0x608D, {0x5E,0x52,0xDE,0xD2,0xDE,0x40,0x5E,0x44,0x7E,0x44,0x44,0x00}},
	{0x60E7, {0x5C,0x54,0xDC,0xD4,0xDC,0x54,0x5C,0x54,0x7E,0x54,0x62,0x00}},
	{0x6083, {0x7E,0x62,0xEA,0xFE,0xEA,0x7E,0x7E,0x6A,0x6A,0x62,0x7E,0x00}},
	{0x609A, {0x48,0x7E,0xC8,0xFE,0xEA,0x6A,0x7E,0x48,0x5C,0x6A,0x48,0x00}},
	{0x6084, {0x44,0x4C,0xD6,0xC4,0xDE,0x52,0x5E,0x52,0x5E,0x52,0x56,0x00}},
	{0x609B, {0x48,0x52,0xFE,0xD4,0xE6,0x50,0x5C,0x74,0x48,0x54,0x62,0x00}},
	{0x6096, {0x48,0x5C,0xC8,0xFE,0xE2,0x5C,0x44,0x7E,0x48,0x48,0x58,0x00}},
	{0x6097, {0x4C,0x54,0xC4,0xFE,0xEA,0x6A,0x7E,0x54,0x54,0x54,0x66,0x00}},
	{0x6092, {0x5C,0x54,0xDC,0xC0,0xFE,0x6A,0x6A,0x7E,0x60,0x62,0x5E,0x00}},
	{0x60A7, {0x4A,0x72,0xD6,0xD6,0xFE,0x56,0x52,0x7A,0x72,0x52,0x56,0x00}},
	{0x608B, {0x48,0x7E,0xD4,0xD4,0xC8,0x54,0x62,0x5C,0x54,0x54,0x5C,0x00}},
	{0x60E1, {0xFE,0x28,0x6C,0x44,0x6C,0x28,0xFE,0x00,0x54,0xCA,0xBA,0x00}},
	{0x60B8, {0x44,0x58,0xC8,0xFE,0xDC,0x6A,0x5C,0x44,0x7E,0x48,0x58,0x00}},
	{0x60E0, {0x10,0xFE,0x54,0x7C,0x54,0x7C,0xF2,0x00,0x54,0xCA,0xBA,0x00}},
	{0x60D3, {0x48,0x5C,0xEA,0xC8,0xFE,0x54,0x62,0x5C,0x54,0x52,0x5E,0x00}},
	{0x60B4, {0x48,0x7E,0xD4,0xD4,0xEA,0x48,0x48,0x7E,0x48,0x48,0x48,0x00}},
	{0x5FF0, {0x48,0x7C,0xD4,0xD4,0xE6,0x48,0x48,0x7E,0x48,0x48,0x48,0x00}},
	{0x60BD, {0x48,0x7E,0xC8,0xDE,0xCA,0x5E,0x48,0x7E,0x54,0x4C,0x72,0x00}},
	{0x60C6, {0x7E,0x62,0xEA,0xFE,0xEA,0x7E,0x6A,0x76,0x7E,0x62,0x66,0x00}},
	{0x60B5, {0x5E,0x50,0xDC,0xD0,0xDC,0x50,0x7E,0x54,0x56,0x54,0x5A,0x00}},
	{0x60D8, {0x7E,0x62,0xF6,0xFE,0xEA,0x7E,0x72,0x72,0x6E,0x62,0x66,0x00}},
	{0x614D, {0x7E,0x6A,0xEA,0xF6,0xE2,0x7E,0x40,0x5C,0x5C,0x5C,0x7E,0x00}},
	{0x6115, {0x76,0x76,0xF6,0xC0,0xDC,0x40,0x7E,0x50,0x5E,0x42,0x46,0x00}},
	{0x6106, {0x56,0x80,0x16,0x42,0xC2,0x52,0x56,0x00,0x54,0xCA,0xBA,0x00}},
	{0x60F6, {0x48,0x5C,0xD4,0xDC,0xD4,0x5C,0x7E,0x48,0x5C,0x48,0x7E,0x00}},
	{0x60F7, {0x10,0x7C,0x38,0xFE,0x7C,0xAA,0x38,0x00,0x54,0xCA,0xBA,0x00}},
	{0x6100, {0x54,0x74,0xD4,0xDE,0xFC,0x54,0x54,0x74,0x74,0x5A,0x5A,0x00}},
	{0x60F4, {0x6A,0x6A,0xFE,0xC0,0xFE,0x50,0x7E,0x6A,0x6A,0x6A,0x6A,0x00}},
	{0x60FA, {0x5E,0x52,0xDE,0xD2,0xDE,0x54,0x5E,0x64,0x4E,0x44,0x5E,0x00}},
	{0x6103, {0x44,0x5E,0xD6,0xC0,0xDE,0x52,0x5E,0x52,0x5E,0x40,0x5E,0x00}},
	{0x6121, {0x50,0x5E,0xEA,0xDA,0xEE,0x4A,0x56,0x40,0x54,0x72,0x6E,0x00}},
	{0x60FB, {0x7A,0x6A,0xFE,0xEE,0xFE,0x6E,0x6A,0x7A,0x42,0x6A,0x6A,0x00}},
	{0x60F1, {0x4A,0x4A,0xD4,0xCA,0xCA,0x5E,0x5A,0x56,0x5A,0x52,0x5E,0x00}},
	{0x610D, {0xF4,0x96,0xFA,0xAA,0xF4,0xA4,0xDA,0x00,0x54,0xCA,0xBA,0x00}},
	{0x610E, {0x50,0x5E,0xF4,0xDC,0xD4,0x5C,0x50,0x5C,0x74,0x48,0x76,0x00}},
	{0x6147, {0x2E,0xCA,0xA0,0xEE,0x8A,0xE4,0xAA,0x00,0x54,0xCA,0xBA,0x00}},
	{0x613E, {0x50,0x5E,0xE0,0xDC,0xC0,0x7C,0x6C,0x54,0x7C,0x54,0x6A,0x00}},
	{0x6128, {0x2E,0xFA,0x20,0xFE,0x8A,0x74,0x0A,0x00,0x54,0xCA,0xBA,0x00}},
	{0x6127, {0x48,0x7E,0xEA,0xFE,0xEA,0x7E,0x58,0x5C,0x5E,0x68,0x4E,0x00}},
	{0x614A, {0x4A,0x7E,0xD4,0xFE,0xD6,0x7E,0x56,0x7E,0x54,0x76,0x54,0x00}},
	{0x613F, {0x7E,0x54,0x5C,0x54,0x5C,0x6A,0x98,0x00,0x54,0xCA,0xBA,0x00}},
	{0x613C, {0x50,0x5E,0xD0,0xDE,0xCA,0x6E,0x6A,0x6E,0x7E,0x40,0x62,0x00}},
	{0x612C, {0x5E,0xFA,0x2E,0xAA,0xFE,0x4A,0x96,0x00,0x54,0xCA,0xBA,0x00}},
	{0x6134, {0x48,0x54,0xFE,0xC0,0xDE,0x52,0x5E,0x50,0x5E,0x6A,0x4E,0x00}},
	{0x613D, {0x4A,0x7E,0xC8,0xFE,0xEA,0x7E,0x6A,0x44,0x7E,0x54,0x4C,0x00}},
	{0x6142, {0xBE,0x04,0xBE,0x2A,0x3E,0xAA,0xAA,0x00,0x54,0xCA,0xBA,0x00}},
	{0x6144, {0x7E,0x54,0x7E,0xF6,0xFE,0x48,0x7E,0x48,0x5C,0x6A,0x48,0x00}},
	{0x6173, {0x76,0x62,0xF2,0xF4,0xF4,0x6A,0x72,0x48,0x5C,0x48,0x7E,0x00}},
	{0x6177, {0x44,0x5E,0xD4,0xDE,0xD6,0x5E,0x64,0x56,0x4C,0x56,0x4C,0x00}},
	{0x6158, {0x48,0x50,0xDA,0xE4,0xF6,0x5C,0x6A,0x54,0x4A,0x44,0x58,0x00}},
	{0x6159, {0x22,0xFC,0x68,0x6E,0x6A,0xFA,0x22,0x00,0x54,0xCA,0xBA,0x00}},
	{0x615A, {0x52,0x7C,0xD4,0xFC,0xFE,0x7A,0x7A,0x7A,0x52,0x7A,0x52,0x00}},
	{0x616B, {0x54,0x94,0x2A,0x44,0xD6,0x54,0x6E,0x00,0x54,0xCA,0xBA,0x00}},
	{0x6174, {0x76,0x52,0xF6,0xDA,0xD2,0x48,0x5E,0x52,0x5E,0x52,0x5E,0x00}},
	{0x616F, {0x50,0x5E,0xF4,0xDC,0xD4,0x7E,0x50,0x5E,0x56,0x6A,0x56,0x00}},
	{0x6165, {0x64,0x4C,0xEE,0xD4,0xDE,0x44,0x6E,0x6A,0x6E,0x60,0x5E,0x00}},
	{0x6171, {0x48,0x7E,0xDC,0xDC,0xDC,0x7A,0x44,0x7E,0x44,0x54,0x4C,0x00}},
	{0x615F, {0x44,0x7C,0xD6,0xFE,0xFE,0x7E,0x56,0x7E,0x56,0x7A,0x4A,0x00}},
	{0x615D, {0xFE,0xA8,0xFC,0xA0,0xDC,0x94,0xFE,0x00,0x54,0xCA,0xBA,0x00}},
	{0x6153, {0x7E,0x54,0xFE,0xFE,0xC0,0x5C,0x40,0x7E,0x48,0x6A,0x58,0x00}},
	{0x6175, {0x44,0x7E,0xE4,0xEE,0xE6,0x7E,0x64,0x5E,0x56,0x5E,0x56,0x00}},
	{0x6199, {0x10,0xFE,0x10,0x7C,0x28,0xFE,0x44,0x7C,0x50,0xCA,0xBA,0x00}},
	{0x6196, {0x26,0xFC,0x76,0xAC,0x24,0x74,0xAA,0x00,0x54,0xCA,0xBA,0x00}},
	{0x6187, {0x2A,0xDE,0x4A,0xEE,0x4A,0xAA,0xEE,0x00,0x54,0xCA,0xBA,0x00}},
	{0x61AC, {0x5C,0x54,0xDC,0xD4,0xFE,0x54,0x5C,0x48,0x6A,0x48,0x58,0x00}},
	{0x6194, {0x54,0x5E,0xF4,0xDE,0xD4,0x5E,0x54,0x5E,0x40,0x54,0x6A,0x00}},
	{0x619A, {0x76,0x76,0xC0,0xFE,0xEA,0x7E,0x6A,0x7E,0x48,0x7E,0x48,0x00}},
	{0x618A, {0x54,0x7E,0xD4,0x7E,0x50,0x6E,0x4A,0x00,0x54,0xCA,0xBA,0x00}},
	{0x6191, {0x3E,0xA8,0x3E,0x28,0x7E,0x82,0x2A,0x00,0x54,0xCA,0xBA,0x00}},
	{0x61AB, {0x76,0x76,0xF6,0xF6,0xE2,0x6A,0x7E,0x76,0x6A,0x76,0x62,0x00}},
	{0x61AE, {0x50,0x5E,0xF4,0xD4,0xFE,0x54,0x54,0x7E,0x40,0x54,0x6A,0x00}},
	{0x61CC, {0x7E,0x6A,0xFE,0xC8,0xDC,0x7E,0x54,0x7E,0x48,0x7E,0x48,0x00}},
	{0x61CA, {0x48,0x7E,0xE6,0xFA,0xEA,0x7E,0x6A,0x7E,0x48,0x54,0x62,0x00}},
	{0x61C9, {0x08,0x7E,0x54,0x56,0x6C,0x6E,0x6C,0x6E,0x40,0x72,0xAE,0x00}},
	{0x61F7, {0x48,0x7E,0xDC,0xDC,0xC0,0x76,0x48,0x54,0x76,0x54,0x5A,0x00}},
	{0x61C8, {0x5E,0x6A,0xCA,0xD8,0xDA,0x5E,0x5E,0x5A,0x5E,0x6A,0x6A,0x00}},
	{0x61C3, {0x54,0xFE,0x56,0xF6,0xF6,0x2A,0xFA,0x00,0x54,0xCA,0xBA,0x00}},
	{0x61C6, {0x5C,0x54,0xDC,0xFE,0xEA,0x7E,0x48,0x7E,0x5C,0x6A,0x48,0x00}},
	{0x61BA, {0x4C,0x54,0xFE,0xDA,0xD0,0x56,0x50,0x56,0x50,0x6E,0x4E,0x00}},
	{0x61CB, {0x7C,0xCE,0x54,0xFE,0xD6,0x54,0x74,0x00,0x54,0xCA,0xBA,0x00}},
	{0x7F79, {0xFE,0xAA,0xFE,0x54,0xDE,0xD4,0xDE,0x54,0x5E,0x54,0x5E,0x00}},
	{0x61CD, {0x48,0x7E,0xC0,0xFE,0xF6,0x7E,0x5C,0x48,0x7E,0x5C,0x6A,0x00}},
	{0x61E6, {0x5C,0x48,0xFE,0xEA,0xC0,0x7E,0x48,0x7E,0x6A,0x6A,0x6A,0x00}},
	{0x61E3, {0x94,0x3E,0x94,0x3E,0x2A,0xBE,0xAA,0x00,0x54,0xCA,0xBA,0x00}},
	{0x61F6, {0x56,0x7A,0xD2,0xF8,0xFE,0x7A,0x7E,0x5A,0x7E,0x50,0x5A,0x00}},
	{0x61FA, {0x54,0x56,0xEC,0xC4,0xFE,0x54,0x7C,0x56,0x7C,0x54,0x7A,0x00}},
	{0x61F4, {0x56,0x7C,0xD4,0xFE,0xD4,0x7C,0x56,0x7C,0x54,0x5C,0x72,0x00}},
	{0x61FF, {0x54,0xE6,0x4A,0xE4,0x14,0xE4,0xAA,0xE0,0x54,0x52,0xEE,0x00}},
	{0x61FD, {0x54,0x7E,0xD4,0xF6,0xF6,0x54,0x5E,0x74,0x5E,0x54,0x5E,0x00}},
	{0x61FC, {0x76,0x76,0xF6,0xD4,0xDE,0x74,0x5E,0x54,0x5E,0x54,0x5E,0x00}},
	{0x61FE, {0x5E,0x4C,0xCC,0xCC,0xDE,0x44,0x7E,0x76,0x76,0x7E,0x52,0x00}},
	{0x6200, {0x5A,0x84,0x5A,0x84,0x5A,0xFE,0x5A,0x00,0x54,0xCA,0xBA,0x00}},
	{0x6208, {0x14,0x10,0x1E,0xF0,0x14,0x14,0x14,0x08,0x0A,0x16,0x62,0x00}},
	{0x6209, {0x0A,0x08,0x7E,0x48,0x48,0x4A,0x4A,0x44,0x64,0xCC,0x12,0x00}},
	{0x620D, {0x0A,0x08,0x7E,0x48,0x48,0x6A,0x5A,0x44,0x44,0x4C,0x92,0x00}},
	{0x620C, {0x0A,0x08,0x7E,0x48,0x48,0x7A,0x4A,0x44,0x44,0x4C,0x92,0x00}},
	{0x6214, {0x14,0xFC,0x0A,0x0C,0x72,0x00,0x14,0xFC,0x0A,0x0C,0x72,0x00}},
	{0x621B, {0xFE,0x7C,0x44,0x7C,0x44,0x7C,0x10,0xFC,0x0A,0x0C,0x72,0x00}},
	{0x621E, {0xFE,0x10,0x7C,0x44,0x7C,0xFE,0x92,0x7C,0x0A,0x0C,0x72,0x00}},
	{0x6221, {0x54,0xF6,0x54,0x7E,0x54,0x74,0x56,0xF4,0xD4,0x8A,0xF2,0x00}},
	{0x622A, {0x28,0x7A,0x28,0xFE,0x04,0x54,0x7E,0xD4,0x7C,0x54,0x7A,0x00}},
	{0x622E, {0xF4,0x56,0xF4,0x5E,0x24,0x54,0xA6,0x54,0x24,0x1A,0x6A,0x00}},
	{0x6230, {0xDA,0xD8,0x0E,0xF8,0xAA,0xFA,0xAC,0xFC,0x24,0xFA,0x22,0x00}},
	{0x6232, {0x24,0x36,0x24,0xFE,0xA4,0xB4,0x86,0xF4,0x54,0x2A,0xF2,0x00}},
	{0x6233, {0xF4,0x56,0xF4,0x5E,0x04,0x54,0x76,0xE4,0x74,0x6A,0x72,0x00}},
	{0x6241, {0xFE,0x00,0x7E,0x42,0x7E,0x40,0x7E,0x6A,0x7E,0x6A,0xAA,0x00}},
	{0x624E, {0x48,0x48,0xE8,0x48,0x48,0x68,0xC8,0x48,0x4A,0x4A,0xCE,0x00}},
	{0x625E, {0x5C,0x48,0xC8,0x48,0x7E,0x48,0xC8,0x48,0x48,0x48,0xC8,0x00}},
	{0x6263, {0x40,0x5E,0xF2,0x52,0x52,0x72,0xD2,0x52,0x52,0x52,0xDE,0x00}},
	{0x625B, {0x40,0x5E,0xE4,0x44,0x44,0x64,0xC4,0x44,0x44,0x44,0xDE,0x00}},
	{0x6260, {0x5E,0x42,0xD2,0x6A,0x62,0x54,0xD4,0x48,0x54,0x54,0xE2,0x00}},
	{0x6268, {0x5E,0x4A,0xEA,0x5A,0x4A,0x6A,0xCA,0x4E,0x4A,0x52,0xD6,0x00}},
	{0x627C, {0x5E,0x50,0xD0,0x5E,0x5A,0x5A,0xDA,0x58,0x58,0x6A,0xCE,0x00}},
	{0x6282, {0x5E,0x44,0xE4,0x44,0x44,0x6E,0xC4,0x44,0x44,0x44,0xDE,0x00}},
	{0x6289, {0x48,0x5E,0xCA,0x4A,0x4A,0x7E,0xC8,0x48,0x54,0x54,0xE2,0x00}},
	{0x627E, {0x4A,0x48,0xEE,0x58,0x4A,0x6A,0xCA,0x44,0x44,0x4A,0xD2,0x00}},
	{0x6292, {0x5C,0x44,0xD4,0x48,0x7E,0x4A,0xC8,0x48,0x48,0x48,0xD8,0x00}},
	{0x6293, {0x46,0x78,0xEA,0x6A,0x6A,0x6A,0xEA,0x6A,0x6A,0x6A,0xCA,0x00}},
	{0x6296, {0x44,0x54,0xCC,0x44,0x64,0x54,0xC4,0x46,0x7C,0x44,0xC4,0x00}},
	{0x62D4, {0x4A,0x48,0xFE,0x48,0x4A,0x4A,0xD4,0x54,0x64,0x4A,0xD2,0x00}},
	{0x6283, {0x48,0x48,0xFE,0x48,0x48,0x4C,0xCA,0x48,0x48,0x48,0xC8,0x00}},
	{0x6294, {0x7E,0x48,0xC8,0x58,0x5C,0x6A,0xEA,0x48,0x48,0x48,0xC8,0x00}},
	{0x62D7, {0x54,0x54,0xEE,0x66,0x56,0x56,0xD6,0x66,0x6A,0x7A,0xC6,0x00}},
	{0x62D1, {0x52,0x52,0xFE,0x52,0x52,0x5E,0xD2,0x52,0x52,0x52,0xDE,0x00}},
	{0x62BB, {0x48,0x48,0xFE,0x6A,0x6A,0x7E,0xEA,0x6A,0x7E,0x48,0xC8,0x00}},
	{0x62CF, {0x2E,0xF2,0x5A,0x24,0xFA,0x10,0x7C,0x10,0xFE,0x10,0x30,0x00}},
	{0x62FF, {0x10,0x28,0xFE,0x44,0x7C,0x10,0x7C,0x10,0xFE,0x10,0x30,0x00}},
	{0x62C6, {0x44,0x58,0xD0,0x50,0x5E,0x54,0xDC,0x54,0x56,0x64,0xC4,0x00}},
	{0x64D4, {0x4C,0x54,0xFE,0x5A,0x50,0x56,0xD0,0x56,0x50,0x6E,0xCE,0x00}},
	{0x62C8, {0x48,0x48,0xE8,0x4E,0x48,0x68,0xDE,0x52,0x52,0x52,0xDE,0x00}},
	{0x62DC, {0x3E,0xC4,0x4E,0xE4,0x4E,0x44,0xE4,0x5E,0x44,0x44,0x84,0x00}},
	{0x62CC, {0x48,0x5C,0xEA,0x48,0x5C,0x48,0xC8,0x7E,0x48,0x48,0xC8,0x00}},
	{0x62CA, {0x4A,0x4A,0xD6,0x52,0x72,0x5A,0xD2,0x52,0x52,0x52,0xD6,0x00}},
	{0x62C2, {0x54,0x7E,0xD6,0x7E,0x74,0x74,0xFE,0x56,0x56,0x54,0xE4,0x00}},
	{0x62C7, {0x5E,0x52,0xDA,0x52,0x7E,0x62,0xEA,0x62,0x7E,0x42,0xCC,0x00}},
	{0x629B, {0x54,0x54,0xFE,0x56,0x56,0x56,0xDA,0x52,0x56,0x50,0xEE,0x00}},
	{0x62C9, {0x48,0x48,0xFE,0x44,0x54,0x54,0xD4,0x54,0x48,0x48,0xFE,0x00}},
	{0x630C, {0x50,0x5C,0xD4,0x68,0x48,0x54,0xE2,0x5C,0x54,0x54,0xDC,0x00}},
	{0x62EE, {0x44,0x44,0xFE,0x44,0x44,0x5E,0xC0,0x5E,0x52,0x52,0xDE,0x00}},
	{0x62F1, {0x54,0x54,0xFE,0x54,0x54,0x54,0xFE,0x40,0x54,0x54,0xE2,0x00}},
	{0x6327, {0x7E,0x4A,0xCA,0x5E,0x6A,0x4A,0xDE,0x6A,0x4A,0x4A,0xDA,0x00}},
	{0x6302, {0x48,0x5C,0xC8,0x48,0x7E,0x48,0xC8,0x5C,0x48,0x48,0xFE,0x00}},
	{0x6308, {0x4E,0xE6,0x46,0xEA,0x7C,0x10,0x7C,0x10,0xFE,0x10,0x30,0x00}},
	{0x62EF, {0x5C,0x44,0xC8,0x7A,0x5C,0x5C,0xEA,0x48,0x58,0x40,0xFE,0x00}},
	{0x62F5, {0x48,0x7E,0xC8,0x56,0x52,0x74,0xDE,0x52,0x52,0x52,0xD6,0x00}},
	{0x6350, {0x5E,0x52,0xDE,0x40,0x5E,0x52,0xDE,0x52,0x5E,0x52,0xD6,0x00}},
	{0x633E, {0x48,0x7E,0xC8,0x5C,0x5C,0x5C,0xEA,0x48,0x48,0x54,0xE2,0x00}},
	{0x634D, {0x5E,0x52,0xDE,0x52,0x5E,0x40,0xDE,0x44,0x7E,0x44,0xC4,0x00}},
	{0x641C, {0x56,0x6A,0xFE,0x6A,0x7E,0x48,0xDC,0x44,0x54,0x48,0xF6,0x00}},
	{0x634F, {0x5E,0x52,0xDE,0x52,0x5E,0x44,0xC4,0x4E,0x44,0x44,0xDE,0x00}},
	{0x6396, {0x48,0x7E,0xD4,0x56,0x5A,0x76,0xDA,0x54,0x54,0x5A,0xD2,0x00}},
	{0x638E, {0x48,0x7E,0xC8,0x54,0x62,0x7E,0xC2,0x7A,0x6A,0x7A,0xC6,0x00}},
	{0x6380, {0x54,0x56,0xEA,0x66,0x74,0x74,0xF4,0x54,0x54,0x5A,0xDA,0x00}},
	{0x63AB, {0x7C,0x58,0xDE,0x5A,0x5A,0x5C,0xDC,0x5A,0x7A,0x48,0xC8,0x00}},
	{0x6376, {0x44,0x58,0xC8,0x7E,0x54,0x7E,0xD4,0x7E,0x48,0x48,0xFE,0x00}},
	{0x63A3, {0xA2,0xFA,0xAA,0x72,0x7C,0x10,0x7C,0x10,0xFE,0x10,0x30,0x00}},
	{0x638F, {0x50,0x5E,0xF2,0x5E,0x6A,0x5E,0xCA,0x6A,0x7E,0x42,0xC6,0x00}},
	{0x6389, {0x48,0x4E,0xC8,0x5C,0x54,0x5C,0xD4,0x5C,0x48,0x7E,0xC8,0x00}},
	{0x639F, {0x44,0x5E,0xD2,0x4E,0x44,0x44,0xD6,0x54,0x54,0x54,0xEE,0x00}},
	{0x63B5, {0x48,0x54,0xE2,0x5C,0x40,0x76,0xF6,0x76,0x76,0x44,0xC4,0x00}},
	{0x636B, {0x76,0x76,0xF6,0x76,0x76,0x62,0xE2,0x62,0x62,0x62,0xE6,0x00}},
	{0x6369, {0x7E,0x40,0xDE,0x52,0x5E,0x54,0xDE,0x54,0x64,0x4A,0xD2,0x00}},
	{0x63BE, {0x50,0x5C,0xD4,0x58,0x7E,0x58,0xD6,0x6C,0x54,0x66,0xD8,0x00}},
	{0x63E9, {0x64,0x76,0xE4,0x64,0x76,0x48,0xDE,0x52,0x5E,0x52,0xDE,0x00}},
	{0x63C0, {0x48,0x7E,0xC8,0x7E,0x7E,0x6A,0xFE,0x48,0x5C,0x6A,0xC8,0x00}},
	{0x63C6, {0x7A,0x4C,0xEA,0x54,0x62,0x5C,0xC8,0x7E,0x48,0x54,0xE2,0x00}},
	{0x63E3, {0x6A,0x6A,0xFE,0x40,0x7E,0x50,0xFE,0x6A,0x6A,0x6A,0xEA,0x00}},
	{0x63C9, {0x5C,0x44,0xFE,0x5A,0x68,0x48,0xFE,0x48,0x5C,0x6A,0xC8,0x00}},
	{0x63D2, {0x44,0x58,0xC8,0x7E,0x48,0x5A,0xEA,0x7E,0x6A,0x6A,0xFE,0x00}},
	{0x63F6, {0x7E,0x56,0xDE,0x54,0x56,0x5E,0xD6,0x56,0x7C,0x44,0xC4,0x00}},
	{0x63C4, {0x78,0x54,0xE2,0x5C,0x40,0x7A,0xEA,0x7C,0x6C,0x7A,0xEA,0x00}},
	{0x6416, {0x48,0x4C,0xD4,0x48,0x50,0x5C,0xE8,0x7E,0x48,0x6A,0xFE,0x00}},
	{0x6434, {0x10,0xFE,0xAA,0x7C,0x28,0xFE,0x44,0xBA,0x10,0xFE,0x30,0x00}},
	{0x6406, {0x54,0x7E,0xD4,0x7E,0x54,0x7E,0xDC,0x5C,0x7E,0x54,0xD4,0x00}},
	{0x6413, {0x54,0x7E,0xC8,0x5C,0x48,0x7E,0xD0,0x5E,0x54,0x64,0xDE,0x00}},
	{0x6426, {0x5E,0x4A,0xDE,0x54,0x5E,0x4A,0xDE,0x4A,0x5E,0x4A,0xDE,0x00}},
	{0x6436, {0x48,0x54,0xFE,0x40,0x5E,0x52,0xDE,0x50,0x5E,0x6A,0xCE,0x00}},
	{0x651D, {0x5E,0x4C,0xCC,0x4C,0x5E,0x44,0xFE,0x76,0x76,0x7E,0xD2,0x00}},
	{0x6417, {0x48,0x5E,0xD2,0x5E,0x52,0x5E,0xD0,0x5E,0x6A,0x7E,0xC2,0x00}},
	{0x6428, {0x5C,0x54,0xDC,0x54,0x7E,0x4A,0xDE,0x6A,0x5E,0x6A,0xCA,0x00}},
	{0x640F, {0x4A,0x7E,0xC8,0x7E,0x6A,0x7E,0xEA,0x44,0x7E,0x54,0xCC,0x00}},
	{0x6467, {0x6A,0x6A,0xFE,0x54,0x5E,0x74,0xDE,0x54,0x5E,0x54,0xDE,0x00}},
	{0x646F, {0x28,0xFC,0x2C,0xFC,0x6C,0xB6,0x7C,0x10,0xFE,0x10,0x30,0x00}},
	{0x6476, {0x48,0x7E,0xDC,0x5C,0x5C,0x7A,0xC4,0x7E,0x44,0x54,0xCC,0x00}},
	{0x644E, {0x76,0x52,0xF6,0x52,0x48,0x54,0xEA,0x44,0x4A,0x44,0xD8,0x00}},
	{0x652A, {0x56,0x6A,0xF6,0x6A,0x7E,0x62,0xDC,0x54,0x5C,0x54,0xE6,0x00}},
	{0x6495, {0x6A,0x7C,0xEC,0x7C,0x6E,0x7A,0xEA,0x7A,0x42,0x6A,0xEA,0x00}},
	{0x6493, {0x48,0x5C,0xC8,0x7E,0x54,0x7E,0xC0,0x7E,0x54,0x54,0xE6,0x00}},
	{0x64A5, {0x7A,0x54,0xE2,0x40,0x7E,0x5A,0xF0,0x6E,0x7A,0x54,0xFA,0x00}},
	{0x64A9, {0x48,0x7E,0xC8,0x6A,0x54,0x7E,0xD4,0x5C,0x48,0x6A,0xD8,0x00}},
	{0x6488, {0x6A,0x54,0xEA,0x7E,0x62,0x48,0xFE,0x4A,0x52,0x52,0xE6,0x00}},
	{0x64BC, {0x44,0x7E,0xE4,0x7C,0x6E,0x6C,0xFA,0x40,0x54,0x72,0xEE,0x00}},
	{0x64DA, {0x48,0x4E,0xF8,0x6E,0x60,0x7E,0xE8,0x76,0x6C,0x56,0xCC,0x00}},
	{0x64D2, {0x48,0x54,0xFE,0x6A,0x76,0x7E,0xC8,0x7E,0x6A,0x6E,0xFA,0x00}},
	{0x64C5, {0x48,0x7E,0xC0,0x7E,0x76,0x7E,0xDC,0x54,0x5C,0x40,0xFE,0x00}},
	{0x64C7, {0x7E,0x6A,0xFE,0x48,0x5C,0x7E,0xD4,0x7E,0x48,0x7E,0xC8,0x00}},
	{0x64BB, {0x64,0x4E,0xE4,0x5E,0x4A,0x5E,0xE4,0x7E,0x64,0x60,0xDE,0x00}},
	{0x64D8, {0x64,0x6E,0xCA,0x64,0x7C,0x10,0x7C,0x10,0xFE,0x10,0x30,0x00}},
	{0x64C2, {0x5C,0x48,0xFE,0x6A,0x54,0x40,0xFE,0x6A,0x7E,0x6A,0xFE,0x00}},
	{0x64F1, {0x76,0x76,0xF6,0x62,0x6E,0x76,0xEA,0x76,0x6E,0x6E,0xE2,0x00}},
	{0x64E7, {0x56,0x9A,0xCE,0xAA,0xFE,0x44,0xBA,0x10,0xFE,0x10,0x30,0x00}},
	{0x8209, {0x56,0x9A,0xCE,0x8A,0xAA,0xFE,0x54,0xBA,0x10,0x7C,0x10,0x00}},
	{0x64E0, {0x48,0x7E,0xC8,0x76,0x54,0x6A,0xDC,0x54,0x5C,0x54,0xE4,0x00}},
	{0x64E1, {0x48,0x7E,0xC8,0x7E,0x54,0x7E,0xEA,0x50,0x5C,0x48,0xFE,0x00}},
	{0x62AC, {0x48,0x48,0xD0,0x54,0x7A,0x40,0xDC,0x54,0x54,0x54,0xDC,0x00}},
	{0x64E3, {0x48,0x7E,0xC8,0x7E,0x42,0x5C,0xC8,0x7E,0x74,0x74,0xCC,0x00}},
	{0x64EF, {0x48,0x7E,0xE2,0x5C,0x6A,0x4C,0xF4,0x5C,0x54,0x5C,0xE2,0x00}},
	{0x652C, {0x74,0x66,0xF0,0x66,0x7E,0x54,0xDC,0x54,0x5C,0x54,0xE6,0x00}},
	{0x64F6, {0x64,0x76,0xD2,0x44,0x7E,0x40,0xFA,0x6A,0x7A,0x6A,0xEA,0x00}},
	{0x64F4, {0x44,0x7E,0xEC,0x7E,0x6C,0x7E,0xEC,0x6C,0x6C,0x40,0xD2,0x00}},
	{0x64F2, {0x56,0x6E,0xC6,0x7C,0x56,0x7E,0xFE,0x56,0x7C,0x54,0xEC,0x00}},
	{0x64FA, {0x7E,0x6A,0xFE,0x50,0x64,0x76,0xC0,0x74,0x76,0x74,0xD6,0x00}},
	{0x6500, {0x44,0xEE,0x54,0xEE,0xFE,0x44,0xBA,0x10,0xFE,0x10,0x30,0x00}},
	{0x64FD, {0x5A,0x6C,0xDA,0x6C,0x76,0x48,0xFE,0x48,0x5C,0x6A,0xC8,0x00}},
	{0x6518, {0x48,0x7E,0xF6,0x40,0x54,0x7E,0xD4,0x7E,0x5A,0x74,0xDA,0x00}},
	{0x651C, {0x6A,0x7E,0xD4,0x5E,0x74,0x5E,0xC0,0x7E,0x76,0x62,0xEA,0x00}},
	{0x6505, {0x54,0x7E,0xD4,0x6A,0x5C,0x54,0xDC,0x54,0x5C,0x40,0xE2,0x00}},
	{0x6524, {0x6A,0x7A,0xEE,0x54,0x7E,0x7C,0xD4,0x7E,0x54,0x6C,0xC6,0x00}},
	{0x6523, {0x5A,0x84,0x5A,0xC6,0x7A,0x10,0x7C,0x10,0xFE,0x10,0x30,0x00}},
	{0x652B, {0x76,0x76,0xD4,0x5E,0x74,0x5E,0xD4,0x5E,0x54,0x48,0xF6,0x00}},
	{0x6534, {0x10,0x10,0x1C,0x10,0x7C,0x04,0x28,0x28,0x10,0x28,0xC6,0x00}},
	{0x6535, {0x20,0x20,0x3E,0x44,0x44,0xA8,0x28,0x10,0x10,0x28,0xC6,0x00}},
	{0x6537, {0xE8,0x48,0x4E,0x9A,0xEA,0xAA,0x2A,0x24,0x24,0x2A,0x72,0x00}},
	{0x6536, {0x28,0xA8,0xAE,0xBA,0xAA,0xAA,0xA4,0xE4,0xA4,0x2A,0x32,0x00}},
	{0x6538, {0x28,0x28,0x4E,0x7A,0xEA,0x6A,0x6A,0x64,0x64,0x4A,0x52,0x00}},
	{0x754B, {0x08,0xE8,0xEE,0xFA,0xEA,0xEA,0xEA,0xE4,0xE4,0xEA,0x12,0x00}},
	{0x6548, {0x24,0xF4,0x56,0x5A,0x8A,0x5A,0x5A,0x24,0x24,0x5A,0x8A,0x00}},
	{0x6556, {0x28,0xF8,0x2E,0xFA,0x2A,0xFA,0x4A,0x74,0x54,0x5A,0xB2,0x00}},
	{0x6555, {0x24,0xF4,0x26,0xFA,0xAA,0xAA,0xFA,0x24,0x74,0xAA,0x2A,0x00}},
	{0x654D, {0x24,0x54,0x86,0x74,0x2E,0xFA,0x2A,0xA4,0xB4,0x2A,0x6A,0x00}},
	{0x6558, {0x24,0x54,0x86,0x7A,0x2A,0xFA,0x2A,0xA4,0xA4,0x2A,0x6A,0x00}},
	{0x655E, {0x24,0x74,0xAE,0x2A,0xFA,0x8A,0xFA,0xD4,0xD4,0xFA,0x8A,0x00}},
	{0x655D, {0x24,0x74,0xAE,0x2A,0xFA,0xAA,0xAA,0xF4,0xF4,0xAA,0xAA,0x00}},
	{0x6572, {0x24,0xF4,0x56,0x74,0x06,0xFA,0x8A,0xFC,0xDC,0xFA,0x8A,0x00}},
	{0x6578, {0x24,0x74,0xF6,0x2A,0x7A,0x7A,0x2A,0xF4,0x54,0x3A,0xCA,0x00}},
	{0x6582, {0x24,0x54,0x86,0x6A,0x0A,0xFA,0xAA,0xFC,0x54,0x54,0xAA,0x00}},
	{0x6583, {0x54,0xAE,0xFA,0xFC,0xAA,0x00,0xFE,0x68,0xAE,0x48,0x8E,0x00}},
	{0x8B8A, {0x5A,0x84,0x5A,0x84,0x5A,0xDE,0x42,0x7C,0xA8,0x10,0xEE,0x00}},
	{0x659B, {0x62,0xAA,0x26,0xF2,0xBA,0xF6,0xB2,0xF2,0x9E,0x92,0xB2,0x00}},
	{0x659F, {0x52,0xFA,0x56,0x72,0x5A,0x76,0x52,0xF2,0xDE,0x82,0xF2,0x00}},
	{0x65AB, {0x02,0xEC,0x48,0x48,0x4E,0x8A,0x6A,0x6A,0x6A,0x72,0x02,0x00}},
	{0x65B7, {0xAA,0xD2,0xAC,0xD4,0xFE,0x86,0xAE,0xD6,0xAA,0xD2,0xFA,0x00}},
	{0x65C3, {0x48,0x4E,0xF0,0x4E,0x4A,0x6A,0xAA,0xBE,0xAA,0x2A,0x6A,0x00}},
	{0x65C6, {0x48,0x4E,0xF4,0x44,0x5E,0x64,0xBE,0xB6,0xB6,0x24,0x64,0x00}},
	{0x65C1, {0x10,0xFE,0x28,0xFE,0x82,0x10,0xFE,0x20,0x3C,0x44,0x8C,0x00}},
	{0x65C4, {0x48,0x4E,0xF0,0x44,0x58,0x6E,0xB8,0xAE,0xB8,0x2A,0x6E,0x00}},
	{0x65CC, {0x48,0x4E,0xF0,0x44,0x54,0x7E,0xA4,0xAE,0xA4,0x24,0x7E,0x00}},
	{0x65D2, {0x48,0x4E,0xF0,0x44,0x5E,0x68,0xBE,0xA0,0xAA,0x2A,0x6A,0x00}},
	{0x65DB, {0x50,0x5E,0xE0,0x5C,0x5A,0x6E,0xBC,0xAA,0xBE,0x2A,0x7E,0x00}},
	{0x65D9, {0x5C,0x48,0xEA,0x5E,0x5C,0x6A,0xBE,0xAA,0xBE,0x2A,0x7E,0x00}},
	{0x65E0, {0x7C,0x10,0x10,0x10,0xFE,0x18,0x18,0x28,0x2A,0x4A,0x8E,0x00}},
	{0x65E1, {0x7C,0x10,0x90,0x90,0xFE,0x18,0x18,0x28,0x2A,0x4A,0x8E,0x00}},
	{0x65F1, {0x7C,0x44,0x7C,0x44,0x7C,0x00,0x7C,0x10,0xFE,0x10,0x10,0x00}},
	{0x6772, {0x7C,0x44,0x7C,0x44,0x7C,0x10,0xFE,0x38,0x54,0x92,0x10,0x00}},
	{0x660A, {0x7C,0x44,0x7C,0x44,0x7C,0x00,0xFE,0x10,0x7C,0x10,0xEE,0x00}},
	{0x6603, {0x7C,0x44,0x7C,0x44,0x7C,0x00,0x7E,0x48,0x48,0x54,0xA2,0x00}},
	{0x65FB, {0x7C,0x44,0x7C,0x44,0x7C,0x10,0xFE,0x44,0x28,0x38,0xC6,0x00}},
	{0x6773, {0x10,0xFE,0x10,0x38,0x54,0x92,0x7C,0x44,0x7C,0x44,0x7C,0x00}},
	{0x6635, {0x3E,0xE2,0xA2,0xBE,0xE0,0xAA,0xAC,0xA8,0xEA,0x2A,0x4E,0x00}},
	{0x6636, {0x6E,0x0A,0x6A,0x2E,0xFA,0x6A,0x6A,0x6E,0xB0,0x28,0x66,0x00}},
	{0x6634, {0x7C,0x44,0x7C,0x44,0x7C,0xCE,0xAA,0xAA,0xEA,0x28,0x48,0x00}},
	{0x661C, {0x7C,0x44,0x7C,0x44,0xFE,0x20,0x3E,0x56,0xAA,0x52,0x2C,0x00}},
	{0x664F, {0x7C,0x44,0x7C,0x44,0xFE,0x92,0x7C,0x24,0x68,0x18,0xE6,0x00}},
	{0x6644, {0x04,0xF6,0xB6,0xA4,0xE4,0xBE,0xAC,0xAC,0xEC,0x14,0x26,0x00}},
	{0x6649, {0xFE,0x24,0x48,0x6C,0xFE,0x00,0x7C,0x44,0x7C,0x44,0x7C,0x00}},
	{0x6641, {0x7C,0x44,0x7C,0x44,0x7C,0xAA,0x6C,0xAA,0x28,0x4A,0x8E,0x00}},
	{0x665E, {0x12,0xEC,0xB2,0xA8,0xFE,0xB4,0xA4,0xBE,0xF6,0x16,0x04,0x00}},
	{0x665D, {0x10,0x7C,0x14,0xFE,0x14,0xFE,0x7C,0x44,0x7C,0x44,0xFE,0x00}},
	{0x6664, {0x1E,0xE4,0xBE,0xAA,0xEA,0xBE,0xA0,0xBE,0xF2,0x12,0x1E,0x00}},
	{0x6667, {0x14,0xFE,0xB4,0xA4,0xFE,0xA4,0xA4,0xBE,0xF2,0x12,0x1E,0x00}},
	{0x6668, {0x7C,0x44,0x7C,0x44,0x7E,0x40,0x5C,0x40,0x7E,0x54,0x9A,0x00}},
	{0x665F, {0x7C,0x44,0x7C,0x44,0x7E,0x44,0x74,0x56,0x54,0x64,0x8A,0x00}},
	{0x6662, {0x44,0xD8,0x50,0x5E,0xD4,0x64,0x7C,0x44,0x7C,0x44,0x7C,0x00}},
	{0x6670, {0x0A,0xEC,0xBC,0xAC,0xEE,0xBE,0xBA,0xBA,0xEA,0x0A,0x0A,0x00}},
	{0x6683, {0x7C,0x44,0x7C,0x44,0x7C,0x28,0xEE,0x28,0xEE,0x28,0x48,0x00}},
	{0x6688, {0x7C,0x44,0x7C,0x44,0xFE,0x92,0x7C,0x54,0x7C,0xFE,0x10,0x00}},
	{0x668E, {0x14,0xFE,0xB4,0xA8,0xFE,0xAA,0xAA,0xBE,0xE8,0x14,0x22,0x00}},
	{0x6689, {0x1E,0xF2,0xA4,0xBE,0xE4,0xAE,0xAE,0xAE,0xE4,0x1E,0x04,0x00}},
	{0x6684, {0x04,0xFE,0xB6,0xA0,0xEE,0xAA,0xAE,0xAA,0xEE,0x00,0x1E,0x00}},
	{0x6698, {0x0E,0xEA,0xAE,0xAA,0xFE,0xA8,0xAE,0xAA,0xF6,0x0A,0x16,0x00}},
	{0x669D, {0x1E,0xF2,0xAE,0xAA,0xEE,0xAA,0xAE,0xA4,0xFE,0x00,0x12,0x00}},
	{0x66C1, {0x4E,0xE4,0xEE,0x84,0xEA,0x7C,0x44,0x7C,0x44,0x7C,0xFE,0x00}},
	{0x66B9, {0xBE,0x22,0x3E,0x94,0x1E,0x34,0xDE,0x54,0x5E,0x40,0xBE,0x00}},
	{0x66C9, {0x08,0xFC,0xA8,0xBE,0xF4,0xBE,0xA0,0xBE,0xF4,0x14,0x26,0x00}},
	{0x66BE, {0x14,0xFC,0xC6,0xFA,0xEA,0xFA,0xDA,0xF4,0xD4,0x1A,0x3A,0x00}},
	{0x66BC, {0x54,0xAE,0xFA,0xAA,0xFC,0xAA,0x7C,0x44,0x7C,0x44,0x7C,0x00}},
	{0x66C4, {0x14,0xFE,0xB4,0xBE,0xEC,0xBE,0xAC,0xBE,0xE8,0x1E,0x08,0x00}},
	{0x66B8, {0x08,0xFE,0xA8,0xAA,0xF4,0xBE,0xB4,0xBC,0xC8,0x2A,0x18,0x00}},
	{0x66D6, {0x3E,0xD4,0xBE,0xA2,0xF4,0xAE,0xA0,0xAC,0xF4,0x08,0x36,0x00}},
	{0x66DA, {0x14,0xFE,0xB4,0xBE,0xE2,0xBC,0xAA,0xB4,0xEC,0x16,0x0C,0x00}},
	{0x66E0, {0x04,0xFE,0xAC,0xBE,0xEC,0xBE,0xAC,0xAC,0xEC,0x20,0x52,0x00}},
	{0x663F, {0x04,0xFE,0xA0,0xA4,0xE4,0xA4,0xA8,0xA8,0xEA,0x2A,0x5E,0x00}},
	{0x66E6, {0x14,0xFE,0xA8,0xBE,0xE8,0xBE,0xB4,0xA6,0xF4,0x1C,0x32,0x00}},
	{0x66E9, {0x7C,0x44,0x7C,0x44,0xFE,0x6C,0xFE,0x28,0xFE,0x68,0xB6,0x00}},
	{0x66F0, {0x00,0xFE,0x82,0x82,0x82,0xFA,0x82,0x82,0x82,0x82,0xFE,0x00}},
	{0x66F5, {0x14,0xFC,0x94,0xFC,0x94,0x94,0xFC,0x14,0x08,0x1A,0xE6,0x00}},
	{0x66F7, {0x7C,0x44,0x7C,0x44,0x7C,0x20,0x7E,0xD2,0x6A,0x7A,0x06,0x00}},
	{0x670F, {0xE4,0xB6,0xB6,0xF6,0xBE,0xA4,0xE4,0xB6,0xB6,0xB6,0xBE,0x00}},
	{0x6716, {0xE4,0xBE,0xB2,0xFE,0xB2,0xBE,0xF4,0xB6,0xB4,0xB2,0xBA,0x00}},
	{0x671E, {0x28,0xFE,0x28,0x38,0x28,0xFE,0x44,0xBA,0x28,0x38,0x48,0x00}},
	{0x6726, {0xF4,0xBE,0xB4,0xFE,0xA2,0xBC,0xEA,0xB4,0xAC,0xB6,0xAC,0x00}},
	{0x6727, {0xD4,0xBE,0xAC,0xEE,0xBA,0xAE,0xFC,0xAE,0xBC,0xAC,0xAE,0x00}},
	{0x9738, {0x7C,0x10,0xFE,0xB6,0x00,0xAE,0xEA,0xAE,0x4A,0xEE,0x52,0x00}},
	{0x672E, {0x14,0x10,0xFE,0x10,0x54,0x54,0x54,0x54,0x54,0x96,0x10,0x00}},
	{0x673F, {0x10,0xFE,0x10,0x7C,0x54,0x54,0x10,0x38,0x54,0x92,0x10,0x00}},
	{0x6736, {0x78,0x28,0x2E,0x42,0x86,0x10,0xFE,0x38,0x54,0x92,0x10,0x00}},
	{0x6741, {0x58,0x48,0xC8,0x48,0x48,0xC8,0xC8,0xD4,0x54,0x54,0x62,0x00}},
	{0x6738, {0x48,0x48,0xFE,0x4A,0x4A,0xCA,0xEA,0xCA,0x4A,0x52,0x56,0x00}},
	{0x6737, {0x5E,0x4A,0xEA,0x4A,0x4A,0xCA,0xEA,0xCA,0x4A,0x52,0x56,0x00}},
	{0x6746, {0x5C,0x48,0xC8,0x48,0x7E,0xC8,0xC8,0xC8,0x48,0x48,0x48,0x00}},
	{0x675E, {0x5E,0x42,0xE2,0x42,0x5E,0xD0,0xF0,0xD0,0x52,0x52,0x5E,0x00}},
	{0x6760, {0x40,0x5E,0xE4,0x44,0x44,0xC4,0xE4,0xC4,0x44,0x44,0x5E,0x00}},
	{0x6759, {0x4A,0x48,0xCE,0x78,0x48,0xC8,0xC8,0xC4,0x44,0x44,0x42,0x00}},
	{0x6763, {0x48,0x48,0xC8,0x6A,0x6A,0xEA,0xEA,0xEA,0x6A,0x6A,0x7E,0x00}},
	{0x6764, {0x5E,0x48,0xE8,0x48,0x4E,0xCA,0xEA,0xCA,0x4A,0x52,0x56,0x00}},
	{0x6789, {0x5E,0x44,0xE4,0x44,0x44,0xCE,0xE4,0xC4,0x44,0x44,0x5E,0x00}},
	{0x6770, {0x10,0xFE,0x10,0x38,0x38,0x54,0x92,0x10,0x00,0x54,0xAA,0x00}},
	{0x67A9, {0x10,0xFE,0x38,0x54,0x92,0x00,0x28,0x44,0x92,0x28,0x74,0x00}},
	{0x677C, {0x5C,0x44,0xD4,0x48,0x7E,0xCA,0xC8,0xC8,0x48,0x48,0x58,0x00}},
	{0x676A, {0x48,0x48,0xDC,0x5A,0x6A,0xC8,0xDA,0xC2,0x44,0x48,0x70,0x00}},
	{0x678C, {0x54,0x54,0xD4,0x62,0x40,0xDE,0xCA,0xCA,0x52,0x52,0x66,0x00}},
	{0x678B, {0x44,0x44,0xFE,0x48,0x48,0xCE,0xEA,0xCA,0x4A,0x52,0x56,0x00}},
	{0x67A6, {0x5E,0x40,0xDE,0x52,0x52,0xD2,0xDE,0xD0,0x50,0x50,0x60,0x00}},
	{0x67A1, {0x4C,0x74,0xD4,0x54,0x7E,0xD4,0xD4,0xD4,0x54,0x54,0x64,0x00}},
	{0x6785, {0x7E,0x54,0xD4,0x54,0x54,0xFE,0xD4,0xD4,0x54,0x54,0x64,0x00}},
	{0x67B7, {0x50,0x5E,0xFA,0x5A,0x5A,0xDA,0xDA,0xEA,0x6A,0x4E,0x58,0x00}},
	{0x67EF, {0x5E,0x42,0xDE,0x56,0x56,0xD6,0xD6,0xDE,0x42,0x42,0x46,0x00}},
	{0x67B4, {0x5E,0x52,0xD2,0x5E,0x40,0xDE,0xCA,0xCA,0x4A,0x52,0x56,0x00}},
	{0x67EC, {0x10,0xFE,0x10,0xFE,0xD6,0xBA,0xFE,0x10,0x38,0x54,0x92,0x00}},
	{0x67B3, {0x5E,0x52,0xD2,0x52,0x52,0xDE,0xC0,0xD4,0x54,0x52,0x62,0x00}},
	{0x67E9, {0x5E,0x54,0xD6,0x5A,0x52,0xD4,0xD4,0xD4,0x5A,0x50,0x5E,0x00}},
	{0x67B8, {0x50,0x5E,0xE2,0x5E,0x56,0xD6,0xD6,0xDE,0x42,0x42,0x4C,0x00}},
	{0x67E4, {0x5C,0x54,0xD4,0x5C,0x54,0xD4,0xDC,0xD4,0x54,0x54,0x7E,0x00}},
	{0x67DE, {0x50,0x5E,0xE8,0x48,0x4E,0xC8,0xC8,0xCE,0x48,0x48,0x48,0x00}},
	{0x67DD, {0x44,0x58,0xD0,0x50,0x5E,0xD4,0xDC,0xD4,0x56,0x64,0x44,0x00}},
	{0x67E2, {0x42,0x5C,0xD4,0x54,0x5E,0xD4,0xD4,0xD4,0x5A,0x42,0x5A,0x00}},
	{0x67EE, {0x48,0x6A,0xEA,0x6A,0x7E,0xC8,0xC8,0xEA,0x6A,0x6A,0x7E,0x00}},
	{0x67B9, {0x50,0x5E,0xE2,0x5E,0x54,0xD4,0xDC,0xD0,0x52,0x52,0x5E,0x00}},
	{0x67CE, {0x4A,0x4A,0xD6,0x52,0x72,0xDA,0xD2,0xD2,0x52,0x52,0x56,0x00}},
	{0x67C6, {0x48,0x48,0xFE,0x44,0x54,0xD4,0xD4,0xD4,0x48,0x48,0x7E,0x00}},
	{0x67E7, {0x42,0x5C,0xD4,0x54,0x54,0xD4,0xD4,0xD4,0x54,0x5A,0x62,0x00}},
	{0x6A9C, {0x48,0x54,0xFE,0x40,0x7E,0xEA,0xFE,0xD4,0x5C,0x54,0x5C,0x00}},
	{0x681E, {0xEE,0x44,0xEE,0x44,0xEE,0x10,0xFE,0x38,0x54,0x92,0x10,0x00}},
	{0x6846, {0x5E,0x50,0xDE,0x54,0x54,0xDE,0xD4,0xD4,0x5E,0x50,0x5E,0x00}},
	{0x6829, {0x7E,0x4A,0xCA,0x5E,0x6A,0xCA,0xDE,0xEA,0x4A,0x4A,0x5A,0x00}},
	{0x6840, {0x44,0x7E,0xD4,0x3E,0x44,0x90,0xFE,0x38,0x54,0x92,0x10,0x00}},
	{0x684D, {0x48,0x7E,0xD4,0x62,0x5C,0xC0,0xFE,0xD0,0x5E,0x42,0x46,0x00}},
	{0x6832, {0x4A,0x5C,0xC8,0x7E,0x48,0xDE,0xF0,0xDE,0x42,0x42,0x4C,0x00}},
	{0x684E, {0x7E,0x48,0xD0,0x54,0x7A,0xC8,0xC8,0xDC,0x48,0x48,0x7E,0x00}},
	{0x68B3, {0x48,0x7E,0xC8,0x52,0x7E,0xC0,0xDA,0xDA,0x5A,0x5A,0x6A,0x00}},
	{0x682B, {0x48,0x7E,0xC8,0x56,0x52,0xF4,0xDE,0xD2,0x52,0x52,0x56,0x00}},
	{0x6859, {0x48,0x52,0xFE,0x44,0x54,0xDE,0xE4,0xC4,0x7E,0x44,0x44,0x00}},
	{0x6863, {0x48,0x6A,0xEA,0x48,0x5E,0xC2,0xC2,0xCE,0x42,0x42,0x5E,0x00}},
	{0x6877, {0x4C,0x54,0xC4,0x5E,0x56,0xDE,0xD6,0xDE,0x52,0x52,0x66,0x00}},
	{0x687F, {0x5E,0x52,0xDE,0x52,0x5E,0xC0,0xDE,0xC4,0x7E,0x44,0x44,0x00}},
	{0x689F, {0x10,0x7C,0x44,0x7C,0x40,0x7E,0x12,0xFE,0x38,0x54,0x92,0x00}},
	{0x688F, {0x54,0x5E,0xD4,0x64,0x7E,0xC4,0xC4,0xDE,0x52,0x52,0x5E,0x00}},
	{0x68AD, {0x48,0x52,0xFE,0x54,0x66,0xD0,0xDC,0xF4,0x48,0x54,0x62,0x00}},
	{0x6894, {0x42,0x5C,0xD0,0x5E,0x50,0xDE,0xDA,0xDE,0x58,0x6A,0x4E,0x00}},
	{0x689D, {0x28,0x2E,0x5A,0x64,0xFA,0x64,0x7E,0x64,0x6C,0x56,0x44,0x00}},
	{0x689B, {0x7E,0x56,0xD6,0x7C,0x56,0xD6,0xFE,0xD6,0x54,0x54,0x6C,0x00}},
	{0x6883, {0x72,0x5C,0xD4,0x64,0x7E,0xD4,0xD4,0xF4,0x5E,0x50,0x6E,0x00}},
	{0x6AAE, {0x48,0x7E,0xC8,0x7E,0x42,0xDC,0xC8,0xFE,0x74,0x74,0x4C,0x00}},
	{0x68B9, {0x44,0x58,0xD0,0x5E,0x54,0xD4,0xFE,0xC0,0x54,0x54,0x62,0x00}},
	{0x6874, {0x5C,0x40,0xD4,0x6A,0x40,0xDC,0xC4,0xFE,0x48,0x48,0x58,0x00}},
	{0x68B5, {0x24,0xFE,0x6C,0xB6,0x24,0x7C,0x44,0x64,0x54,0x44,0x86,0x00}},
	{0x68A0, {0x5E,0x52,0xD2,0x5E,0x48,0xC8,0xDE,0xD2,0x52,0x52,0x5E,0x00}},
	{0x68BA, {0x24,0xFE,0x6C,0xB6,0x24,0xFE,0x10,0x18,0x14,0x10,0x10,0x00}},
	{0x690F, {0x7E,0x54,0xD4,0x76,0x62,0xE2,0xF6,0xD4,0x54,0x54,0x7E,0x00}},
	{0x688D, {0x48,0x5C,0xD4,0x5C,0x54,0xDC,0xC8,0xCE,0x78,0x4A,0x4E,0x00}},
	{0x687E, {0x5E,0x4A,0xCA,0x7E,0x4A,0xFE,0xD0,0xDE,0x72,0x52,0x5E,0x00}},
	{0x6901, {0x48,0x7E,0xDC,0x54,0x5C,0xC0,0xDC,0xC4,0x7E,0x48,0x58,0x00}},
	{0x68CA, {0x28,0xFE,0x28,0x38,0x28,0xFE,0x44,0x92,0x7C,0x38,0xD6,0x00}},
	{0x6908, {0x50,0x5E,0xE2,0x4A,0x6E,0xCA,0xFE,0xCA,0x5E,0x6A,0x46,0x00}},
	{0x68D8, {0x24,0xFE,0x24,0xFE,0xB6,0xB6,0x24,0x6C,0xB6,0x24,0x24,0x00}},
	{0x6922, {0x7E,0x62,0xFE,0x6A,0x6A,0xFE,0xEA,0xEA,0x7E,0x62,0x7E,0x00}},
	{0x6926, {0x48,0x5C,0xEA,0x48,0x7E,0xD4,0xE2,0xC8,0x7E,0x52,0x66,0x00}},
	{0x68E1, {0x7E,0x62,0xF6,0x6A,0x7E,0xEA,0xEA,0xFE,0x7E,0x62,0x62,0x00}},
	{0x690C, {0x48,0x7E,0xE2,0x54,0x66,0xC0,0xDC,0xC8,0x48,0x48,0x7E,0x00}},
	{0x68CD, {0x7E,0x62,0xFE,0x62,0x7E,0xE4,0xE4,0xF6,0x64,0x64,0x76,0x00}},
	{0x68D4, {0x42,0x5C,0xD4,0x5E,0x54,0xF2,0xDE,0xD2,0x5E,0x52,0x5E,0x00}},
	{0x68E7, {0x4A,0x7C,0xCA,0x44,0x5A,0xC0,0xCA,0xFC,0x4A,0x44,0x5A,0x00}},
	{0x68D5, {0x48,0x7E,0xE2,0x5C,0x40,0xFE,0xC8,0xEA,0x6A,0x48,0x58,0x00}},
	{0x6936, {0x76,0x6A,0xF6,0x62,0x7E,0xD4,0xE6,0xCC,0x54,0x48,0x76,0x00}},
	{0x6912, {0x56,0x52,0xDA,0x52,0x7C,0xD4,0xD4,0xF4,0x5A,0x5A,0x7A,0x00}},
	{0x6904, {0x48,0x7E,0xD4,0x54,0x7E,0xC8,0xFE,0xD4,0x58,0x4C,0x72,0x00}},
	{0x68D7, {0x10,0xFE,0x7C,0x54,0x38,0x54,0xFE,0x7C,0x54,0x38,0xD6,0x00}},
	{0x68E3, {0x48,0x5E,0xCA,0x7E,0x4A,0xDE,0xC8,0xEA,0x5C,0x6A,0x58,0x00}},
	{0x6925, {0x60,0x66,0xFE,0x56,0x56,0xFE,0xD6,0xD6,0x56,0x6E,0x48,0x00}},
	{0x68F9, {0x48,0x4E,0xC8,0x5C,0x54,0xDC,0xD4,0xDC,0x48,0x7E,0x48,0x00}},
	{0x68E0, {0x54,0x10,0xFE,0xAA,0x38,0x10,0xFE,0x38,0x54,0x92,0x10,0x00}},
	{0x68EF, {0x48,0x54,0xE2,0x5C,0x40,0xFE,0xC4,0xC0,0x54,0x72,0x6E,0x00}},
	{0x6928, {0x44,0x7E,0xE0,0x6A,0x6E,0xF2,0xD2,0xDA,0x52,0x52,0x56,0x00}},
	{0x692A, {0x54,0x7E,0xD4,0x54,0x76,0xF6,0xF6,0xD4,0x54,0x54,0x7E,0x00}},
	{0x691A, {0x76,0x76,0xF6,0x76,0x76,0xE2,0xE2,0xE2,0x62,0x62,0x66,0x00}},
	{0x6923, {0x54,0x54,0xFE,0x76,0x7E,0xF6,0xF6,0xFE,0x40,0x54,0x62,0x00}},
	{0x6921, {0x7A,0x52,0xE6,0x7E,0x56,0xD6,0xFA,0xD2,0x5A,0x72,0x46,0x00}},
	{0x68C6, {0x48,0x54,0xE2,0x5C,0x40,0xFE,0xEA,0xFE,0x6A,0x6A,0x6A,0x00}},
	{0x6979, {0x7C,0x54,0xD6,0x5A,0x6A,0xD2,0xEA,0xC0,0x5C,0x5C,0x7E,0x00}},
	{0x6977, {0x64,0x76,0xE4,0x64,0x76,0xC8,0xDE,0xD2,0x5E,0x52,0x5E,0x00}},
	{0x695C, {0x56,0x56,0xFE,0x56,0x56,0xFE,0xEE,0xEE,0x6E,0x7A,0x4A,0x00}},
	{0x6978, {0x54,0x74,0xD4,0x5E,0x7C,0xD4,0xD4,0xF4,0x74,0x5A,0x5A,0x00}},
	{0x696B, {0x5C,0x54,0xDC,0x40,0x7E,0xD4,0xDC,0xD4,0x5E,0x74,0x44,0x00}},
	{0x6954, {0x56,0x7E,0xD6,0x7E,0x56,0xCA,0xC8,0xFE,0x48,0x54,0x62,0x00}},
	{0x697E, {0x48,0x5C,0xD4,0x5C,0x54,0xDC,0xC8,0xFA,0x5C,0x6A,0x58,0x00}},
	{0x696E, {0x48,0x4A,0xDC,0x48,0x7E,0xD8,0xFE,0xD2,0x5E,0x52,0x5E,0x00}},
	{0x6939, {0x54,0x7E,0xD4,0x5C,0x54,0xDC,0xD4,0xFE,0x76,0x60,0x7E,0x00}},
	{0x6974, {0x48,0x7E,0xD4,0x54,0x7E,0xEA,0xC8,0xFE,0x6A,0x6A,0x48,0x00}},
	{0x693D, {0x50,0x5C,0xD4,0x58,0x7E,0xD8,0xD6,0xEC,0x54,0x66,0x58,0x00}},
	{0x6959, {0x7C,0x4C,0xD6,0x54,0x7C,0xDE,0xD6,0xF6,0x54,0x54,0x74,0x00}},
	{0x6930, {0x7E,0x56,0xDE,0x54,0x56,0xDE,0xD6,0xD6,0x7C,0x44,0x44,0x00}},
	{0x6961, {0x78,0x54,0xE2,0x5C,0x40,0xFA,0xEA,0xFC,0x6C,0x7A,0x6A,0x00}},
	{0x695E, {0x7E,0x6A,0xEA,0x7E,0x48,0xFE,0xD0,0xDE,0x52,0x52,0x66,0x00}},
	{0x695D, {0x48,0x7E,0xC8,0x7E,0x7E,0xEA,0xFE,0xC8,0x5C,0x6A,0x48,0x00}},
	{0x6981, {0x48,0x7E,0xE2,0x5C,0x48,0xD4,0xFA,0xC8,0x5C,0x48,0x7E,0x00}},
	{0x696A, {0x6A,0x7E,0xEA,0x6E,0x60,0xFE,0xC8,0xFE,0x5C,0x6A,0x48,0x00}},
	{0x69B2, {0x7E,0x6A,0xEA,0x76,0x62,0xFE,0xC0,0xDC,0x5C,0x5C,0x7E,0x00}},
	{0x69AE, {0x44,0xEE,0x44,0xAA,0xFE,0x82,0x10,0xFE,0x38,0x54,0x92,0x00}},
	{0x69D0, {0x48,0x7E,0xEA,0x7E,0x6A,0xFE,0xD8,0xDC,0x5E,0x68,0x4E,0x00}},
	{0x69BF, {0x6A,0x7E,0xC0,0x7E,0x40,0xFE,0xE2,0xFE,0x54,0x54,0x7E,0x00}},
	{0x69C1, {0x48,0x7E,0xD4,0x5C,0x40,0xFE,0xE2,0xFE,0x76,0x7E,0x62,0x00}},
	{0x69D3, {0x5C,0x48,0xFE,0x54,0x5C,0xD4,0xDC,0xD4,0x5C,0x40,0x62,0x00}},
	{0x69BE, {0x5C,0x54,0xDC,0x54,0x7E,0xE2,0xDC,0xD4,0x5C,0x54,0x54,0x00}},
	{0x69CE, {0x54,0x7E,0xC8,0x5C,0x48,0xFE,0xD0,0xDE,0x54,0x64,0x5E,0x00}},
	{0x5BE8, {0x10,0xFE,0xAA,0x7C,0x28,0xFE,0x44,0x92,0x7C,0x38,0xD6,0x00}},
	{0x69CA, {0x5E,0xFA,0x2E,0xAA,0xFE,0x4A,0x10,0xFE,0x38,0x54,0x92,0x00}},
	{0x69DD, {0x48,0x5E,0xD2,0x5E,0x52,0xDE,0xD0,0xDE,0x6A,0x7E,0x42,0x00}},
	{0x69BB, {0x5C,0x54,0xDC,0x54,0x7E,0xCA,0xDE,0xEA,0x5E,0x6A,0x4A,0x00}},
	{0x69C3, {0x4E,0xEA,0xA0,0xEE,0xA4,0xAA,0x10,0xFE,0x38,0x54,0x92,0x00}},
	{0x69A7, {0x7E,0x54,0xF6,0x54,0x76,0xD4,0xF6,0xD4,0x64,0x40,0x7E,0x00}},
	{0x6A2E, {0x7E,0x54,0xFE,0x76,0x7E,0xC0,0xEA,0xEC,0x48,0x54,0x62,0x00}},
	{0x6991, {0x4A,0x7E,0xC8,0x7E,0x6A,0xFE,0xEA,0xC4,0x7E,0x54,0x4C,0x00}},
	{0x69A0, {0x7E,0x62,0xDC,0x54,0x5C,0xD4,0xDC,0xC8,0x7E,0x40,0x62,0x00}},
	{0x699C, {0x48,0x7E,0xD4,0x7E,0x62,0xC8,0xFE,0xD0,0x5E,0x52,0x66,0x00}},
	{0x6995, {0x48,0x7E,0xE2,0x54,0x62,0xC8,0xD4,0xE2,0x5C,0x54,0x5C,0x00}},
	{0x69B4, {0x56,0x66,0xE6,0x6A,0x76,0xC0,0xFE,0xEA,0x7E,0x6A,0x7E,0x00}},
	{0x69DE, {0x48,0x7E,0xD4,0x54,0x7E,0xEA,0xFE,0xEA,0x7E,0x48,0x4E,0x00}},
	{0x69E8, {0x56,0x7E,0xC6,0x7C,0x6E,0xFE,0xD6,0xDE,0x74,0x54,0x74,0x00}},
	{0x6A02, {0x52,0x7A,0xAC,0x7A,0xAC,0xFE,0x10,0xFE,0x38,0x54,0x92,0x00}},
	{0x6A1B, {0x76,0x52,0xF6,0x52,0x48,0xD4,0xEA,0xC4,0x4A,0x44,0x58,0x00}},
	{0x69FF, {0x54,0x7E,0xD4,0x7E,0x6A,0xFE,0xDC,0xC8,0x5C,0x48,0x7E,0x00}},
	{0x6B0A, {0x54,0x7E,0xD4,0x76,0x76,0xD4,0xDE,0xF4,0x5E,0x54,0x5E,0x00}},
	{0x69F9, {0x48,0x5C,0xD4,0x5C,0x54,0xDC,0xC8,0xEA,0x48,0x7E,0x48,0x00}},
	{0x69F2, {0x5A,0x6A,0xCE,0x5A,0x5E,0xDA,0xDA,0xDA,0x5E,0x6A,0x6A,0x00}},
	{0x69E7, {0x22,0xFC,0x68,0x6E,0xFA,0x22,0x10,0xFE,0x38,0x54,0x92,0x00}},
	{0x6A05, {0x54,0x54,0xEA,0x40,0x54,0xD4,0xF6,0xD4,0x54,0x5C,0x56,0x00}},
	{0x69B1, {0x48,0x7E,0xD4,0x7E,0x54,0xDC,0xC8,0xDA,0x74,0x54,0x5A,0x00}},
	{0x6A1E, {0x7E,0x60,0xEE,0x6A,0x6E,0xE0,0xF6,0xF6,0x76,0x60,0x7E,0x00}},
	{0x69ED, {0x46,0x44,0xFE,0x54,0x5C,0xD4,0xFE,0xD4,0x7C,0x54,0x52,0x00}},
	{0x6A14, {0x54,0x68,0xD4,0x7E,0x6A,0xFE,0xC8,0xFE,0x5C,0x6A,0x48,0x00}},
	{0x69EB, {0x48,0x7E,0xDC,0x5C,0x5C,0xFA,0xC4,0xFE,0x44,0x54,0x4C,0x00}},
	{0x6A0A, {0x44,0xEE,0x54,0xEE,0x54,0x6C,0x10,0xFE,0x10,0x28,0xC6,0x00}},
	{0x6A12, {0x48,0x7E,0xEA,0x50,0x74,0xDA,0xF6,0xC8,0x6A,0x6A,0x7E,0x00}},
	{0x6AC1, {0x48,0x7E,0xEA,0x50,0x4A,0xF6,0xDC,0xD4,0x5C,0x4A,0x7E,0x00}},
	{0x6A23, {0x54,0x7E,0xC8,0x7E,0x40,0xD8,0xCA,0xFC,0x5C,0x6A,0x58,0x00}},
	{0x6A13, {0x48,0x5C,0xFE,0x48,0x5C,0xDC,0xC8,0xFE,0x54,0x4C,0x72,0x00}},
	{0x6A44, {0x78,0x54,0xFE,0x6A,0x7A,0xEA,0xFA,0xEC,0x7C,0x4A,0x4A,0x00}},
	{0x6A0C, {0x5C,0x6A,0xFE,0x6A,0x5C,0xD4,0xDC,0xD4,0x5C,0x40,0x62,0x00}},
	{0x6A72, {0x48,0x5E,0xC8,0x5E,0x52,0xDE,0xD4,0xFE,0x5E,0x52,0x5E,0x00}},
	{0x6A36, {0x5C,0x54,0xDC,0x54,0x7E,0xD8,0xDE,0xDA,0x5A,0x7C,0x4A,0x00}},
	{0x6A78, {0x5C,0x54,0xDC,0x54,0x5C,0xC0,0xFE,0xDA,0x7E,0x5A,0x7E,0x00}},
	{0x6A47, {0x44,0x58,0xCC,0x7A,0x4E,0xC0,0xD2,0xE4,0x7E,0x64,0x76,0x00}},
	{0x6A62, {0x74,0x5E,0xD4,0x6E,0x58,0xDE,0xDA,0xDE,0x6A,0x4E,0x4A,0x00}},
	{0x6A59, {0x7A,0x54,0xE2,0x5C,0x40,0xFE,0xE2,0xFE,0x54,0x54,0x7E,0x00}},
	{0x6A66, {0x48,0x7E,0xD4,0x54,0x7E,0xDC,0xDC,0xC8,0x5C,0x48,0x7E,0x00}},
	{0x6A48, {0x48,0x5C,0xC8,0x7E,0x54,0xFE,0xC0,0xFE,0x54,0x54,0x66,0x00}},
	{0x6A38, {0x6A,0x48,0xFE,0x54,0x7E,0xC8,0xDC,0xC8,0x7E,0x54,0x62,0x00}},
	{0x6A22, {0x48,0x5E,0xD2,0x5E,0x52,0xDE,0xD0,0xDE,0x42,0x6A,0x46,0x00}},
	{0x6A90, {0x4C,0x54,0xFE,0x5A,0x50,0xD6,0xD0,0xD6,0x50,0x6E,0x4E,0x00}},
	{0x6A8D, {0x48,0x7E,0xD4,0x7E,0x52,0xDE,0xD2,0xDE,0x54,0x72,0x6E,0x00}},
	{0x6AA0, {0x54,0xF6,0x7A,0x8A,0x6C,0x7A,0x10,0xFE,0x38,0x54,0x92,0x00}},
	{0x6A84, {0x54,0x7C,0xEE,0x7A,0x6A,0xDA,0xFA,0xDC,0x5C,0x6A,0x5A,0x00}},
	{0x6AA2, {0x48,0x54,0xE2,0x5C,0x40,0xFE,0xEA,0xFE,0x54,0x54,0x6A,0x00}},
	{0x6AA3, {0x48,0x7E,0xD4,0x54,0x6A,0xFE,0xC0,0xFE,0x76,0x7E,0x7E,0x00}},
	{0x6A97, {0x64,0x6E,0x4A,0xE4,0x6E,0x64,0x10,0xFE,0x38,0x54,0x92,0x00}},
	{0x8617, {0x28,0xFE,0x64,0x6E,0x4A,0xE4,0x6E,0x64,0xFE,0x38,0xD6,0x00}},
	{0x6ABB, {0x74,0x66,0xF0,0x70,0x66,0xF0,0xC0,0xDC,0x5C,0x5C,0x7E,0x00}},
	{0x6AC3, {0x7E,0x48,0xFE,0x6A,0x7E,0xD4,0xDC,0xD4,0x5C,0x62,0x7E,0x00}},
	{0x6AC2, {0x76,0x52,0xF6,0x52,0x40,0xD4,0xDE,0xF4,0x5E,0x54,0x5E,0x00}},
	{0x6AB8, {0x48,0x7E,0xE2,0x54,0x6E,0xC0,0xFE,0xEA,0x7E,0x48,0x58,0x00}},
	{0x6AB3, {0x48,0x7E,0xE2,0x5C,0x6A,0xCC,0xF4,0xDC,0x54,0x5C,0x62,0x00}},
	{0x6AAC, {0x54,0x7E,0xD4,0x7E,0x62,0xDC,0xDA,0xEC,0x54,0x66,0x58,0x00}},
	{0x6ADE, {0x54,0x56,0xE6,0x72,0x5E,0xE4,0xF6,0xDA,0x76,0x5A,0x56,0x00}},
	{0x6AD1, {0x5C,0x5C,0xDC,0x5C,0x5C,0xC0,0xF6,0xF6,0x76,0x76,0x76,0x00}},
	{0x6ADF, {0x5A,0x6C,0xDA,0x6C,0x76,0xC8,0xFE,0xC8,0x5C,0x6A,0x48,0x00}},
	{0x6AAA, {0x48,0x5C,0xF6,0x5C,0x76,0xDC,0xC8,0xFE,0x48,0x5C,0x6A,0x00}},
	{0x6ADA, {0x76,0x76,0xF6,0x62,0x7E,0xF6,0xEA,0xFE,0x76,0x7E,0x62,0x00}},
	{0x6AEA, {0x7E,0x60,0xEA,0x74,0x7E,0xF4,0xE0,0xE4,0x56,0x54,0x7E,0x00}},
	{0x6AFB, {0x76,0x76,0xF6,0x40,0x6A,0xD0,0xFE,0xD4,0x58,0x4C,0x72,0x00}},
	{0x6B05, {0x56,0x6A,0xFE,0x6A,0x7E,0xE2,0xDC,0xC8,0x7E,0x48,0x58,0x00}},
	{0x8616, {0x28,0xFE,0x44,0xAE,0xEA,0x84,0xEE,0xA4,0xFE,0x38,0xD6,0x00}},
	{0x6AFA, {0x5C,0x48,0xFE,0x6A,0x54,0xC0,0xFE,0xEA,0x6A,0x6A,0x7E,0x00}},
	{0x6B12, {0x5A,0x84,0x5A,0x84,0xDE,0x5A,0x10,0xFE,0x38,0x54,0x92,0x00}},
	{0x6B16, {0x74,0x66,0xF0,0x66,0x7E,0xD4,0xDC,0xD4,0x5C,0x54,0x66,0x00}},
	{0x9B31, {0x54,0xEE,0x54,0xFE,0xA2,0xD4,0xF2,0x84,0xE0,0x92,0xF4,0x00}},
	{0x6B1F, {0x6E,0x7E,0xEE,0x6E,0x46,0xD6,0xFE,0xF6,0x7C,0x74,0x7A,0x00}},
	{0x6B38, {0x44,0x96,0xFA,0x46,0x74,0xA4,0x24,0xF4,0x2A,0x5A,0x8A,0x00}},
	{0x6B37, {0x94,0x66,0x9A,0x26,0xF4,0x44,0xA4,0xF4,0xAA,0xAA,0x2A,0x00}},
	{0x76DC, {0x90,0x1E,0xAA,0x08,0x94,0xA2,0x00,0x7C,0x54,0x54,0xFE,0x00}},
	{0x6B39, {0x24,0xF6,0x2A,0x56,0x84,0xF4,0x14,0xF4,0xBA,0xFA,0x12,0x00}},
	{0x98EE, {0x48,0xAE,0x0A,0xF6,0xA4,0xE4,0x84,0xE4,0x84,0xEA,0x92,0x00}},
	{0x6B47, {0xF4,0x96,0xFA,0x96,0xF4,0x44,0x74,0xD4,0xBA,0xDA,0x3A,0x00}},
	{0x6B43, {0x14,0x66,0x2A,0xF6,0x24,0x74,0xB4,0xF4,0xBA,0xBA,0xF2,0x00}},
	{0x6B49, {0x54,0xF6,0x3A,0xF6,0x34,0xF4,0x34,0xF4,0x7A,0xAA,0x2A,0x00}},
	{0x6B50, {0xF4,0x86,0xBA,0xB6,0x84,0xD4,0xD4,0xD4,0x8A,0xFA,0x0A,0x00}},
	{0x6B59, {0x24,0x56,0xFA,0x76,0x04,0xF4,0x54,0xF4,0x5A,0xFA,0x52,0x00}},
	{0x6B54, {0x24,0x36,0x2A,0xF6,0xA4,0xB4,0x84,0x54,0xDA,0x5A,0xEA,0x00}},
	{0x6B5B, {0x24,0x56,0x8A,0x76,0x04,0xFC,0xAC,0xFC,0x54,0x5A,0xAA,0x00}},
	{0x6B5F, {0x54,0x96,0xBA,0xF6,0xB4,0xF4,0xB4,0xF4,0x04,0x5A,0x92,0x00}},
	{0x6B61, {0x54,0xF6,0x5A,0xD6,0xD4,0x64,0x74,0xE4,0x74,0x6A,0x7A,0x00}},
	{0x6B78, {0x4E,0xE2,0xEE,0x82,0xFE,0xF6,0x44,0xDE,0xF6,0xD6,0xE4,0x00}},
	{0x6B79, {0xFE,0x20,0x20,0x3C,0x44,0xA4,0x18,0x08,0x10,0x20,0xC0,0x00}},
	{0x6B7F, {0xE8,0x4E,0x52,0x64,0xAE,0xA2,0x6A,0x24,0x24,0x4A,0x92,0x00}},
	{0x6B80, {0xE2,0x4C,0x44,0x64,0xBE,0xA4,0x64,0x24,0x2A,0x4A,0x92,0x00}},
	{0x6B84, {0xE4,0x4A,0x50,0x64,0xA8,0xA2,0x64,0x28,0x22,0x44,0x98,0x00}},
	{0x6B83, {0xE4,0x4E,0x4A,0x6A,0xAA,0xBE,0x64,0x24,0x24,0x4A,0x92,0x00}},
	{0x6B8D, {0xEC,0x40,0x54,0x6A,0xA0,0xAC,0x64,0x3E,0x28,0x48,0x98,0x00}},
	{0x6B98, {0xEA,0x5C,0x4A,0x64,0xAA,0xA0,0x6A,0x3C,0x2A,0x44,0x9A,0x00}},
	{0x6B95, {0xE4,0x5E,0x4A,0x6A,0xBE,0xA0,0x6E,0x2A,0x2A,0x4A,0x8E,0x00}},
	{0x6B9E, {0xFE,0x52,0x5E,0x60,0xBE,0xB2,0x7E,0x32,0x3E,0x40,0x92,0x00}},
	{0x6BA4, {0xE8,0x4E,0x5A,0x6E,0xAA,0xBE,0x68,0x2E,0x36,0x4A,0x96,0x00}},
	{0x6BAA, {0xE4,0x5E,0x44,0x7E,0xB2,0xAC,0x60,0x2E,0x2A,0x44,0x9E,0x00}},
	{0x6BAB, {0xF6,0x76,0x40,0x7E,0xAA,0xBE,0x6A,0x3E,0x28,0x7E,0x88,0x00}},
	{0x6BAF, {0xE8,0x5E,0x52,0x6C,0xAA,0xB4,0x6C,0x2C,0x2C,0x40,0x92,0x00}},
	{0x6BB2, {0xD4,0x56,0x6C,0x44,0xBE,0xB4,0x7C,0x36,0x3C,0x54,0xBA,0x00}},
	{0x6BB1, {0xD6,0x7C,0x54,0x7E,0xB4,0xBC,0x76,0x3C,0x34,0x5C,0xB2,0x00}},
	{0x6BB3, {0x7C,0x44,0x44,0x46,0xBC,0x04,0x28,0x28,0x10,0x28,0xC6,0x00}},
	{0x6BB7, {0x2E,0xCA,0xAA,0xE0,0xAE,0xE2,0x8A,0xE4,0xA4,0x2A,0x72,0x00}},
	{0x6BBC, {0x2E,0xFA,0x2A,0xF0,0x8E,0x7A,0x0A,0x74,0x54,0x5A,0x8A,0x00}},
	{0x6BC6, {0xEE,0x8A,0xBA,0xB0,0x8E,0xDA,0xDA,0xD4,0x84,0xFA,0x0A,0x00}},
	{0x6BCB, {0x7C,0x54,0x54,0x54,0xFE,0x54,0x94,0x94,0xFE,0x04,0x18,0x00}},
	{0x6BD3, {0x44,0x7E,0x88,0x72,0x5E,0xF0,0x5A,0x9A,0xFA,0x2A,0x6A,0x00}},
	{0x6BDF, {0x10,0x54,0x92,0x34,0x18,0xE0,0x1C,0x70,0x1C,0xF2,0x1E,0x00}},
	{0x6BEC, {0x26,0xC4,0x5E,0x64,0xD6,0x44,0x6C,0xD6,0x4C,0x42,0x7E,0x00}},
	{0x6BEB, {0x10,0xFE,0x44,0x7C,0x00,0xFE,0x8A,0x70,0x1C,0xF2,0x1E,0x00}},
	{0x6BF3, {0x0C,0x70,0x1E,0xF0,0x1E,0x00,0x66,0xCC,0x66,0xCC,0x66,0x00}},
	{0x6BEF, {0x24,0xD6,0x44,0x5A,0xC4,0x56,0x54,0xC4,0x5A,0x40,0x7E,0x00}},
	{0x9EBE, {0x08,0x7E,0x54,0x7E,0x7E,0x54,0x4E,0x78,0x4E,0x78,0x8E,0x00}},
	{0x6C08, {0x22,0xFC,0x04,0xF6,0xDC,0xF4,0x66,0x6C,0x64,0x34,0xC6,0x00}},
	{0x6C13, {0x5E,0x52,0xF2,0x9E,0x94,0x94,0x9E,0x94,0x94,0x72,0x1A,0x00}},
	{0x6C14, {0x40,0x7C,0x80,0x7C,0x00,0xFC,0x04,0x04,0x04,0x04,0x02,0x00}},
	{0x6C1B, {0x40,0x7C,0x80,0x7C,0x00,0xFC,0x54,0x8C,0x74,0x54,0xB2,0x00}},
	{0x6C24, {0x40,0x7C,0x80,0x7C,0x00,0xFC,0xAC,0xFC,0xAC,0xDC,0xFA,0x00}},
	{0x6C23, {0x40,0x7C,0x80,0x7C,0x00,0xFC,0xAC,0x24,0xFC,0x74,0xAA,0x00}},
	{0x6C5E, {0x7C,0x10,0x10,0xFE,0x10,0xDA,0x5A,0x54,0x54,0x92,0x30,0x00}},
	{0x6C55, {0x88,0x08,0x08,0xAA,0x2A,0x2A,0x2A,0xAA,0xAA,0xAA,0xBE,0x00}},
	{0x6C62, {0x88,0x48,0x08,0x9C,0x48,0x08,0x08,0x48,0x48,0x88,0xBE,0x00}},
	{0x6C6A, {0xBE,0x48,0x08,0x88,0x48,0x1C,0x08,0x48,0x48,0x88,0xBE,0x00}},
	{0x6C82, {0x84,0x58,0x10,0x90,0x5E,0x14,0x14,0x54,0x54,0xA4,0x84,0x00}},
	{0x6C8D, {0xBE,0x10,0x10,0x9E,0x12,0x22,0x24,0xBC,0x84,0x84,0xBE,0x00}},
	{0x6C9A, {0x84,0x44,0x04,0x94,0x56,0x14,0x14,0x54,0x54,0x94,0xBE,0x00}},
	{0x6C81, {0x90,0x08,0x00,0x90,0x14,0x32,0x32,0xB0,0x94,0x94,0x9C,0x00}},
	{0x6C9B, {0x88,0x3E,0x08,0x88,0x3E,0x2A,0x2A,0xAA,0xAA,0x88,0x88,0x00}},
	{0x6C7E, {0x94,0x54,0x14,0xA2,0x40,0x1E,0x0A,0x4A,0x52,0x92,0xA6,0x00}},
	{0x6C68, {0xBE,0x22,0x22,0xA2,0x22,0x3E,0x22,0xA2,0xA2,0xA2,0xBE,0x00}},
	{0x6C73, {0x9E,0x50,0x10,0x9E,0x52,0x1A,0x1A,0x54,0x64,0xAA,0x92,0x00}},
	{0x6C92, {0x90,0x5E,0x12,0xA4,0x5C,0x04,0x14,0x48,0x48,0x94,0xA2,0x00}},
	{0x6C90, {0x88,0x08,0x3E,0x88,0x1C,0x1C,0x1C,0xAA,0xAA,0x88,0x88,0x00}},
	{0x6CC4, {0xAA,0x2A,0x2A,0xBE,0x2A,0x2A,0x2A,0xAE,0xA0,0xA0,0xBE,0x00}},
	{0x6CF1, {0x88,0x3E,0x2A,0xAA,0x2A,0x7E,0x08,0x48,0x54,0x94,0xA2,0x00}},
	{0x6CD3, {0xB4,0x14,0x14,0xB4,0x24,0x24,0x38,0x98,0x9A,0x9A,0xBE,0x00}},
	{0x6CBD, {0x84,0x44,0x1E,0x84,0x44,0x04,0x1E,0x52,0x52,0x92,0x9E,0x00}},
	{0x6CD7, {0xBE,0x36,0x36,0xB6,0x36,0x36,0x36,0xA2,0xA2,0xA2,0xBE,0x00}},
	{0x6CC5, {0xBE,0x22,0x2A,0xAA,0x2A,0x2A,0x2A,0xB6,0xA2,0xA2,0xBE,0x00}},
	{0x6CDD, {0x84,0x58,0x10,0x90,0x5E,0x14,0x1C,0x54,0x56,0xA4,0x84,0x00}},
	{0x6CAE, {0x9C,0x54,0x14,0x9C,0x54,0x14,0x1C,0x54,0x54,0x94,0xBE,0x00}},
	{0x6CB1, {0x88,0x3E,0x22,0x90,0x12,0x14,0x18,0x50,0x52,0x92,0x9E,0x00}},
	{0x6CBE, {0x88,0x48,0x08,0x8E,0x48,0x08,0x1E,0x52,0x52,0x92,0x9E,0x00}},
	{0x6CBA, {0xBE,0x2A,0x2A,0xAA,0x2A,0x3E,0x2A,0xAA,0xAA,0xAA,0xBE,0x00}},
	{0x6CDB, {0x84,0x38,0x08,0xBC,0x04,0x08,0x08,0xA8,0xB0,0xB0,0xCE,0x00}},
	{0x6CEF, {0xBE,0x22,0x22,0xBE,0x28,0x28,0x3E,0xA8,0xA4,0xA4,0xB2,0x00}},
	{0x6CD9, {0xBE,0x08,0x1C,0xAA,0x08,0x08,0x3E,0x88,0x88,0x88,0x88,0x00}},
	{0x6CEA, {0xBE,0x22,0x22,0xBE,0x22,0x22,0x3E,0xA2,0xA2,0xA2,0xBE,0x00}},
	{0x6D1F, {0x88,0x3E,0x08,0xBE,0x0A,0x3E,0x28,0xBE,0x8A,0x94,0xA2,0x00}},
	{0x884D, {0x56,0x40,0x80,0x16,0x42,0x42,0xC2,0x52,0x52,0x52,0x56,0x00}},
	{0x6D36, {0x90,0x1E,0x22,0x96,0x0A,0x2A,0x36,0xA2,0xBE,0x82,0x86,0x00}},
	{0x6D2B, {0x90,0x10,0x3C,0xAC,0x2C,0x2C,0x2C,0xAC,0xAC,0xAC,0xFE,0x00}},
	{0x6D3D, {0x88,0x14,0x22,0x9C,0x00,0x00,0x3E,0xA2,0xA2,0xA2,0xBE,0x00}},
	{0x6D38, {0x88,0x2A,0x2A,0x88,0x3E,0x14,0x14,0x54,0x54,0x94,0xA6,0x00}},
	{0x6D19, {0x88,0x58,0x1C,0xA8,0x08,0x3E,0x08,0x48,0x5C,0xAA,0x88,0x00}},
	{0x6D35, {0xA0,0x3E,0x42,0xBA,0x2A,0x3A,0x2A,0xAA,0xBA,0x82,0x8C,0x00}},
	{0x6D33, {0xA0,0x2E,0x2A,0xFA,0x5A,0x5A,0x6A,0xAA,0xAA,0xDA,0x8E,0x00}},
	{0x6D12, {0xBE,0x14,0x14,0xBE,0x36,0x36,0x36,0xA2,0xA2,0xA2,0xBE,0x00}},
	{0x6D0C, {0xBA,0x52,0x12,0x9A,0x2A,0x2A,0x1A,0x4A,0x4A,0x92,0xA6,0x00}},
	{0x6D63, {0x88,0x3E,0x22,0x9C,0x00,0x3E,0x14,0x54,0x54,0x94,0xA6,0x00}},
	{0x6D93, {0x9E,0x52,0x1E,0x80,0x5E,0x12,0x1E,0x52,0x5E,0x92,0x96,0x00}},
	{0x6D64, {0x88,0x3E,0x22,0x88,0x3E,0x10,0x14,0xA4,0xA8,0xCA,0x9E,0x00}},
	{0x6D5A, {0x88,0x12,0x3E,0x94,0x26,0x10,0x1C,0xB4,0x88,0x94,0xA2,0x00}},
	{0x6D79, {0x88,0x3E,0x08,0x9C,0x1C,0x1C,0x2A,0x88,0x88,0x94,0xA2,0x00}},
	{0x6D59, {0x92,0x14,0x3C,0x94,0x16,0x1E,0x36,0x96,0x9A,0x92,0xB2,0x00}},
	{0x6D8E, {0xB2,0x1C,0x14,0xA4,0x36,0x14,0x14,0xB4,0x9E,0x90,0xAE,0x00}},
	{0x6D95, {0x94,0x08,0x3E,0x8A,0x3E,0x28,0x3E,0x8A,0x9A,0xAE,0x88,0x00}},
	{0x6FE4, {0x88,0x3E,0x08,0xBE,0x02,0x1C,0x08,0xBE,0xB4,0xB4,0x8C,0x00}},
	{0x6D85, {0xBE,0x22,0x3E,0xA2,0x3E,0x08,0x08,0x5C,0x48,0x88,0xBE,0x00}},
	{0x6DF9, {0x88,0x3E,0x14,0xAA,0x3E,0x2A,0x3E,0xAA,0xBE,0x88,0x8E,0x00}},
	{0x6E15, {0xAA,0x2A,0x06,0xBE,0x16,0x16,0x3A,0x92,0x92,0xAA,0xAA,0x00}},
	{0x6E0A, {0xAA,0x2A,0x3E,0xBE,0x2A,0x3E,0x2A,0xBE,0xBE,0xAA,0xCA,0x00}},
	{0x6DB5, {0xBE,0x10,0x18,0xAA,0x3E,0x2A,0x2A,0xBE,0xAA,0xA2,0xBE,0x00}},
	{0x6DC7, {0x94,0x3E,0x14,0x9C,0x14,0x1C,0x14,0xBE,0x80,0x94,0xA2,0x00}},
	{0x6DE6, {0x88,0x14,0x22,0x9C,0x08,0x3E,0x08,0xAA,0xAA,0x88,0xBE,0x00}},
	{0x6DB8, {0xBE,0x22,0x2A,0xBE,0x2A,0x3E,0x36,0xB6,0xBE,0xA2,0xBE,0x00}},
	{0x6DC6, {0xB2,0x0C,0x32,0x88,0x3E,0x10,0x1E,0xB2,0x9E,0x92,0x96,0x00}},
	{0x6DEC, {0x88,0x3E,0x14,0x94,0x2A,0x08,0x08,0xBE,0x88,0x88,0x88,0x00}},
	{0x6DDE, {0xAA,0x2A,0x7A,0xA0,0x24,0x64,0x74,0xE8,0xAA,0xAA,0xAE,0x00}},
	{0x6DCC, {0x88,0x1C,0x2A,0x88,0x3E,0x22,0x3E,0xB6,0xB6,0xBE,0xA2,0x00}},
	{0x6DE8, {0x9C,0x14,0x2A,0x80,0x3E,0x0A,0x7E,0x8A,0xBE,0x88,0x98,0x00}},
	{0x6DD2, {0x88,0x3E,0x08,0xBE,0x0A,0x3E,0x08,0xBE,0x94,0x8C,0xB2,0x00}},
	{0x6DC5, {0x92,0x1C,0x38,0x98,0x1E,0x3A,0x3A,0xBA,0x92,0x92,0x92,0x00}},
	{0x6DFA, {0x8A,0x3C,0x0A,0x84,0x1A,0x00,0x0A,0xBC,0x8A,0x84,0x9A,0x00}},
	{0x6DD9, {0x88,0x3E,0x22,0x9C,0x00,0x3E,0x08,0xAA,0xAA,0x88,0x98,0x00}},
	{0x6DE4, {0xA4,0x2A,0x7A,0xA0,0x24,0x32,0x52,0xD0,0xD4,0x92,0xB2,0x00}},
	{0x6DD5, {0x88,0x1C,0x08,0xBE,0x14,0x26,0x08,0x5C,0x48,0x88,0xBE,0x00}},
	{0x6DEA, {0x88,0x14,0x22,0x9C,0x00,0x3E,0x2A,0xBE,0xAA,0xAA,0xAA,0x00}},
	{0x6DEE, {0x94,0x54,0x1E,0xB4,0x5E,0x14,0x14,0x5E,0x54,0x94,0x9E,0x00}},
	{0x6E2D, {0xBE,0x2A,0x3E,0xAA,0x3E,0x14,0x1C,0x54,0x5C,0x94,0x94,0x00}},
	{0x6E6E, {0xBE,0x14,0x3E,0xB6,0x36,0x3E,0x08,0x5C,0x48,0x88,0xBE,0x00}},
	{0x6E2E, {0x94,0x3E,0x14,0x80,0x3E,0x02,0x3A,0xAA,0xAA,0xBA,0x86,0x00}},
	{0x6E19, {0x8C,0x54,0x04,0xBE,0x2A,0x36,0x22,0x7E,0x48,0x94,0xA2,0x00}},
	{0x6E72, {0x9C,0x2A,0x00,0x9C,0x08,0x3E,0x10,0x9C,0xB4,0x88,0xB6,0x00}},
	{0x6E5F, {0x88,0x5C,0x14,0x9C,0x54,0x1C,0x3E,0x48,0x5C,0x88,0xBE,0x00}},
	{0x6E3E, {0xBE,0x22,0x08,0xBE,0x08,0x3E,0x2A,0xBE,0x88,0xBE,0x88,0x00}},
	{0x6E23, {0x88,0x3E,0x1C,0xAA,0x1C,0x14,0x1C,0x54,0x5C,0x94,0xBE,0x00}},
	{0x6E6B, {0x94,0x34,0x14,0x9E,0x3C,0x14,0x14,0xB4,0xBA,0x9A,0x9A,0x00}},
	{0x6E2B, {0xAA,0x3E,0x2A,0xAE,0x20,0x3E,0x08,0xBE,0x88,0x9C,0xAA,0x00}},
	{0x6E76, {0x88,0x5C,0x14,0x9C,0x54,0x1C,0x08,0x7A,0x5C,0xAA,0x98,0x00}},
	{0x6E4D, {0xAA,0x2A,0x3E,0x80,0x3E,0x10,0x3E,0xAA,0xAA,0xAA,0xAA,0x00}},
	{0x6E1F, {0x88,0x3E,0x14,0x9C,0x00,0x3E,0x22,0x9C,0x88,0x88,0x98,0x00}},
	{0x6E43, {0x8E,0x34,0x1E,0x94,0x3E,0x14,0x14,0xBE,0x94,0x94,0xA4,0x00}},
	{0x6E3A, {0xBA,0x2A,0x2E,0xBE,0x2E,0x2A,0x3A,0xA8,0xAA,0xAA,0xBC,0x00}},
	{0x6E4E, {0xBE,0x08,0x10,0xBE,0x36,0x3E,0x36,0xBE,0xB6,0xB6,0xBE,0x00}},
	{0x6E24, {0x94,0x3C,0x16,0xBE,0x26,0x1E,0x0E,0xBA,0x92,0x92,0xB6,0x00}},
	{0x6EFF, {0x94,0x3E,0x14,0x9C,0x08,0x3E,0x2A,0xBE,0xBE,0xAA,0xAA,0x00}},
	{0x6E1D, {0xB8,0x14,0x22,0x9C,0x00,0x3A,0x2A,0xBC,0xAC,0xBA,0xAA,0x00}},
	{0x6E38, {0xA4,0x26,0x78,0xA6,0x22,0x34,0x5E,0x52,0x52,0x92,0xB6,0x00}},
	{0x6E82, {0x92,0x3A,0x12,0xBA,0x3A,0x3A,0x3A,0x92,0xBA,0xD2,0x96,0x00}},
	{0x6EAA, {0x9C,0x2A,0x10,0x88,0x14,0x3A,0x08,0xBE,0x88,0x94,0xA2,0x00}},
	{0x6E98, {0x88,0x1C,0x08,0xBE,0x08,0x14,0x3A,0x80,0x9C,0x9C,0xBE,0x00}},
	{0x6EC9, {0x9C,0x54,0x1C,0x94,0x1C,0x2A,0x08,0x7E,0x54,0x94,0xA6,0x00}},
	{0x6EB7, {0xBE,0x22,0x3E,0xAA,0x36,0x2E,0x36,0xA6,0xAA,0xA2,0xBE,0x00}},
	{0x6ED3, {0x88,0x3E,0x22,0x88,0x3E,0x14,0x3E,0x88,0xBE,0x88,0x88,0x00}},
	{0x6EBD, {0xBE,0x20,0x2C,0xA0,0x3E,0x54,0x1A,0x84,0xFE,0x94,0x8C,0x00}},
	{0x6EAF, {0xAE,0x1A,0x7A,0x9E,0x5A,0x5A,0x7E,0x9A,0xAA,0xCA,0x96,0x00}},
	{0x6EC4, {0x88,0x54,0x3E,0x80,0x5E,0x12,0x1E,0x50,0x5E,0xAA,0x8E,0x00}},
	{0x6EB2, {0x96,0x2A,0x3E,0xAA,0x3E,0x08,0x1C,0x44,0x54,0x88,0xB6,0x00}},
	{0x6ED4, {0x9C,0x00,0x14,0xAA,0x00,0x16,0x22,0xB6,0xA2,0xA2,0xBE,0x00}},
	{0x6ED5, {0xE8,0xBC,0xAA,0xE8,0xBE,0xB4,0xEA,0xBC,0xAC,0xBA,0xA8,0x00}},
	{0x6E8F, {0x84,0x3E,0x24,0xAE,0x26,0x3E,0x24,0xBE,0xD2,0x92,0x9E,0x00}},
	{0x6EA5, {0x8A,0x3E,0x08,0xBE,0x2A,0x3E,0x2A,0x84,0xBE,0x94,0x8C,0x00}},
	{0x6EC2, {0x88,0x3E,0x14,0xBE,0x22,0x08,0x3E,0x90,0x9E,0x92,0xA6,0x00}},
	{0x6E9F, {0xBE,0x22,0x1C,0x94,0x1C,0x14,0x1C,0x88,0xBE,0x80,0xA2,0x00}},
	{0x6F41, {0x8E,0xE4,0x8E,0xFA,0x2E,0x2A,0xFE,0x6A,0xAE,0x30,0x6A,0x00}},
	{0x6F11, {0x90,0x3E,0x36,0xB6,0x36,0x2E,0x34,0xA4,0xB4,0xA4,0xAA,0x00}},
	{0x704C, {0x94,0x3E,0x14,0xB6,0x36,0x14,0x1E,0xB4,0x9E,0x94,0x9E,0x00}},
	{0x6EEC, {0xBE,0x00,0x3E,0xA2,0x3E,0x20,0x3E,0xAA,0xBE,0xE0,0xBE,0x00}},
	{0x6EF8, {0xB8,0x0E,0x34,0x84,0x34,0x0E,0x34,0x84,0xB4,0xB4,0xB4,0x00}},
	{0x6EFE, {0x88,0x3E,0x14,0xA2,0x1C,0x14,0x1C,0x9A,0xB4,0x94,0x9A,0x00}},
	{0x6F3F, {0xA6,0xEA,0x24,0xFE,0x6A,0xA6,0x10,0xF4,0x58,0x96,0x30,0x00}},
	{0x6EF2, {0x88,0x10,0x1A,0xA4,0x36,0x1C,0x2A,0x94,0x8A,0x84,0x98,0x00}},
	{0x6F31, {0x94,0x36,0x1A,0xBE,0x3C,0x3C,0x3C,0x94,0xB4,0xDA,0x92,0x00}},
	{0x6EEF, {0x94,0x3E,0x14,0xAA,0x00,0x3E,0x2A,0x88,0xBE,0xAA,0x88,0x00}},
	{0x6F32, {0xB6,0x14,0x16,0xB4,0x26,0x24,0x3E,0x94,0x94,0x94,0xBA,0x00}},
	{0x6ECC, {0x94,0x16,0x2A,0xB4,0x7A,0x34,0x3E,0xB4,0xBE,0xB4,0xA4,0x00}},
	{0x6F3E, {0x94,0x3E,0x08,0xBE,0x00,0x18,0x0A,0xBC,0x9C,0xAA,0x98,0x00}},
	{0x6F13, {0x88,0x3E,0x14,0xAA,0x36,0x3E,0x08,0xBE,0xAA,0xAE,0xBA,0x00}},
	{0x6EF7, {0x88,0x0E,0x08,0xBE,0x2A,0x36,0x2A,0xAA,0xB6,0xAA,0xBE,0x00}},
	{0x6F86, {0x88,0x1C,0x08,0xBE,0x14,0x3E,0x00,0xBE,0x94,0x94,0xA6,0x00}},
	{0x6F7A, {0xBE,0x22,0x3E,0xA2,0x2E,0x24,0x3E,0xAA,0xBE,0xCA,0x94,0x00}},
	{0x6F78, {0x94,0x3E,0x14,0xBE,0x14,0x00,0x1C,0x54,0x5C,0x94,0xAC,0x00}},
	{0x6F81, {0x88,0x2E,0x28,0xA8,0x7E,0x00,0x24,0xB6,0xA4,0xB4,0xE6,0x00}},
	{0x6F80, {0xBE,0x16,0x3E,0x96,0x2A,0x00,0x14,0x9E,0xB4,0xBC,0xB6,0x00}},
	{0x6F6F, {0x9C,0x04,0x3E,0x84,0x3E,0x1A,0x3E,0x84,0xBE,0x94,0x8C,0x00}},
	{0x6F5B, {0x94,0x3E,0x3C,0xBE,0x14,0x2A,0x1C,0x54,0x5C,0x94,0x9C,0x00}},
	{0x6FF3, {0x94,0x1E,0x2C,0xBE,0x14,0x2A,0x1C,0x54,0x5C,0x94,0x9C,0x00}},
	{0x6F6D, {0xBE,0x14,0x3E,0xBE,0x14,0x1C,0x14,0x5C,0x48,0xBE,0x88,0x00}},
	{0x6F82, {0x94,0x3C,0x3E,0x86,0x3E,0x06,0x3E,0x94,0xBC,0x94,0xBA,0x00}},
	{0x6F7C, {0x88,0x3E,0x14,0x94,0x3E,0x1C,0x1C,0x48,0x5C,0x88,0xBE,0x00}},
	{0x6F58, {0x9C,0x08,0x2A,0xBE,0x1C,0x2A,0x3E,0xAA,0xBE,0xAA,0xBE,0x00}},
	{0x6F8E, {0x92,0x3A,0x14,0xB8,0x02,0x3A,0x2C,0xB8,0x92,0x9A,0xB4,0x00}},
	{0x6F91, {0xBE,0x14,0x36,0xB6,0x14,0x3E,0x2A,0xBE,0xAA,0xAA,0xBE,0x00}},
	{0x6FC2, {0x88,0x3E,0x34,0xBE,0x34,0x3E,0x36,0xBE,0xD4,0xB6,0x94,0x00}},
	{0x6F66, {0x88,0x3E,0x08,0xAA,0x14,0x3E,0x14,0x5C,0x48,0xAA,0x98,0x00}},
	{0x6FB3, {0x88,0x3E,0x26,0xBA,0x2A,0x3E,0x2A,0xBE,0x88,0x94,0xA2,0x00}},
	{0x6FA3, {0x94,0x3A,0x10,0xBE,0x34,0x34,0x3E,0xB4,0x94,0xB4,0x94,0x00}},
	{0x6FA1, {0x9C,0x14,0x1C,0xBE,0x2A,0x3E,0x08,0xBE,0x9C,0xAA,0x88,0x00}},
	{0x6FA4, {0xBE,0x2A,0x3E,0x88,0x1C,0x3E,0x14,0xBE,0x88,0xBE,0x88,0x00}},
	{0x6FB9, {0x9C,0x64,0x3E,0xB6,0x20,0x2E,0x20,0xAE,0xA0,0xCE,0x8E,0x00}},
	{0x6FC6, {0x88,0x3E,0x14,0xBE,0x14,0x1C,0x14,0x5C,0x54,0x9C,0xA2,0x00}},
	{0x6FAA, {0x9C,0x08,0x3E,0xAA,0x14,0x08,0x14,0xBE,0x8A,0x8E,0x88,0x00}},
	{0x6FDF, {0x88,0x3E,0x08,0xB6,0x14,0x2A,0x1C,0x54,0x5C,0x94,0xA4,0x00}},
	{0x6FD5, {0xBE,0x22,0x3E,0x92,0x24,0x12,0x24,0xB6,0x80,0x94,0xAA,0x00}},
	{0x6FEC, {0x88,0x0E,0x08,0xBE,0x22,0x14,0x2A,0x94,0xBE,0x94,0x9C,0x00}},
	{0x6FD4, {0xBE,0x1C,0x2A,0xBE,0x2A,0x36,0x2A,0xB6,0xAA,0xB6,0xAA,0x00}},
	{0x6FD8, {0x88,0x3E,0x22,0x94,0x2E,0x00,0x3E,0xAA,0xBE,0x88,0x98,0x00}},
	{0x6FF1, {0x88,0x3E,0x22,0x9C,0x2A,0x0C,0x34,0x9C,0x94,0x9C,0xA2,0x00}},
	{0x6FEE, {0xAA,0x28,0x3E,0xB4,0x7E,0x28,0x3C,0xA8,0xBE,0xB4,0xA2,0x00}},
	{0x6FDB, {0x94,0x3E,0x14,0xBE,0x22,0x1C,0x1A,0xAC,0x94,0xA6,0x98,0x00}},
	{0x7009, {0x88,0x7E,0x52,0xAC,0x24,0x3C,0x10,0xBE,0xC2,0xAA,0xA6,0x00}},
	{0x700B, {0x88,0x3E,0x22,0x9C,0x2A,0x3E,0x1C,0xAA,0xBE,0xAA,0xBE,0x00}},
	{0x6FFA, {0xB6,0x3C,0x36,0xB4,0x3A,0x30,0x36,0xBC,0x86,0xA4,0xAA,0x00}},
	{0x7011, {0xBE,0x22,0x3E,0x94,0x3E,0x14,0x7E,0xAA,0x9C,0xAA,0x98,0x00}},
	{0x7001, {0x94,0x3E,0x08,0xBE,0x14,0x2A,0x1C,0x54,0x5E,0x94,0xBA,0x00}},
	{0x700F, {0x92,0x26,0x26,0xB6,0x0A,0x16,0x3E,0x8A,0x9E,0x8E,0xBA,0x00}},
	{0x6FFE, {0x88,0x0E,0x08,0xBE,0x28,0x2E,0x2C,0xAC,0xD0,0xB2,0xAE,0x00}},
	{0x701B, {0x88,0x7E,0x20,0xBE,0x00,0x36,0xBE,0xB6,0xBE,0xAA,0xD6,0x00}},
	{0x701A, {0x94,0x3A,0x10,0xBE,0x32,0x36,0x3A,0xB6,0x9A,0xB2,0x96,0x00}},
	{0x6F74, {0xA4,0x24,0x1E,0x94,0x3E,0x18,0x1E,0xBA,0x9E,0x9A,0xAE,0x00}},
	{0x701D, {0xBE,0x20,0x2A,0xB4,0x3E,0x34,0x20,0xA4,0xD6,0x94,0xBE,0x00}},
	{0x7018, {0x88,0x0E,0x08,0xBE,0x28,0x2E,0x2C,0xA0,0xAC,0xCC,0x9E,0x00}},
	{0x701F, {0x94,0x3E,0x14,0xBE,0x0A,0x7E,0x36,0xB6,0xA2,0xB6,0xD6,0x00}},
	{0x7030, {0xBE,0x14,0x1A,0xB4,0x2A,0x2E,0x3A,0x9E,0x9A,0x9E,0xBA,0x00}},
	{0x703E, {0xB6,0x36,0x36,0xB6,0x2A,0x3E,0x3E,0xAA,0xBE,0xAA,0xA2,0x00}},
	{0x7032, {0x94,0x2C,0x46,0xBE,0x06,0x7E,0x56,0xFC,0xAC,0xAA,0xD2,0x00}},
	{0x7051, {0xB6,0x36,0x2A,0x88,0x3E,0x2C,0x3E,0xA4,0xB6,0xE4,0xB6,0x00}},
	{0x7063, {0x9A,0x2C,0x1A,0xAC,0x16,0x3E,0x1C,0x50,0x5E,0x82,0x86,0x00}},
	{0x7099, {0x20,0x3C,0x54,0xA8,0x10,0xE0,0x10,0x54,0x58,0x28,0xC6,0x00}},
	{0x7092, {0x48,0x48,0x5C,0xDA,0xEA,0xC8,0x5A,0x42,0x44,0xA8,0xB0,0x00}},
	{0x70AF, {0x5E,0x52,0x52,0xDE,0xD6,0xD6,0x56,0x5E,0x52,0xB2,0x96,0x00}},
	{0x70F1, {0x7E,0x76,0x76,0xF6,0xE2,0xFE,0x76,0x76,0x7E,0xA2,0xA6,0x00}},
	{0x70AC, {0x5E,0x50,0x50,0xDE,0xD2,0xD2,0x5E,0x50,0x50,0xB0,0x9E,0x00}},
	{0x70B8, {0x50,0x5E,0x68,0xC8,0xCE,0xC8,0x48,0x4E,0x68,0xA8,0x88,0x00}},
	{0x70B3, {0x7E,0x48,0x48,0xFE,0xEA,0xEA,0x6A,0x76,0x62,0xA2,0xA6,0x00}},
	{0x70AE, {0x50,0x5E,0x62,0xDE,0xD4,0xD4,0x5C,0x50,0x52,0xB2,0x9E,0x00}},
	{0x70DF, {0x7E,0x62,0x6A,0xFE,0xEA,0xEA,0x6A,0x76,0x62,0xA2,0xBE,0x00}},
	{0x70CB, {0x28,0x3E,0x48,0x5C,0xDC,0x6A,0x6A,0x48,0x00,0x54,0xAA,0x00}},
	{0x70DD, {0x7C,0x08,0x10,0xDA,0x54,0x54,0x92,0x7C,0x00,0x54,0xAA,0x00}},
	{0x70D9, {0x50,0x5C,0x54,0xE8,0xC8,0xD4,0x62,0x5C,0x54,0xB4,0x9C,0x00}},
	{0x7109, {0xFE,0x10,0x5C,0x50,0xFE,0x40,0x7C,0x40,0x7E,0x02,0xAA,0x00}},
	{0x70FD, {0x4C,0x54,0x48,0xF6,0xC8,0xDC,0x48,0x5C,0x48,0xBE,0x88,0x00}},
	{0x711C, {0x7E,0x62,0x7E,0xE2,0xFE,0xE4,0x64,0x76,0x64,0xA4,0xB6,0x00}},
	{0x7119, {0x48,0x7E,0x54,0xD4,0xFE,0xC0,0x5C,0x54,0x54,0xB4,0x9C,0x00}},
	{0x7165, {0x4C,0x54,0x44,0xFE,0xEA,0xF6,0x62,0x7E,0x48,0x94,0xA2,0x00}},
	{0x7155, {0xF6,0xA6,0xB6,0xD6,0xD6,0xB4,0xA4,0xF6,0x00,0x54,0xAA,0x00}},
	{0x7188, {0x76,0x66,0x76,0x76,0x76,0x74,0x64,0xB6,0x00,0x54,0xAA,0x00}},
	{0x7166, {0xE8,0xAE,0xB2,0xEE,0xAA,0xAE,0xA2,0xE6,0x00,0x54,0xAA,0x00}},
	{0x7162, {0x44,0xEE,0x44,0xAA,0xFE,0x82,0x7C,0x14,0xFC,0x14,0x12,0x00}},
	{0x714C, {0x48,0x5C,0x54,0xDC,0xD4,0xDC,0x7E,0x48,0x5C,0x88,0xBE,0x00}},
	{0x7156, {0x5C,0x6A,0x40,0xDC,0xC8,0xFE,0x50,0x5C,0x74,0x88,0xB6,0x00}},
	{0x716C, {0x5C,0x54,0x5C,0xD4,0xFE,0xD0,0x5E,0x6A,0x56,0xAA,0x96,0x00}},
	{0x718F, {0x0C,0x70,0xFE,0x10,0xFE,0xD6,0xFE,0x10,0xFE,0x00,0xAA,0x00}},
	{0x71FB, {0x44,0x58,0x7E,0xC8,0xDE,0xDE,0x5E,0x48,0x7E,0x80,0xAA,0x00}},
	{0x7184, {0x48,0x5E,0x52,0xDE,0xD2,0xDE,0x52,0x5E,0x54,0xB2,0xAE,0x00}},
	{0x7195, {0x5C,0x48,0x7E,0xD4,0xDC,0xD4,0x5C,0x54,0x5C,0x80,0xA2,0x00}},
	{0x71A8, {0xF2,0x9E,0xF2,0x8A,0xF2,0xA6,0x10,0x54,0x58,0x28,0xC6,0x00}},
	{0x71AC, {0x24,0xF6,0x2A,0xFA,0x4A,0x74,0x54,0xBA,0x00,0x54,0xAA,0x00}},
	{0x71D7, {0x76,0x76,0x76,0xF6,0xE2,0xEE,0x6E,0x6E,0x6E,0xB6,0xA2,0x00}},
	{0x71B9, {0x10,0xFE,0x10,0x7C,0x28,0xFE,0x44,0x7C,0x00,0x54,0xAA,0x00}},
	{0x71BE, {0x54,0x56,0x7C,0xEC,0xFE,0xC4,0x7C,0x6E,0x7C,0xAC,0xBA,0x00}},
	{0x71D2, {0x48,0x5C,0x48,0xFE,0xD4,0xFE,0x40,0x7E,0x54,0x94,0xA6,0x00}},
	{0x71C9, {0x54,0x7C,0x46,0xFA,0xEA,0xFA,0x5A,0x74,0x54,0x9A,0xBA,0x00}},
	{0x71D4, {0x5C,0x48,0x6A,0xFE,0xDC,0xEA,0x7E,0x6A,0x7E,0xAA,0xBE,0x00}},
	{0x71CE, {0x48,0x7E,0x48,0xEA,0xD4,0xFE,0x54,0x5C,0x48,0xAA,0x98,0x00}},
	{0x71E0, {0x48,0x7E,0x66,0xFA,0xEA,0xFE,0x6A,0x7E,0x48,0x94,0xA2,0x00}},
	{0x71EC, {0x56,0x6A,0x7A,0xE8,0xFE,0xD2,0x7A,0x54,0x54,0xBA,0x8A,0x00}},
	{0x71E7, {0x6C,0x52,0x40,0xDC,0xCA,0xD4,0x4C,0x56,0x6C,0xA0,0xBE,0x00}},
	{0x71F5, {0x64,0x4E,0x64,0xDE,0xCA,0xDE,0x64,0x7E,0x64,0xA0,0xBE,0x00}},
	{0x71FC, {0x48,0x5E,0x4A,0xFE,0xC8,0xFE,0x40,0x6A,0x40,0x9C,0xBE,0x00}},
	{0x71F9, {0xEE,0x44,0xAA,0x66,0xAA,0x66,0x10,0x54,0x58,0x28,0xC6,0x00}},
	{0x71FF, {0x76,0x52,0x76,0xD2,0xF6,0xD4,0x5E,0x74,0x5E,0x94,0x9E,0x00}},
	{0x720D, {0x5A,0x6C,0x5A,0xEC,0xF6,0xC8,0x7E,0x48,0x5C,0xAA,0x88,0x00}},
	{0x7210, {0x44,0x46,0x44,0xDE,0xD4,0xD6,0x56,0x50,0x6C,0xAC,0x9E,0x00}},
	{0x721B, {0x76,0x76,0x76,0xF6,0xEA,0xFE,0x7E,0x6A,0x7E,0xAA,0xA2,0x00}},
	{0x7228, {0x2C,0x54,0x54,0xFE,0xAA,0x7C,0x28,0xFE,0x54,0x92,0x28,0x00}},
	{0x722D, {0x0C,0x74,0x52,0x80,0x7C,0x14,0xFE,0x14,0x7C,0x10,0x30,0x00}},
	{0x722C, {0x10,0x66,0x76,0x76,0x76,0x74,0x74,0x76,0x70,0x68,0xA6,0x00}},
	{0x7230, {0x0C,0x74,0x52,0xBC,0x10,0xFE,0x20,0x3C,0x54,0x88,0x76,0x00}},
	{0x7232, {0x0C,0x74,0x52,0xB8,0x28,0x3C,0x44,0xFE,0x02,0xAA,0x86,0x00}},
	{0x723B, {0x04,0x68,0x18,0x24,0x40,0x28,0x28,0x10,0x10,0x28,0xC6,0x00}},
	{0x723C, {0xBC,0x54,0x54,0xBC,0x14,0x34,0xBC,0x54,0x54,0x54,0xBE,0x00}},
	{0x723F, {0x24,0x24,0x24,0x3C,0x04,0x7C,0x24,0x24,0x24,0x24,0x44,0x00}},
	{0x7240, {0x24,0xA4,0xBE,0xE4,0x24,0xEC,0x6C,0x76,0x64,0xA4,0x24,0x00}},
	{0x7246, {0x28,0xBE,0xB4,0xF4,0x2A,0xFE,0x60,0x7E,0x76,0xBE,0x3E,0x00}},
	{0x724B, {0xAA,0xBC,0xAA,0xE4,0x8A,0xE0,0xAA,0xBC,0xAA,0xA4,0xAA,0x00}},
	{0x7258, {0xA4,0xBE,0xA4,0xFE,0x9A,0xFE,0xAC,0xAC,0xAC,0xAC,0xB2,0x00}},
	{0x7274, {0x42,0xDC,0xF4,0xD4,0xDE,0x54,0x74,0xD4,0x5A,0x42,0x5A,0x00}},
	{0x727E, {0x5E,0xC4,0xDE,0xCA,0xCA,0x7E,0x40,0xDE,0x52,0x52,0x5E,0x00}},
	{0x7282, {0x74,0x26,0xFA,0x76,0xAA,0x50,0x7C,0x90,0xFE,0x10,0x10,0x00}},
	{0x7281, {0x72,0x2A,0xFA,0x72,0xA6,0x50,0x7C,0x90,0xFE,0x10,0x10,0x00}},
	{0x7287, {0x50,0x7C,0x90,0xFE,0x24,0x6C,0x7E,0xA4,0xFE,0x24,0x24,0x00}},
	{0x7292, {0x48,0xFE,0xD4,0xDC,0xC0,0x7E,0x62,0xFE,0x76,0x7E,0x62,0x00}},
	{0x7296, {0x44,0xEE,0x44,0xAA,0xFE,0x82,0x50,0x7C,0x90,0xFE,0x10,0x00}},
	{0x72A2, {0x48,0xFE,0xC8,0xFE,0xF6,0x7E,0x54,0xDC,0x54,0x5C,0x62,0x00}},
	{0x72A7, {0x54,0xFE,0xC8,0xFE,0xC8,0x7E,0x54,0xE6,0x74,0x5C,0x72,0x00}},
	{0x72B9, {0xAA,0xA8,0x5E,0x48,0xAC,0x2C,0x6C,0xAC,0x2C,0x34,0xD6,0x00}},
	{0x72B2, {0xA4,0xA4,0x5E,0x44,0xA6,0x24,0x6C,0xB4,0x24,0x24,0xCC,0x00}},
	{0x72C3, {0xBC,0x94,0x54,0x54,0xD4,0x7E,0x54,0xD4,0x54,0x54,0xBE,0x00}},
	{0x72C6, {0xA8,0xA8,0x7E,0x6A,0xAA,0x2A,0x7E,0xA8,0x28,0x28,0xC8,0x00}},
	{0x72C4, {0xA4,0xA4,0x44,0x56,0xB4,0x24,0x64,0xA4,0x2A,0x2A,0xD2,0x00}},
	{0x72CE, {0xBE,0xAA,0x6A,0x7E,0xAA,0x2A,0x6A,0xBE,0x28,0x28,0xC8,0x00}},
	{0x72D2, {0x94,0xBE,0x56,0x7E,0xF4,0x74,0x7E,0xD6,0x56,0x54,0xA4,0x00}},
	{0x72E2, {0xA8,0xAE,0x4A,0x54,0xA4,0x2A,0x70,0xAE,0x2A,0x2A,0xCE,0x00}},
	{0x72E0, {0xBE,0xB2,0x5E,0x52,0xB2,0x3E,0x74,0xB6,0x34,0x32,0xDA,0x00}},
	{0x72E1, {0x88,0xBE,0x54,0x54,0xE2,0x54,0x54,0xC8,0x48,0x54,0xA2,0x00}},
	{0x72F9, {0xA8,0xBE,0x48,0x5C,0xDC,0x5C,0x6A,0xC8,0x48,0x54,0xA2,0x00}},
	{0x72F7, {0xBE,0xB2,0x5E,0x40,0xBE,0x32,0x7E,0xB2,0x3E,0x32,0xD6,0x00}},
	{0x500F, {0x28,0x2E,0x5A,0x64,0xFA,0x64,0x7E,0x64,0x64,0x4A,0x52,0x00}},
	{0x7317, {0x88,0xBE,0x48,0x54,0xE2,0x7E,0x42,0xFA,0x6A,0x7A,0x86,0x00}},
	{0x730A, {0x90,0xA6,0x62,0x76,0xE2,0x62,0x7E,0xD4,0x54,0x54,0xA6,0x00}},
	{0x731C, {0xA4,0xBE,0x44,0x5E,0xC4,0x7E,0x56,0xD6,0x5E,0x52,0x96,0x00}},
	{0x7316, {0xBE,0xB2,0x5E,0x52,0xDE,0x40,0x5E,0xD2,0x5E,0x52,0x9E,0x00}},
	{0x731D, {0xA8,0xBE,0x54,0x54,0xEA,0x48,0x48,0xFE,0x48,0x48,0x88,0x00}},
	{0x7334, {0xAC,0xA4,0x64,0x7E,0xA8,0x2E,0x74,0xBE,0x24,0x2A,0xF2,0x00}},
	{0x732F, {0xAA,0xAA,0x7E,0x40,0xFE,0x50,0x7E,0xEA,0x6A,0x6A,0xAA,0x00}},
	{0x7329, {0xAE,0xAA,0x4E,0x4A,0xAE,0x24,0x6E,0xB4,0x2E,0x24,0xDE,0x00}},
	{0x7325, {0xBE,0xAA,0x7E,0x6A,0xBE,0x20,0x7E,0xB4,0x36,0x34,0xDA,0x00}},
	{0x733E, {0xBC,0xB4,0x5C,0x54,0xFE,0x62,0x5C,0xD4,0x5C,0x54,0x94,0x00}},
	{0x734E, {0xA6,0xEA,0x24,0xFE,0x6A,0xA6,0x10,0xFE,0x10,0x28,0xC6,0x00}},
	{0x734F, {0x94,0xBE,0x54,0x7E,0xE2,0x7E,0x48,0xFE,0x48,0x54,0xA2,0x00}},
	{0x9ED8, {0xE8,0xEA,0xE8,0xFE,0xE8,0x48,0xE8,0x54,0xF4,0x14,0xA2,0x00}},
	{0x7357, {0xBE,0xA0,0x68,0x7E,0xDA,0x6C,0x7C,0xD4,0x54,0x64,0x8A,0x00}},
	{0x736A, {0xA8,0xB4,0x7E,0x40,0xFE,0x6A,0x7E,0xD4,0x5C,0x54,0x9C,0x00}},
	{0x7368, {0xBE,0xAA,0x7E,0x50,0xDE,0x6A,0x5E,0xDE,0x4A,0x4E,0x9A,0x00}},
	{0x7370, {0xA8,0xBE,0x62,0x54,0xEE,0x40,0x7E,0xEA,0x7E,0x48,0x98,0x00}},
	{0x7378, {0xD4,0xD6,0x74,0x7E,0x74,0x04,0xF4,0x04,0x74,0x5A,0x7A,0x00}},
	{0x7375, {0x94,0xA8,0x54,0x5C,0xDC,0x6A,0x7E,0xEA,0x7E,0x6A,0xAA,0x00}},
	{0x737B, {0x24,0x36,0x24,0xFE,0xA4,0xB4,0xB4,0x84,0xF4,0xFA,0xAA,0x00}},
	{0x737A, {0x96,0xBA,0x52,0x78,0xFE,0x7A,0x7E,0xDA,0x7E,0x50,0x9A,0x00}},
	{0x73C8, {0xD0,0x5E,0x7A,0x5A,0xDA,0x5A,0x5A,0x6A,0xEA,0x0E,0x18,0x00}},
	{0x73B3, {0xD4,0x56,0x64,0x6E,0xE4,0x64,0x64,0x64,0xE4,0x24,0x22,0x00}},
	{0x73CE, {0xD0,0x5E,0x68,0x48,0xDC,0x5A,0x5A,0x6A,0xC8,0x08,0x18,0x00}},
	{0x73BB, {0xE4,0x5E,0x56,0x54,0xDE,0x52,0x5A,0x54,0xE4,0x2A,0x12,0x00}},
	{0x73C0, {0xE8,0x48,0x5E,0x52,0xF2,0x5E,0x52,0x72,0xD2,0x12,0x1E,0x00}},
	{0x73E5, {0xFE,0x54,0x5C,0x54,0xD4,0x5C,0x54,0x54,0xDE,0x34,0x04,0x00}},
	{0x73EE, {0xFE,0x62,0x7E,0x6A,0xEA,0x7E,0x7E,0x7E,0xEA,0x2A,0x42,0x00}},
	{0x73DE, {0xD0,0x5C,0x54,0x68,0xC8,0x54,0x62,0x5C,0xD4,0x14,0x1C,0x00}},
	{0x74A2, {0xFE,0x54,0x76,0x76,0xD4,0x7E,0x6A,0x7E,0xEA,0x2A,0x3E,0x00}},
	{0x7405, {0xE4,0x5E,0x52,0x5E,0xF2,0x5E,0x54,0x76,0xD4,0x12,0x1A,0x00}},
	{0x746F, {0xD6,0x7E,0x6E,0x7C,0xEE,0x7E,0x66,0x66,0xEC,0x34,0x04,0x00}},
	{0x7425, {0xE4,0x46,0x44,0x5E,0xF4,0x56,0x50,0x64,0xD4,0x14,0x26,0x00}},
	{0x73F8, {0xDE,0x44,0x5E,0x4A,0xCA,0x7E,0x40,0x5E,0xD2,0x12,0x1E,0x00}},
	{0x7432, {0xD4,0x54,0x76,0x54,0xF6,0x54,0x54,0x76,0xD4,0x14,0x24,0x00}},
	{0x743A, {0xE4,0x44,0x4E,0x64,0xC4,0x4E,0x44,0x64,0xE8,0x2A,0x2E,0x00}},
	{0x7455, {0xF6,0x72,0x72,0x76,0xE0,0x76,0x62,0x6A,0xF4,0x24,0x2A,0x00}},
	{0x743F, {0xFE,0x62,0x48,0x7E,0xC8,0x7E,0x6A,0x7E,0xC8,0x3E,0x08,0x00}},
	{0x745F, {0xEE,0x44,0xEE,0x44,0xEE,0x20,0x14,0xA4,0xAA,0x30,0xDE,0x00}},
	{0x7459, {0xEA,0x4A,0x54,0x4A,0xEA,0x5E,0x5A,0x76,0xDA,0x12,0x1E,0x00}},
	{0x7441, {0xDE,0x52,0x5A,0x52,0xDA,0x40,0x5E,0x52,0xDE,0x12,0x1E,0x00}},
	{0x745C, {0xF8,0x54,0x62,0x5C,0xC0,0x7A,0x6A,0x7C,0xEC,0x3A,0x2A,0x00}},
	{0x7469, {0x44,0xEE,0x44,0xAA,0xFE,0x82,0x7C,0x10,0x7C,0x14,0xFE,0x00}},
	{0x7470, {0xC8,0x7E,0x6A,0x7E,0xEA,0x7E,0x58,0x5C,0xDE,0x28,0x4E,0x00}},
	{0x7463, {0xC8,0x5C,0x6A,0x48,0xFE,0x62,0x7E,0x62,0xFE,0x00,0x22,0x00}},
	{0x746A, {0xFE,0x68,0x7C,0x68,0xFC,0x68,0x7E,0x42,0xEA,0x2A,0x26,0x00}},
	{0x7476, {0xC6,0x78,0x6A,0x40,0xDC,0x48,0x7E,0x48,0xEA,0x2A,0x3E,0x00}},
	{0x747E, {0xD4,0x7E,0x54,0x7E,0xEA,0x6A,0x7E,0x48,0xDC,0x08,0x3E,0x00}},
	{0x748B, {0xC8,0x7E,0x54,0x7E,0xD4,0x5C,0x54,0x5C,0xC8,0x3E,0x08,0x00}},
	{0x749E, {0xEA,0x48,0x7E,0x54,0xFE,0x48,0x5C,0x48,0xFE,0x14,0x22,0x00}},
	{0x74A7, {0x64,0x6E,0x4A,0xE4,0x6E,0x64,0xFE,0x10,0x7C,0x14,0xFE,0x00}},
	{0x74CA, {0xCC,0x54,0x7E,0x6A,0xF6,0x5C,0x54,0x5C,0xF4,0x08,0x36,0x00}},
	{0x74CF, {0xD4,0x7E,0x6C,0x6E,0xFA,0x6E,0x7C,0x6E,0xFC,0x2C,0x2E,0x00}},
	{0x74D4, {0xF6,0x76,0x76,0x40,0xEA,0x50,0x7E,0x54,0xD8,0x0C,0x32,0x00}},
	{0x73F1, {0xC8,0x6A,0x6A,0x44,0xC8,0x7E,0x54,0x58,0xC8,0x14,0x22,0x00}},
	{0x74E0, {0x42,0xFC,0x54,0xB4,0x74,0x14,0xF4,0x54,0x74,0x3A,0x62,0x00}},
	{0x74E3, {0x4C,0xF6,0xD6,0xD6,0xD6,0x54,0x54,0xD6,0x54,0x5C,0xB4,0x00}},
	{0x74E7, {0xF4,0x44,0x44,0x7E,0x54,0x74,0x74,0x54,0x54,0x70,0xDE,0x00}},
	{0x74E9, {0xF2,0x4C,0x44,0x74,0x5E,0x74,0x74,0x54,0x54,0x70,0xDE,0x00}},
	{0x74EE, {0x28,0x44,0xAA,0x74,0x00,0xFE,0x20,0x3C,0x54,0x44,0xF6,0x00}},
	{0x74F2, {0xF4,0x46,0x4C,0x74,0x56,0x7E,0x74,0x54,0x56,0x70,0xDE,0x00}},
	{0x74F0, {0xF4,0x4A,0x4A,0x70,0x5E,0x76,0x76,0x5A,0x5A,0x70,0xDE,0x00}},
	{0x74F1, {0xF2,0x4C,0x44,0x76,0x5C,0x76,0x7C,0x54,0x56,0x70,0xDE,0x00}},
	{0x74F8, {0xEE,0x44,0x4E,0x6A,0x6A,0x6E,0x6A,0x6A,0x6E,0x60,0xDE,0x00}},
	{0x74F7, {0x10,0xDE,0x2A,0x48,0x94,0xFE,0x20,0x3C,0x54,0x44,0xF6,0x00}},
	{0x7504, {0xFE,0x48,0xE8,0xEC,0xEC,0xEC,0x4C,0xEC,0x4C,0x6C,0xD6,0x00}},
	{0x7503, {0x74,0x2E,0xFC,0x74,0xAA,0xFE,0x20,0x3C,0x54,0x44,0xF6,0x00}},
	{0x7505, {0xEE,0x48,0x4E,0x6E,0x6E,0x74,0x6E,0x64,0x6E,0x60,0xDE,0x00}},
	{0x750C, {0xFE,0x88,0xB8,0xBC,0x8C,0xDC,0xDC,0xDC,0x8C,0xEC,0x16,0x00}},
	{0x750E, {0x5E,0xE8,0x48,0xEC,0xEC,0xEC,0x2C,0xEC,0x2C,0xAC,0x7A,0x00}},
	{0x750D, {0x28,0xFE,0x54,0xFE,0x82,0x7C,0x20,0x3C,0x54,0x44,0xF6,0x00}},
	{0x7515, {0x10,0xFE,0x54,0x9E,0x54,0xFE,0x20,0x3C,0x54,0x44,0xF6,0x00}},
	{0x7513, {0x64,0x6E,0x4A,0xEE,0x64,0xFE,0x20,0x3C,0x54,0x44,0xF6,0x00}},
	{0x751E, {0x54,0x10,0xFE,0xAA,0x38,0x44,0xFE,0x44,0x7C,0x44,0x7C,0x00}},
	{0x7526, {0xE4,0x4C,0xEE,0xF4,0xE4,0xEE,0x44,0xC4,0x5E,0x40,0xBE,0x00}},
	{0x752C, {0x7C,0x14,0x08,0xFE,0x92,0xFE,0x92,0xFE,0x92,0x92,0x96,0x00}},
	{0x753C, {0x7C,0x54,0x7C,0x54,0x7C,0x00,0xFE,0x10,0x10,0x10,0x30,0x00}},
	{0x7544, {0xA2,0x52,0x54,0x00,0xFE,0x92,0x92,0xFE,0x92,0x92,0xFE,0x00}},
	{0x754D, {0x04,0xEA,0xEA,0xF0,0xEA,0xEA,0xEA,0xEA,0xEA,0x0A,0x12,0x00}},
	{0x754A, {0x0A,0xEA,0xFE,0xEA,0xEA,0xEA,0xFE,0xEA,0xEA,0xEA,0x12,0x00}},
	{0x7549, {0x04,0xE4,0xEE,0xE4,0xE4,0xFE,0xE4,0xE4,0xEA,0xEA,0x12,0x00}},
	{0x755B, {0x04,0xEA,0xF0,0xE4,0xE8,0xE2,0xE4,0xE8,0xE2,0xE4,0x18,0x00}},
	{0x7546, {0x24,0x24,0xF4,0x04,0xF8,0xA8,0xA8,0xF8,0xAA,0xAA,0xFE,0x00}},
	{0x755A, {0x10,0x24,0xFA,0x10,0xFE,0x28,0x7C,0xD6,0x7C,0x54,0x7C,0x00}},
	{0x7569, {0x08,0xE8,0xFE,0xE8,0xE8,0xFA,0xF4,0xF4,0xF4,0xF2,0x1A,0x00}},
	{0x7564, {0x08,0xFC,0xE8,0xFE,0xE4,0xFE,0xE4,0xF4,0xE4,0xE4,0x0C,0x00}},
	{0x7567, {0x7C,0x54,0x7C,0x54,0x7C,0xC4,0x38,0xC6,0x7C,0x44,0x7C,0x00}},
	{0x756B, {0x10,0x7C,0x14,0xFE,0x14,0xFE,0x54,0x7C,0x54,0x7C,0xFE,0x00}},
	{0x756D, {0x04,0xEA,0xF0,0xEE,0xE4,0xFE,0xE4,0xF6,0xF6,0xE4,0x0C,0x00}},
	{0x7578, {0x08,0xFE,0xE8,0xF4,0xE2,0xFE,0xE2,0xFA,0xEA,0xFA,0x06,0x00}},
	{0x7576, {0x54,0x10,0xFE,0x82,0x7C,0x44,0xFE,0x92,0xFE,0x92,0xFE,0x00}},
	{0x7586, {0xFE,0x2C,0xEC,0x8C,0xE0,0x3E,0xEC,0x6C,0xEC,0x20,0xDE,0x00}},
	{0x7587, {0x08,0xFE,0xE8,0xFE,0xE2,0xFC,0xE8,0xFE,0xF4,0xF4,0x0C,0x00}},
	{0x7574, {0x08,0xFC,0xE8,0xFE,0xE8,0xFE,0xE4,0xFE,0xE4,0xD4,0x0C,0x00}},
	{0x758A, {0x7C,0x54,0x7C,0xEE,0xEE,0x00,0xFE,0xAA,0x38,0x28,0xFE,0x00}},
	{0x7589, {0x7C,0x54,0x7C,0xEE,0xEE,0x10,0xFE,0xA2,0x38,0x08,0xFE,0x00}},
	{0x7582, {0x7C,0x54,0x7C,0x44,0x28,0x44,0xFE,0xAA,0x38,0x28,0xFE,0x00}},
	{0x7594, {0x08,0x7E,0x40,0xC0,0x7E,0x48,0xC8,0x48,0x48,0x48,0x98,0x00}},
	{0x759A, {0x08,0x7E,0x50,0xDC,0x54,0x64,0xC8,0x48,0x54,0x54,0xA2,0x00}},
	{0x759D, {0x08,0x7E,0x40,0xC8,0x48,0x6A,0xEA,0x6A,0x6A,0x6A,0xBE,0x00}},
	{0x75A5, {0x08,0x7E,0x48,0xD4,0x62,0x54,0xD4,0x54,0x54,0x54,0xA4,0x00}},
	{0x75A3, {0x08,0x7E,0x40,0xCA,0x7E,0x48,0xCC,0x4C,0x4C,0x54,0xA6,0x00}},
	{0x75C2, {0x08,0x7E,0x40,0xD0,0x7E,0x5A,0xDA,0x5A,0x6A,0x4E,0x98,0x00}},
	{0x75B3, {0x08,0x7E,0x40,0xD4,0x7E,0x54,0xD4,0x5C,0x54,0x54,0x9C,0x00}},
	{0x75C3, {0x08,0x7E,0x40,0xC8,0x7E,0x48,0xF4,0x58,0x48,0x54,0xBA,0x00}},
	{0x75B5, {0x08,0x7E,0x40,0xD4,0x54,0x5E,0xD4,0x74,0x74,0x7C,0xB6,0x00}},
	{0x75BD, {0x08,0x7E,0x40,0xDC,0x54,0x5C,0xD4,0x5C,0x54,0x54,0xBE,0x00}},
	{0x75B8, {0x08,0x7E,0x40,0xDC,0x54,0x5C,0xD4,0x54,0x5C,0x40,0xBE,0x00}},
	{0x75BC, {0x08,0x7E,0x48,0xCC,0x54,0x48,0xD4,0x6A,0x40,0x58,0x84,0x00}},
	{0x75B1, {0x08,0x7E,0x50,0xDE,0x62,0x5E,0xD4,0x5C,0x50,0x52,0x9E,0x00}},
	{0x75CD, {0x08,0x7E,0x48,0xFE,0x4A,0x7E,0xE8,0x7E,0x4A,0x54,0xA2,0x00}},
	{0x75CA, {0x08,0x7E,0x40,0xF8,0x54,0x62,0xDC,0x48,0x5C,0x48,0xBE,0x00}},
	{0x75D2, {0x08,0x7E,0x54,0xC8,0x7E,0x48,0xDC,0x48,0x7E,0x48,0x88,0x00}},
	{0x75D9, {0x08,0x7E,0x40,0xFE,0x54,0x68,0xD4,0x7E,0x48,0x48,0xBE,0x00}},
	{0x75E3, {0x08,0x7E,0x40,0xC8,0x7E,0x48,0xDC,0x40,0x54,0x72,0xAE,0x00}},
	{0x75DE, {0x08,0x7E,0x40,0xFE,0x48,0x5C,0xEA,0x48,0x7E,0x62,0xBE,0x00}},
	{0x75FE, {0x08,0x7E,0x40,0xF6,0x72,0x6E,0xFA,0x7A,0x6E,0x62,0xA6,0x00}},
	{0x75FF, {0x08,0x7E,0x44,0xD8,0x7E,0x5C,0xEA,0x7E,0x54,0x4C,0xB2,0x00}},
	{0x75FC, {0x08,0x7E,0x40,0xFE,0x6A,0x7E,0xEA,0x76,0x7E,0x62,0xBE,0x00}},
	{0x7601, {0x08,0x7E,0x48,0xFE,0x54,0x54,0xEA,0x48,0x7E,0x48,0x88,0x00}},
	{0x75F0, {0x08,0x7E,0x48,0xEA,0x54,0x62,0xC8,0x6A,0x48,0x54,0xA2,0x00}},
	{0x75FA, {0x08,0x7E,0x48,0xFE,0x6A,0x7E,0xEA,0x7E,0x54,0x7E,0x84,0x00}},
	{0x75F2, {0x08,0x7E,0x40,0xD4,0x7E,0x54,0xFE,0x7E,0x7E,0x7E,0x94,0x00}},
	{0x75F3, {0x08,0x7E,0x40,0xD4,0x7E,0x54,0xD4,0x7C,0x7E,0x54,0x94,0x00}},
	{0x760B, {0x08,0x7E,0x40,0xFE,0x6A,0x7E,0xFE,0x6A,0x6E,0x7A,0xA2,0x00}},
	{0x760D, {0x08,0x7E,0x40,0xDC,0x54,0x7E,0xD0,0x5E,0x6A,0x56,0xAA,0x00}},
	{0x7609, {0x08,0x7E,0x40,0xF8,0x54,0x6E,0xC0,0x7A,0x6C,0x7A,0xAA,0x00}},
	{0x761F, {0x08,0x7E,0x40,0xFE,0x6A,0x76,0xE2,0x7E,0x40,0x5C,0xBE,0x00}},
	{0x7627, {0x08,0x7E,0x44,0xC6,0x5C,0x50,0xD6,0x54,0x5E,0x54,0xA6,0x00}},
	{0x7620, {0x08,0x7E,0x40,0xF6,0x48,0x76,0xDC,0x76,0x5C,0x54,0x94,0x00}},
	{0x7621, {0x08,0x7E,0x48,0xD4,0x7E,0x52,0xDE,0x50,0x5E,0x6A,0x8E,0x00}},
	{0x7622, {0x08,0x7E,0x40,0xDE,0x7A,0x70,0xFE,0x7A,0x74,0x74,0xAA,0x00}},
	{0x7624, {0x08,0x7E,0x40,0xD6,0x66,0x7A,0xFE,0x6A,0x7E,0x6A,0xBE,0x00}},
	{0x7634, {0x08,0x7E,0x48,0xFE,0x54,0x7E,0xD4,0x5C,0x48,0x7E,0x88,0x00}},
	{0x7630, {0x08,0x7E,0x40,0xDC,0x5C,0x50,0xCA,0x7E,0x48,0x6A,0x88,0x00}},
	{0x763B, {0x08,0x7E,0x48,0xDC,0x7E,0x5C,0xFE,0x48,0x7E,0x54,0xBA,0x00}},
	{0x7647, {0x08,0x7E,0x40,0xF6,0x76,0x62,0xEE,0x6E,0x6E,0x76,0xA2,0x00}},
	{0x7648, {0x08,0x7E,0x40,0xFA,0x54,0x62,0xF6,0x56,0x62,0x54,0xBA,0x00}},
	{0x7646, {0x08,0x7E,0x40,0xEA,0x54,0x7E,0xE2,0x48,0x7E,0x52,0xA6,0x00}},
	{0x765C, {0x08,0x7E,0x40,0xFE,0x6A,0x70,0xEE,0x7A,0x7C,0x44,0xAA,0x00}},
	{0x7658, {0x08,0x7E,0x54,0xFE,0x5C,0x5C,0xC8,0x7E,0x6A,0x6E,0xBA,0x00}},
	{0x7661, {0x08,0x7E,0x40,0xE6,0x72,0x66,0xFC,0x56,0x7C,0x54,0xAA,0x00}},
	{0x7662, {0x08,0x7E,0x54,0xFE,0x48,0x7E,0xD4,0x7A,0x58,0x54,0xBA,0x00}},
	{0x7668, {0x08,0x7E,0x40,0xDC,0x48,0x7E,0xEA,0x54,0x5E,0x74,0x9E,0x00}},
	{0x7669, {0x08,0x7E,0x40,0xD6,0x7A,0x50,0xFE,0x7E,0x56,0x78,0x92,0x00}},
	{0x766A, {0x08,0x7E,0x40,0xF4,0x5E,0x74,0xDE,0x76,0x76,0x50,0x9A,0x00}},
	{0x7667, {0x08,0x7E,0x40,0xDE,0x50,0x5A,0xD4,0x50,0x66,0x54,0x9E,0x00}},
	{0x766C, {0x08,0x7E,0x40,0xFA,0x5E,0x74,0xFE,0x74,0x7E,0x84,0x54,0x00}},
	{0x7670, {0x08,0x7E,0x40,0xD4,0x66,0x54,0xFE,0x7C,0x76,0x74,0xBE,0x00}},
	{0x7672, {0x08,0x7E,0x40,0xEE,0x74,0x66,0xF6,0x76,0x76,0x40,0xAA,0x00}},
	{0x7676, {0x00,0x00,0x70,0x14,0xA8,0x6A,0x44,0x82,0x00,0x00,0x00,0x00}},
	{0x7678, {0x70,0x14,0xAA,0x44,0x82,0x7C,0x10,0xFE,0x10,0x2C,0xC2,0x00}},
	{0x767C, {0x74,0xAA,0x44,0x82,0xEE,0x2A,0xE0,0x8E,0xEA,0x24,0x6A,0x00}},
	{0x7680, {0x10,0x7C,0x44,0x7C,0x44,0x7C,0x40,0x4C,0x70,0x42,0x3E,0x00}},
	{0x7683, {0x10,0x7C,0x44,0x7C,0x44,0x44,0x7C,0x28,0x2A,0x4A,0x8E,0x00}},
	{0x7688, {0x5E,0x50,0xF0,0xBE,0xB2,0xFA,0xBA,0xB4,0xA4,0xEA,0x12,0x00}},
	{0x768B, {0x10,0x7C,0x44,0x7C,0x44,0xFE,0x54,0x92,0x7C,0x10,0x10,0x00}},
	{0x768E, {0x44,0x5E,0xEA,0xAA,0xB0,0xEA,0xAA,0xA4,0xA4,0xEA,0x12,0x00}},
	{0x7696, {0x44,0x5E,0xF2,0xAC,0xA0,0xFE,0xAC,0xAC,0xAC,0xEC,0x16,0x00}},
	{0x7693, {0x54,0x5E,0xF4,0xA4,0xBE,0xE0,0xAE,0xAA,0xAA,0xEA,0x0E,0x00}},
	{0x7699, {0x22,0xFC,0x28,0x6E,0xB4,0x24,0x7C,0x44,0x7C,0x44,0x7C,0x00}},
	{0x769A, {0x5A,0x5E,0xE0,0xBE,0xA0,0xFE,0xB2,0xBE,0xAC,0xEC,0x1E,0x00}},
	{0x76B0, {0x48,0xEE,0xD2,0xCE,0xEA,0xAA,0xAE,0xCA,0x48,0xAA,0xAE,0x00}},
	{0x76B4, {0x44,0x9E,0xF6,0x54,0x9E,0x4A,0x7A,0xD4,0x24,0x5A,0x8A,0x00}},
	{0x76B8, {0xF4,0x9E,0x2C,0xFC,0x2E,0xFA,0xAA,0xF4,0x24,0xFA,0x2A,0x00}},
	{0x76B9, {0x5E,0xF2,0xC4,0xDE,0xE4,0xAE,0xAE,0xCE,0x44,0xBE,0xA4,0x00}},
	{0x76BA, {0x44,0x7E,0xAC,0xFC,0x2E,0xCA,0x7A,0xAC,0xF4,0x2A,0xCA,0x00}},
	{0x76C2, {0x7C,0x10,0xFE,0x10,0x30,0x00,0x7C,0x54,0x54,0x54,0xFE,0x00}},
	{0x76CD, {0x10,0x7C,0x10,0xFE,0x24,0xFA,0x00,0x7C,0x54,0x54,0xFE,0x00}},
	{0x76D6, {0x44,0xFE,0x10,0x7C,0x10,0xFE,0x00,0x7C,0x54,0x54,0xFE,0x00}},
	{0x76D2, {0x10,0x28,0x7C,0x82,0x7C,0x44,0x7C,0x00,0x7C,0x54,0xFE,0x00}},
	{0x76DE, {0x14,0xFE,0x08,0x36,0xFC,0x08,0x76,0x00,0x7C,0x54,0xFE,0x00}},
	{0x76E1, {0x10,0x7C,0x14,0xFE,0x14,0xFE,0x00,0xAA,0x7C,0x54,0xFE,0x00}},
	{0x76E5, {0x56,0xBA,0xD6,0x92,0xBA,0xD6,0x00,0x7C,0x54,0x54,0xFE,0x00}},
	{0x76E7, {0x08,0x0E,0x08,0x7E,0x48,0x7E,0x6A,0x7E,0x40,0x5C,0xBE,0x00}},
	{0x76EA, {0x9C,0x14,0xBE,0x10,0x1E,0xAA,0x96,0x7C,0x54,0x54,0xFE,0x00}},
	{0x862F, {0x28,0xFE,0x28,0x9C,0x14,0xBE,0x2A,0x96,0x7C,0x54,0xFE,0x00}},
	{0x76FB, {0x0A,0xEA,0xB2,0xE0,0xBE,0xA8,0xEE,0xA2,0xA2,0xE2,0x0C,0x00}},
	{0x7708, {0x08,0xFE,0xAA,0xEA,0xA8,0xEC,0xAC,0xAC,0xF4,0x14,0x26,0x00}},
	{0x7707, {0x08,0xE8,0xAC,0xFA,0xBA,0xA8,0xEA,0xA2,0xA4,0xE8,0x10,0x00}},
	{0x7704, {0x1E,0xE4,0xA4,0xF6,0xB6,0xB6,0xFE,0xA2,0xA2,0xE2,0x06,0x00}},
	{0x7729, {0x04,0xE4,0xBE,0xE4,0xA8,0xBA,0xE4,0xA4,0xA8,0xF2,0x1E,0x00}},
	{0x7724, {0x3E,0xE2,0xA2,0xFE,0xA8,0xEA,0xAC,0xA8,0xE8,0x2A,0x4E,0x00}},
	{0x771E, {0x4C,0x70,0x44,0x3C,0x24,0xBC,0xA4,0xBC,0xFE,0x44,0x82,0x00}},
	{0x7725, {0x24,0xB6,0xA4,0xA4,0xFE,0x44,0x7C,0x44,0x7C,0x44,0x7C,0x00}},
	{0x7726, {0x14,0xF4,0xB4,0xFE,0xB4,0xB4,0xF4,0xB4,0xB4,0xFC,0x16,0x00}},
	{0x771B, {0x08,0xE8,0xBC,0xE8,0xA8,0xBE,0xE8,0xA8,0xBC,0xEA,0x08,0x00}},
	{0x7737, {0x54,0x92,0x7C,0x28,0xFE,0x44,0xFE,0x44,0x7C,0x44,0x7C,0x00}},
	{0x7738, {0x08,0xF2,0xBE,0xE4,0xB4,0xBE,0xF4,0xA4,0xBE,0xE4,0x04,0x00}},
	{0x7747, {0x0A,0xE4,0xBE,0xE6,0xBE,0xB4,0xFE,0xA6,0xAE,0xF4,0x04,0x00}},
	{0x775A, {0x3E,0xE4,0xAE,0xE4,0xBE,0xE4,0xA4,0xAE,0xE4,0x24,0x5E,0x00}},
	{0x7768, {0x08,0xF6,0xB2,0xFA,0xB2,0xB2,0xFE,0xAC,0xAC,0xEC,0x16,0x00}},
	{0x776B, {0x04,0xEE,0xA4,0xEE,0xA6,0xAE,0xE4,0xB6,0xB4,0xFC,0x16,0x00}},
	{0x775B, {0x04,0xEE,0xA4,0xEE,0xA4,0xBE,0xEE,0xAE,0xAE,0xEA,0x0A,0x00}},
	{0x7765, {0x08,0xFE,0xAA,0xFE,0xAA,0xBE,0xEC,0xB4,0xBE,0xE4,0x04,0x00}},
	{0x777F, {0x10,0x1C,0x10,0xFE,0xAA,0x54,0x38,0xC6,0x7C,0x44,0x7C,0x00}},
	{0x777E, {0x10,0xFE,0xAA,0xFE,0x10,0xFE,0x28,0xFE,0x10,0xFE,0x10,0x00}},
	{0x7779, {0x04,0xE4,0xAE,0xE4,0xBE,0xAC,0xFE,0xAA,0xAE,0xEA,0x0E,0x00}},
	{0x778E, {0x04,0xFE,0xB2,0xE4,0xAE,0xA4,0xFE,0xA0,0xAE,0xEA,0x0E,0x00}},
	{0x778B, {0x08,0xEE,0xA8,0xEE,0xA6,0xB6,0xF6,0xB0,0xBE,0xE0,0x12,0x00}},
	{0x7791, {0x1E,0xF2,0xAE,0xEA,0xAE,0xAA,0xEE,0xA4,0xBE,0xE0,0x12,0x00}},
	{0x77A0, {0x16,0xE4,0xBE,0xF2,0xAE,0xAA,0xEE,0xA4,0xAE,0xE4,0x1E,0x00}},
	{0x779E, {0x14,0xFE,0xB4,0xFC,0xA8,0xBE,0xEA,0xBE,0xBE,0xEA,0x2A,0x00}},
	{0x77B0, {0x1C,0xE8,0xBE,0xEA,0xBA,0xAA,0xFA,0xAC,0xBC,0xEA,0x0A,0x00}},
	{0x77B6, {0x04,0xEE,0xAE,0xE4,0xBE,0xAA,0xEE,0xAA,0xAE,0xE0,0x12,0x00}},
	{0x77B9, {0x1E,0xF4,0xBE,0xE2,0xB4,0xAE,0xE0,0xAE,0xBA,0xE4,0x1A,0x00}},
	{0x77BF, {0x6C,0x6C,0x6C,0x28,0x3E,0x50,0xFC,0x50,0x7C,0x50,0x7E,0x00}},
	{0x77BC, {0x08,0xF4,0xA2,0xEC,0xA0,0xFE,0xAA,0xBE,0xF4,0x14,0x2A,0x00}},
	{0x77BD, {0x44,0xEE,0x44,0xAA,0x44,0xEA,0x7C,0x44,0x7C,0x44,0x7C,0x00}},
	{0x77BB, {0x0C,0xF4,0xBE,0xFA,0xB0,0xB6,0xF0,0xB6,0xB0,0xEE,0x0E,0x00}},
	{0x77C7, {0x14,0xFE,0xB4,0xFE,0xA2,0xBC,0xEA,0xB4,0xAC,0xF6,0x0C,0x00}},
	{0x77CD, {0x6C,0x6C,0x6C,0x3E,0x50,0xFC,0x50,0x7E,0x28,0x10,0xEE,0x00}},
	{0x77D7, {0x08,0x7C,0x08,0x5C,0x54,0x7C,0x44,0xEE,0x44,0xCC,0xEE,0x00}},
	{0x77DA, {0x3E,0xE2,0xBE,0xE8,0xBE,0xFE,0xB0,0xBE,0xFA,0x5E,0x3A,0x00}},
	{0x77DC, {0xE8,0x34,0xC2,0x5C,0xE0,0x60,0x5E,0xC2,0x44,0x44,0xC8,0x00}},
	{0x77E3, {0x10,0x24,0xFA,0x40,0x7C,0x90,0x10,0xFE,0x10,0x28,0xC6,0x00}},
	{0x77EE, {0x9C,0x88,0xFE,0x5C,0x6A,0xC8,0x7E,0x54,0x58,0x8C,0xB2,0x00}},
	{0x77FC, {0x1E,0xE4,0x44,0x44,0x44,0x84,0x64,0x64,0x64,0x64,0x1E,0x00}},
	{0x780C, {0x0E,0xE6,0x56,0x5E,0x56,0x96,0x76,0x7E,0x66,0x6A,0x0A,0x00}},
	{0x7812, {0x14,0xF4,0x54,0x5E,0x54,0x94,0x74,0x54,0x54,0x7C,0x16,0x00}},
	{0x7926, {0x04,0xFE,0x54,0x5E,0x54,0x9E,0x76,0x56,0x56,0x60,0x0A,0x00}},
	{0x7820, {0x0E,0xEA,0x4A,0x4E,0x4A,0x8A,0x6E,0x6A,0x6A,0x6A,0x1E,0x00}},
	{0x792A, {0x1E,0xF0,0x5A,0x5E,0x5A,0x9E,0x7E,0x54,0x5E,0x6E,0x0A,0x00}},
	{0x7845, {0x04,0xEE,0x44,0x44,0x5E,0x84,0x64,0x6E,0x64,0x64,0x1E,0x00}},
	{0x788E, {0x08,0xFE,0x54,0x54,0x6A,0x88,0x68,0x7E,0x68,0x68,0x08,0x00}},
	{0x7874, {0x14,0xFE,0x54,0x40,0x54,0x94,0x76,0x54,0x54,0x74,0x16,0x00}},
	{0x7886, {0x88,0x3E,0xAA,0x3C,0xA8,0x54,0xFE,0x20,0x7C,0xA4,0x3C,0x00}},
	{0x787C, {0x3E,0xEA,0x6A,0x7E,0x6A,0xAA,0x7E,0x6A,0x6A,0x6A,0x16,0x00}},
	{0x789A, {0x04,0xFE,0x4A,0x4A,0x5E,0x80,0x6E,0x6A,0x6A,0x6A,0x0E,0x00}},
	{0x788C, {0x08,0xEE,0x4A,0x4C,0x5E,0x84,0x76,0x6C,0x76,0x64,0x0C,0x00}},
	{0x78A3, {0x0E,0xEA,0x4E,0x4A,0x4E,0x88,0x6E,0x5A,0x56,0x7A,0x06,0x00}},
	{0x78B5, {0x08,0xEE,0x48,0x5C,0x54,0x9C,0x74,0x5C,0x54,0x7C,0x22,0x00}},
	{0x78AA, {0x14,0xFE,0x54,0x5C,0x54,0x9C,0x74,0x7E,0x76,0x60,0x3E,0x00}},
	{0x78AF, {0x0A,0xEA,0x54,0x4A,0x4A,0x9E,0x7A,0x56,0x5A,0x72,0x1E,0x00}},
	{0x78D1, {0x1A,0xFE,0x40,0x5E,0x40,0x9E,0x72,0x7E,0x6C,0x6C,0x1E,0x00}},
	{0x78C6, {0x0E,0xEA,0x4E,0x4A,0x5E,0x92,0x6E,0x6A,0x6E,0x6A,0x0A,0x00}},
	{0x78CB, {0x0A,0xFE,0x44,0x4E,0x44,0x9E,0x68,0x6E,0x74,0x64,0x0E,0x00}},
	{0x78D4, {0x0A,0xEE,0x56,0x4A,0x52,0x84,0x7E,0x64,0x6C,0x76,0x04,0x00}},
	{0x78BE, {0x1E,0xF2,0x5E,0x54,0x5E,0x94,0x7E,0x54,0x56,0x74,0x1A,0x00}},
	{0x78BC, {0x1E,0xF4,0x5E,0x54,0x5E,0x94,0x7E,0x52,0x5A,0x72,0x06,0x00}},
	{0x78C5, {0x04,0xFE,0x4A,0x5E,0x52,0x84,0x7E,0x68,0x6E,0x6A,0x16,0x00}},
	{0x78CA, {0x7C,0x20,0x3C,0x64,0x3C,0x00,0xEE,0x44,0x66,0xEE,0x66,0x00}},
	{0x78EC, {0x2E,0xFA,0x20,0x6E,0x64,0x8A,0xFE,0x20,0x7C,0xA4,0x3C,0x00}},
	{0x78E7, {0x04,0xEE,0x44,0x4E,0x44,0x9E,0x6E,0x6A,0x6E,0x60,0x12,0x00}},
	{0x78DA, {0x08,0xFE,0x5C,0x5C,0x5C,0x9A,0x64,0x7E,0x64,0x74,0x0C,0x00}},
	{0x78FD, {0x04,0xEE,0x44,0x5E,0x4A,0x9E,0x60,0x7E,0x6C,0x6C,0x16,0x00}},
	{0x78F4, {0x1A,0xEC,0x4A,0x50,0x4E,0x80,0x6E,0x6A,0x6E,0x64,0x1E,0x00}},
	{0x7907, {0x04,0xFE,0x52,0x5E,0x56,0x9E,0x76,0x7E,0x64,0x6A,0x12,0x00}},
	{0x7912, {0x0A,0xFE,0x44,0x5E,0x44,0x9E,0x6C,0x7E,0x6E,0x7C,0x0A,0x00}},
	{0x7911, {0x2A,0xC8,0x7E,0x62,0x5C,0x94,0x7E,0x6A,0x7E,0x6A,0x3E,0x00}},
	{0x7919, {0x26,0xF2,0x62,0x74,0x66,0xBA,0x74,0x7E,0x74,0x14,0x2A,0x00}},
	{0x792C, {0x44,0xEE,0x54,0xEE,0x54,0xFE,0x44,0xFA,0x40,0xBC,0x3C,0x00}},
	{0x792B, {0x1A,0xEC,0x5A,0x6C,0x76,0x88,0x7E,0x58,0x5C,0x6A,0x08,0x00}},
	{0x7940, {0xDE,0x12,0x12,0xF2,0x52,0x5E,0xF0,0xD0,0xD2,0x52,0x5E,0x00}},
	{0x7960, {0xDE,0x02,0x1E,0xE2,0x5E,0x56,0xD6,0xF6,0xDE,0x42,0x46,0x00}},
	{0x7957, {0xE2,0x1C,0x14,0xF4,0x5E,0x54,0xF4,0xD4,0xDA,0x42,0x5A,0x00}},
	{0x795F, {0x54,0x7C,0x92,0xFE,0x00,0x7C,0x00,0xFE,0x54,0x92,0x30,0x00}},
	{0x795A, {0xD0,0x1E,0x28,0xC8,0x4E,0x48,0xE8,0xCE,0xC8,0x48,0x48,0x00}},
	{0x7955, {0xD0,0x08,0x02,0xD2,0x54,0x74,0xFA,0xF8,0xD2,0x52,0x6E,0x00}},
	{0x7953, {0xEA,0x08,0x1E,0xE8,0x4A,0x4A,0xD4,0xD4,0xE4,0x4A,0x52,0x00}},
	{0x797A, {0xD4,0x3E,0x14,0xDC,0x54,0x5C,0xD4,0xFE,0xC0,0x54,0x62,0x00}},
	{0x797F, {0xD0,0x1C,0x14,0xD8,0x7E,0x48,0xEA,0xDC,0xEA,0x48,0x58,0x00}},
	{0x798A, {0xD6,0x3E,0x16,0xFE,0x56,0x4A,0xC8,0xFE,0xC8,0x54,0x62,0x00}},
	{0x799D, {0xFE,0x2A,0x3E,0xEA,0x7E,0x54,0xE6,0xCC,0xD4,0x48,0x76,0x00}},
	{0x79A7, {0xC8,0x3E,0x08,0xDE,0x52,0x5E,0xD4,0xFE,0xDE,0x52,0x5E,0x00}},
	{0x9F4B, {0x10,0xFE,0x28,0xD6,0x54,0xBA,0x44,0x7C,0x54,0x7C,0x94,0x00}},
	{0x79AA, {0xF6,0x36,0x00,0xFE,0x6A,0x7E,0xEA,0xFE,0xC8,0x7E,0x48,0x00}},
	{0x79AE, {0xD4,0x3E,0x36,0xFE,0x40,0x7E,0xE2,0xFE,0xD4,0x54,0x7E,0x00}},
	{0x79B3, {0xC8,0x3E,0x36,0xC0,0x54,0x7E,0xD4,0xFE,0xDA,0x74,0x5A,0x00}},
	{0x79B9, {0x0C,0x70,0x10,0x7C,0x54,0x7C,0x10,0xFE,0xAA,0xF6,0x82,0x00}},
	{0x79BA, {0x7C,0x54,0x7C,0x54,0x7C,0x10,0xFE,0x92,0xAA,0xF6,0x82,0x00}},
	{0x79C9, {0x0C,0x70,0xFE,0x14,0xFE,0x14,0x7C,0x38,0x54,0x92,0x10,0x00}},
	{0x79D5, {0x34,0xD4,0x54,0x5E,0xD4,0x54,0x54,0xD4,0xD4,0x5C,0x76,0x00}},
	{0x79E7, {0x28,0xDC,0x54,0x54,0xD4,0x7E,0x48,0xC8,0xD4,0x54,0x62,0x00}},
	{0x79EC, {0x3E,0xD0,0x50,0x5E,0xF2,0x52,0x5E,0xF0,0xD0,0x50,0x5E,0x00}},
	{0x79E1, {0x2A,0xC8,0x5E,0x48,0xEA,0x4A,0x54,0xD4,0xE4,0x4A,0x52,0x00}},
	{0x79E3, {0x28,0xC8,0x7E,0x48,0xC8,0x5C,0x48,0xC8,0xDC,0x6A,0x48,0x00}},
	{0x7A08, {0x3E,0xD2,0x5E,0x52,0xDE,0x40,0x5E,0xC4,0xFE,0x44,0x44,0x00}},
	{0x7A0D, {0x24,0xCC,0x56,0x44,0xDE,0x52,0x5E,0xD2,0xDE,0x52,0x56,0x00}},
	{0x7A18, {0x34,0xFE,0x54,0x5C,0xD4,0x5C,0x54,0xFE,0xC0,0x54,0x62,0x00}},
	{0x7A19, {0x24,0xDE,0x44,0x6E,0xEA,0x6E,0x6A,0xEA,0xEE,0x60,0x7E,0x00}},
	{0x7A20, {0x3E,0xE2,0x6A,0x7E,0xEA,0x7E,0x6A,0xF6,0xFE,0x62,0x66,0x00}},
	{0x7A1F, {0x10,0xFE,0x00,0xFE,0xEE,0xFE,0x7C,0x10,0xFE,0x38,0xD6,0x00}},
	{0x7980, {0x10,0xFE,0x00,0xFE,0xEE,0xFE,0x7C,0x00,0xFE,0x54,0xB2,0x00}},
	{0x7A31, {0x3C,0xD4,0x6A,0x48,0xDC,0x5C,0x5C,0xDC,0xFE,0x54,0x54,0x00}},
	{0x7A3B, {0x3C,0xC0,0x54,0x6A,0xC0,0x56,0x62,0xF6,0xE2,0x62,0x7E,0x00}},
	{0x7A3E, {0x10,0xFE,0x44,0x7C,0xFE,0xAA,0xBA,0x10,0xFE,0x38,0xD6,0x00}},
	{0x7A37, {0x3E,0xEA,0x7E,0x6A,0xFE,0x54,0x66,0xCC,0xD4,0x48,0x76,0x00}},
	{0x7A43, {0x28,0xFE,0x62,0x54,0xE2,0x48,0x54,0xE2,0xDC,0x54,0x5C,0x00}},
	{0x7A57, {0x28,0xFE,0x5C,0x5C,0xDC,0x5C,0x7A,0xC0,0xD4,0x72,0x6E,0x00}},
	{0x7A49, {0x3E,0xD2,0x5E,0x50,0xDA,0x64,0x54,0xDE,0xC4,0x5E,0x44,0x00}},
	{0x7A61, {0x28,0xFE,0x54,0x54,0xEA,0x7E,0x40,0xFE,0xF6,0x7E,0x7E,0x00}},
	{0x7A62, {0x24,0xD6,0x54,0x7E,0xC4,0x7E,0x64,0xF6,0xE4,0x7A,0x52,0x00}},
	{0x7A69, {0x3C,0xEA,0x40,0x5C,0xC8,0x5C,0x46,0xDC,0xC0,0x72,0x6E,0x00}},
	{0x9F9D, {0x2C,0xD4,0x7E,0x76,0xD4,0x7E,0x56,0xF6,0xDE,0x74,0x5E,0x00}},
	{0x7A70, {0x28,0xFE,0x76,0x40,0xD4,0x7E,0x54,0xFE,0xDA,0x74,0x5A,0x00}},
	{0x7A79, {0x10,0xFE,0xAA,0x4C,0x7C,0x04,0x7C,0x40,0x7E,0x02,0x0E,0x00}},
	{0x7A7D, {0x10,0xFE,0xAA,0x4C,0x28,0x7C,0x28,0x28,0xFE,0x28,0x48,0x00}},
	{0x7A88, {0x10,0xFE,0xAA,0x4C,0x48,0x9E,0xCA,0x4A,0xAA,0xEA,0x16,0x00}},
	{0x7A97, {0x10,0xFE,0xAA,0x4C,0x10,0xFE,0x9A,0xAA,0x92,0xAA,0xFE,0x00}},
	{0x7A95, {0x10,0xFE,0xAA,0x4C,0x28,0xAA,0x6C,0xAA,0x28,0x4A,0x8E,0x00}},
	{0x7A98, {0x10,0xFE,0xAA,0x4C,0x7C,0x14,0xFE,0x24,0x7E,0xA2,0x3E,0x00}},
	{0x7A96, {0x10,0xFE,0xAA,0x4C,0x50,0x7C,0x90,0xFE,0x10,0x7C,0x7C,0x00}},
	{0x7AA9, {0x10,0xFE,0xAA,0x4C,0x7C,0x44,0x5C,0x54,0xFE,0xAA,0xBA,0x00}},
	{0x7AC8, {0x10,0xFE,0xAA,0x4C,0xFE,0x6C,0xEE,0xAA,0xEE,0x28,0x3E,0x00}},
	{0x7AB0, {0x10,0xFE,0xAA,0x4C,0x38,0x48,0x3C,0x50,0xFE,0x54,0x7C,0x00}},
	{0x7AB6, {0x10,0xFE,0xAA,0x4C,0x10,0x7C,0xFE,0x54,0xFE,0x28,0xF6,0x00}},
	{0x7AC5, {0x10,0xFE,0xAA,0x4C,0x24,0xF6,0xFA,0x2A,0xF4,0x54,0xBA,0x00}},
	{0x7AC4, {0x10,0xFE,0xAA,0x4C,0x20,0x6C,0x44,0x7C,0x54,0x5C,0xF2,0x00}},
	{0x7ABF, {0x10,0xFE,0xAA,0x4C,0xD4,0xC8,0xB6,0xC8,0xDC,0x88,0xBE,0x00}},
	{0x9083, {0x88,0x3E,0x22,0x94,0x3E,0x28,0xDA,0x6C,0x5A,0x40,0xBE,0x00}},
	{0x7AC7, {0x10,0xFE,0xAA,0x4C,0x10,0xFE,0x6C,0x7C,0x44,0x7C,0x82,0x00}},
	{0x7ACA, {0x10,0xFE,0xAA,0x4C,0xE6,0x44,0xEE,0x4A,0xFE,0xF6,0x52,0x00}},
	{0x7ACD, {0x44,0x44,0xE4,0x24,0xBE,0xA4,0xA4,0x44,0x64,0xC4,0x04,0x00}},
	{0x7ACF, {0x42,0x4C,0xE4,0x24,0xBE,0xA4,0xA4,0x44,0x64,0xC4,0x04,0x00}},
	{0x7AD5, {0x4A,0x4A,0xEA,0x32,0xA0,0xBE,0xAA,0x4A,0x6A,0xCA,0x16,0x00}},
	{0x7AD3, {0x44,0x58,0xE8,0x2E,0xB8,0xA8,0xAE,0x58,0x48,0xEA,0x0E,0x00}},
	{0x7AD9, {0x48,0x48,0xE8,0x2E,0xA8,0xA8,0xBE,0x52,0x72,0xD2,0x1E,0x00}},
	{0x7ADA, {0x44,0x5E,0xF2,0x20,0xAE,0xA4,0xA4,0x44,0x64,0xC4,0x0C,0x00}},
	{0x7ADD, {0x44,0x44,0xFE,0x22,0xAA,0xAA,0xAA,0x4A,0x64,0xC4,0x1E,0x00}},
	{0x7AE1, {0x5E,0x48,0xE8,0x3E,0xB2,0xB2,0xBE,0x52,0x72,0xD2,0x1E,0x00}},
	{0x7AE2, {0x48,0x52,0xFE,0x28,0xAE,0xB4,0xA4,0x5E,0x64,0xCA,0x12,0x00}},
	{0x7AE6, {0x48,0x5E,0xE8,0x3E,0xAA,0xAA,0xBE,0x48,0x5C,0xEA,0x08,0x00}},
	{0x7AED, {0x4E,0x4A,0xEE,0x2A,0xAE,0xA8,0xAE,0x5A,0x76,0xDA,0x06,0x00}},
	{0x7AF0, {0x5E,0x50,0xFE,0x36,0xBE,0xB6,0xBE,0x44,0x6E,0xC4,0x1E,0x00}},
	{0x7B02, {0x48,0x6E,0xB4,0x20,0xF8,0x28,0x68,0x38,0x2A,0x4A,0x8E,0x00}},
	{0x7B0F, {0x48,0x6E,0xB4,0x40,0x7E,0xAA,0x2A,0x4A,0x92,0x22,0x0C,0x00}},
	{0x7B0A, {0x48,0x6E,0xB4,0x08,0x74,0x54,0x54,0x54,0x54,0x54,0x92,0x00}},
	{0x7B06, {0x48,0x6E,0xB4,0x00,0xFC,0x94,0x94,0xFC,0x82,0x82,0x7E,0x00}},
	{0x7B33, {0x48,0x6E,0xB4,0x40,0xFE,0x5A,0x5A,0x5A,0x5A,0x9E,0xB0,0x00}},
	{0x7B18, {0x48,0x6E,0xB4,0x10,0x1C,0x10,0x10,0x7C,0x44,0x44,0x7C,0x00}},
	{0x7B19, {0x48,0x6E,0xB4,0x10,0x50,0x7C,0x90,0x7C,0x10,0x10,0xFE,0x00}},
	{0x7B1E, {0x48,0x6E,0xB4,0x00,0x10,0x24,0xFA,0x00,0x7C,0x44,0x7C,0x00}},
	{0x7B35, {0x48,0x6E,0xB4,0x00,0x9E,0x52,0x92,0x16,0x50,0x92,0x9E,0x00}},
	{0x7B28, {0x48,0x6E,0xB4,0x10,0xFE,0x10,0x38,0x54,0x92,0x38,0x10,0x00}},
	{0x7B36, {0x48,0x6E,0xB4,0x40,0x7C,0x90,0x10,0xFE,0x10,0x28,0xC6,0x00}},
	{0x7B50, {0x48,0x6E,0xB4,0x00,0xFE,0xBC,0x88,0x9C,0x88,0xBC,0xFE,0x00}},
	{0x7B7A, {0x48,0x6E,0xB4,0x00,0xFE,0xBC,0x88,0x9C,0x8A,0xBC,0xFE,0x00}},
	{0x7B04, {0x48,0x6E,0xB4,0x00,0x7C,0x28,0x28,0xFE,0x28,0x28,0x48,0x00}},
	{0x7B4D, {0x48,0x6E,0xB4,0x7E,0x82,0x7A,0x4A,0x7A,0x4A,0x7A,0x06,0x00}},
	{0x7B0B, {0x48,0x6E,0xB4,0x02,0x7C,0x14,0xFE,0x14,0x7C,0x10,0x60,0x00}},
	{0x7B4C, {0x48,0x6E,0xB4,0x00,0x70,0x28,0x7C,0x92,0x7C,0x10,0xFE,0x00}},
	{0x7B45, {0x48,0x6E,0xB4,0x50,0x7C,0x90,0xFE,0x28,0x28,0x4A,0x8E,0x00}},
	{0x7B75, {0x48,0x6E,0xB4,0x02,0xDC,0x44,0x96,0x54,0xDE,0x40,0xBE,0x00}},
	{0x7B65, {0x48,0x6E,0xB4,0x00,0x7C,0x44,0x7C,0x10,0xFE,0x82,0xFE,0x00}},
	{0x7B74, {0x48,0x6E,0xB4,0x10,0xFE,0x54,0x54,0xBA,0x10,0x28,0xC6,0x00}},
	{0x7B67, {0x48,0x6E,0xB4,0x00,0x7C,0x44,0x7C,0x44,0x7C,0x2A,0xCE,0x00}},
	{0x7B70, {0x48,0x6E,0xB4,0x28,0x2E,0x58,0xCE,0x48,0x4E,0x48,0x48,0x00}},
	{0x7B71, {0x48,0x6E,0xB4,0x28,0x2E,0x5A,0xEA,0x64,0x64,0x4A,0x52,0x00}},
	{0x7B6C, {0x48,0x6E,0xB4,0x04,0x7E,0x44,0x74,0x56,0x54,0x64,0x8A,0x00}},
	{0x7B6E, {0x48,0x6E,0xB4,0x00,0x7C,0x10,0x54,0x54,0xBA,0x10,0xFE,0x00}},
	{0x7B9D, {0x48,0x6E,0xB4,0x00,0x54,0xFE,0x54,0x5C,0xD4,0x54,0xDC,0x00}},
	{0x7B98, {0x48,0x6E,0xB4,0xFE,0x8A,0xB2,0xFE,0xBA,0xD6,0x92,0xFE,0x00}},
	{0x7B9F, {0x48,0x6E,0xB4,0x7C,0x7C,0x44,0x7C,0x48,0x6C,0x4A,0xEE,0x00}},
	{0x7B8D, {0x48,0x6E,0xB4,0x54,0xDE,0x74,0x5E,0xD4,0x5E,0x54,0xDE,0x00}},
	{0x7B9C, {0x48,0x6E,0xB4,0x10,0xFE,0xAA,0x4C,0x00,0x7C,0x10,0xFE,0x00}},
	{0x7B9A, {0x48,0x6E,0xB4,0x22,0x52,0x8A,0x7A,0x0A,0x72,0x52,0x76,0x00}},
	{0x7B8B, {0x48,0x6E,0xB4,0x08,0xFA,0x0C,0x32,0xFC,0x0A,0x0C,0x72,0x00}},
	{0x7B92, {0x48,0x6E,0xB4,0x7C,0x04,0xFE,0x04,0xFE,0x92,0x7C,0x54,0x00}},
	{0x7B8F, {0x48,0x6E,0xB4,0x38,0x54,0xFC,0x14,0xFE,0x14,0x7C,0x30,0x00}},
	{0x7B5D, {0x48,0x6E,0xB4,0x38,0x48,0xFC,0x14,0xFE,0x14,0x7C,0x30,0x00}},
	{0x7B99, {0x48,0x6E,0xB4,0x00,0xEE,0xAA,0xE8,0xAE,0xEA,0xAC,0xAA,0x00}},
	{0x7BCB, {0x48,0x6E,0xB4,0xFE,0x88,0xBE,0x94,0xAA,0x88,0x94,0xFE,0x00}},
	{0x7BC1, {0x48,0x6E,0xB4,0x10,0x7C,0x44,0x7C,0x44,0xFE,0x10,0xFE,0x00}},
	{0x7BCC, {0x48,0x6E,0xB4,0x00,0x2C,0x44,0xDE,0x4C,0x5E,0x44,0x5A,0x00}},
	{0x7BCF, {0x48,0x6E,0xB4,0x00,0x54,0xF6,0x5A,0x74,0x54,0x54,0x7A,0x00}},
	{0x7BB4, {0x48,0x6E,0xB4,0x04,0x7E,0x44,0x74,0x46,0x74,0x74,0x8A,0x00}},
	{0x7BC6, {0x48,0x6E,0xB4,0x20,0x3C,0x48,0xFE,0x30,0xDA,0x2C,0xDA,0x00}},
	{0x7BDD, {0x48,0x6E,0xB4,0x28,0x7C,0x28,0xFE,0x7C,0x54,0xFE,0x44,0x00}},
	{0x7BE9, {0x48,0x6E,0xB4,0x40,0xEE,0xA4,0xFE,0x96,0xF6,0xA4,0xE4,0x00}},
	{0x7C11, {0x48,0x6E,0xB4,0x10,0xFE,0x44,0xFE,0x44,0x7C,0xA8,0x36,0x00}},
	{0x7C14, {0x48,0x6E,0xB4,0x10,0xFE,0x28,0xFE,0x28,0x7E,0xA8,0x36,0x00}},
	{0x7BE6, {0x48,0x6E,0xB4,0x7C,0x6C,0x54,0x7C,0x48,0x6C,0x4A,0xEE,0x00}},
	{0x7BE5, {0x48,0x6E,0xB4,0xFE,0x28,0x7C,0x7C,0x10,0xFE,0x38,0xD6,0x00}},
	{0x7C60, {0x48,0x6E,0xB4,0x26,0xF4,0x56,0xF2,0x54,0x76,0x54,0x56,0x00}},
	{0x7C00, {0x48,0x6E,0xB4,0x7C,0x10,0xFE,0x44,0x7C,0x44,0x7C,0x82,0x00}},
	{0x7C07, {0x48,0x6E,0xB4,0x48,0xEE,0x50,0x6E,0xB4,0xAE,0x24,0x6A,0x00}},
	{0x7C13, {0x48,0x6E,0xB4,0x00,0xFA,0xAC,0xFA,0xAC,0xD8,0xFA,0x8C,0x00}},
	{0x7BF3, {0x48,0x6E,0xB4,0x7C,0x54,0x7C,0x54,0xFE,0x54,0xFE,0x10,0x00}},
	{0x7BF7, {0x48,0x6E,0xB4,0x0C,0x94,0x08,0x36,0xC8,0x7E,0x48,0xBE,0x00}},
	{0x7C17, {0x48,0x6E,0xB4,0x00,0xBC,0x14,0xB6,0x2C,0xFE,0x38,0xD6,0x00}},
	{0x7C0D, {0x48,0x6E,0xB4,0x10,0x7C,0xFE,0x54,0x7C,0xFE,0x28,0xF6,0x00}},
	{0x7BF6, {0x48,0x6E,0xB4,0x78,0x1C,0x50,0xFE,0x40,0x7E,0x02,0xAA,0x00}},
	{0x7C23, {0x48,0x6E,0xB4,0x7C,0x54,0xFE,0x44,0x7C,0x44,0x7C,0x82,0x00}},
	{0x7C27, {0x48,0x6E,0xB4,0x28,0x7C,0x28,0xFE,0x7C,0x54,0x7C,0x82,0x00}},
	{0x7C2A, {0x48,0x6E,0xB4,0x7E,0x6C,0xFE,0x6C,0xB6,0x7C,0x44,0x7C,0x00}},
	{0x7C1F, {0x48,0x6E,0xB4,0xFE,0xAA,0xFE,0x44,0x7C,0x10,0xFE,0x10,0x00}},
	{0x7C37, {0x48,0x6E,0xBC,0x44,0xFE,0x56,0x60,0x5C,0x40,0x5E,0x9E,0x00}},
	{0x7C2B, {0x48,0x6E,0xB4,0x7C,0x14,0xFE,0x6A,0x6E,0x42,0x6E,0xAA,0x00}},
	{0x7C3D, {0x48,0x6E,0x94,0x28,0xFE,0x00,0xEE,0xAA,0xEE,0x44,0xAA,0x00}},
	{0x7C4C, {0x48,0x6E,0xB4,0x10,0xFE,0x10,0xFE,0x02,0xFE,0x64,0x6C,0x00}},
	{0x7C43, {0x48,0x6E,0xB4,0x08,0xEE,0xC0,0xEE,0x00,0x7C,0x54,0xFE,0x00}},
	{0x7C54, {0x48,0x6E,0xB4,0x24,0x76,0xFA,0x2A,0x7A,0xF4,0x54,0xEA,0x00}},
	{0x7C4F, {0x48,0x6E,0xB0,0x4A,0xEE,0x4A,0x6E,0xAA,0xBE,0x20,0x6A,0x00}},
	{0x7C40, {0x48,0x6E,0xB4,0x48,0xD6,0x56,0x5A,0xC0,0x5E,0x56,0xDE,0x00}},
	{0x7C50, {0x48,0x6E,0xB4,0x14,0xEA,0xBC,0xE8,0xB4,0xEA,0xBC,0xAA,0x00}},
	{0x7C58, {0x48,0x6E,0xB4,0x14,0xEA,0xBC,0xE8,0xB4,0xFA,0xA8,0xAA,0x00}},
	{0x7C5F, {0x48,0x6E,0xB4,0x2E,0xF6,0x7A,0x70,0x26,0x76,0xA0,0x2A,0x00}},
	{0x7C64, {0x48,0x6E,0xB4,0x04,0x56,0xAC,0xFE,0x54,0xDE,0x54,0xFA,0x00}},
	{0x7C56, {0x48,0x6E,0xB4,0x24,0x76,0x24,0xFE,0x54,0xDE,0x54,0xFA,0x00}},
	{0x7C65, {0x48,0x6E,0xB4,0x10,0x28,0xFE,0x54,0xFE,0xAA,0xFE,0xAA,0x00}},
	{0x7C6C, {0x48,0x6E,0xB4,0x4A,0xEE,0xBC,0xEE,0x4C,0xEE,0xEC,0xAE,0x00}},
	{0x7C75, {0x24,0xB4,0xA4,0x24,0xFE,0x24,0x64,0x74,0xA4,0x24,0x24,0x00}},
	{0x7C83, {0x54,0xD4,0xD4,0x5E,0xD4,0x54,0xD4,0xD4,0xD4,0x5C,0x76,0x00}},
	{0x7C90, {0x5E,0xC0,0xDE,0x52,0xD2,0x52,0xDE,0xD0,0xD0,0x50,0x60,0x00}},
	{0x7CA4, {0x10,0x7C,0x6C,0x54,0x7C,0x54,0xFE,0x40,0x7C,0x04,0x1C,0x00}},
	{0x7CAD, {0x48,0xD4,0xE2,0x5C,0xC0,0x40,0xDE,0xD2,0xD2,0x52,0x5E,0x00}},
	{0x7CA2, {0x10,0xDE,0x2A,0x48,0xB6,0x00,0x54,0xFE,0x38,0x54,0x92,0x00}},
	{0x7CAB, {0x7E,0xD0,0xD0,0x7E,0xEA,0x6A,0xEA,0xEA,0xEA,0x6A,0x6A,0x00}},
	{0x7CA1, {0x5E,0xD2,0xDE,0x52,0xDE,0x56,0xD6,0xD6,0xDE,0x52,0x56,0x00}},
	{0x7CA8, {0x5E,0xE8,0xC8,0x5E,0xF2,0x52,0xDE,0xF2,0xD2,0x52,0x5E,0x00}},
	{0x7CB3, {0x7E,0xC8,0xFE,0x6A,0xFE,0x6A,0xFE,0xC8,0xD8,0x48,0x76,0x00}},
	{0x7CB2, {0x2E,0x32,0x6A,0xA4,0x4A,0x90,0x54,0xFE,0x38,0x54,0x92,0x00}},
	{0x7CB1, {0xBC,0x14,0xB6,0x14,0xAC,0x10,0x54,0xFE,0x38,0x54,0x92,0x00}},
	{0x7CAE, {0x44,0xDE,0xD2,0x5E,0xD2,0x5E,0xD4,0xD6,0xD4,0x52,0x5A,0x00}},
	{0x7CB9, {0x48,0xFE,0xD4,0x54,0xEA,0x48,0xC8,0xFE,0xC8,0x48,0x48,0x00}},
	{0x7CBD, {0x48,0xFE,0xE2,0x5C,0xC0,0x7E,0xC8,0xEA,0xEA,0x48,0x58,0x00}},
	{0x7CC0, {0x54,0xFE,0xD4,0x40,0xD4,0x54,0xF6,0xD4,0xD4,0x54,0x56,0x00}},
	{0x7CC5, {0x5C,0xC4,0xFE,0x5A,0xE8,0x48,0xFE,0xC8,0xDC,0x6A,0x48,0x00}},
	{0x7CC2, {0x54,0xFE,0xD4,0x5C,0xD4,0x5C,0xD4,0xFE,0xF6,0x60,0x7E,0x00}},
	{0x7CD8, {0x48,0xFE,0xE2,0x5C,0xD8,0x6E,0xD4,0xEC,0xD4,0x66,0x58,0x00}},
	{0x7CD2, {0x54,0xFE,0xD4,0x7E,0xD0,0x5E,0xEA,0xFE,0xEA,0x7E,0x6A,0x00}},
	{0x7CDC, {0x08,0x7E,0x54,0x7E,0x7E,0x54,0x40,0x6A,0x7E,0x5C,0xAA,0x00}},
	{0x7CE2, {0x54,0xFE,0xD4,0x7E,0xE2,0x7E,0xC8,0xFE,0xC8,0x54,0x62,0x00}},
	{0x9B3B, {0xD6,0x7A,0xD6,0xBC,0xD6,0x7A,0xFE,0xAA,0xCE,0xBA,0x92,0x00}},
	{0x7CEF, {0x5C,0xC8,0xFE,0x6A,0xC0,0x7E,0xC8,0xFE,0xEA,0x6A,0x6A,0x00}},
	{0x7CF2, {0x5E,0xD0,0xDA,0x5E,0xDA,0x5E,0xDE,0xD4,0xEE,0x4E,0x4A,0x00}},
	{0x7CF4, {0xDE,0x4A,0x5E,0xAA,0x00,0xAA,0x5E,0xF4,0x5E,0xF4,0x5E,0x00}},
	{0x7CF6, {0xBE,0xEA,0xBE,0xEA,0x00,0xAA,0x5E,0xF4,0x5E,0xF4,0x5E,0x00}},
	{0x7CFA, {0x48,0x48,0x88,0xC8,0x48,0xA8,0xC8,0x48,0xEA,0x4A,0x4E,0x00}},
	{0x7D06, {0x5E,0x44,0x84,0xC4,0x5E,0xA4,0xC4,0x44,0xE4,0x44,0x4C,0x00}},
	{0x7D02, {0x44,0x44,0xBE,0xC4,0x44,0x94,0xCC,0x44,0xE4,0x44,0x4C,0x00}},
	{0x7D1C, {0x4E,0x40,0x80,0xDE,0x44,0xA4,0xC8,0x48,0xEA,0x52,0x5E,0x00}},
	{0x7D15, {0x54,0x54,0x94,0xDE,0x54,0x94,0xD4,0x54,0xD4,0x5C,0x76,0x00}},
	{0x7D0A, {0x10,0xFE,0x44,0x38,0xC6,0x10,0x60,0x14,0xFE,0x54,0x92,0x00}},
	{0x7D45, {0x5E,0x52,0x92,0xDE,0x56,0xB6,0xD6,0x5E,0xF2,0x52,0x56,0x00}},
	{0x7D4B, {0x44,0x5E,0x90,0xD4,0x54,0x94,0xD4,0x68,0xCA,0x52,0x5E,0x00}},
	{0x7D2E, {0x28,0xF8,0x28,0x7A,0xAE,0x10,0x60,0x14,0xFE,0x54,0x92,0x00}},
	{0x7D32, {0x6A,0x6A,0xAA,0xFE,0x6A,0xAA,0xEA,0x6E,0xE0,0x60,0x7E,0x00}},
	{0x7D3F, {0x44,0x44,0x88,0xCA,0x5E,0x80,0xCE,0x4A,0xEA,0x4A,0x4E,0x00}},
	{0x7D35, {0x44,0x5E,0x92,0xC0,0x5E,0xA4,0xC4,0x44,0xE4,0x44,0x4C,0x00}},
	{0x7D46, {0x48,0x5C,0xAA,0xC8,0x5C,0x88,0xC8,0x7E,0xC8,0x48,0x48,0x00}},
	{0x7D73, {0x4E,0x4A,0x94,0xC4,0x5A,0x84,0xDE,0x54,0xDE,0x44,0x44,0x00}},
	{0x7D56, {0x48,0x6A,0xAA,0xC8,0x7E,0x94,0xD4,0x54,0xD4,0x54,0x66,0x00}},
	{0x7D4E, {0x56,0x50,0xA0,0xCE,0x52,0xB2,0xD2,0x52,0xD2,0x52,0x56,0x00}},
	{0x7D72, {0x44,0x44,0x88,0xCC,0x44,0xAA,0xCC,0x44,0xEE,0x44,0x44,0x00}},
	{0x7D68, {0x4A,0x48,0xBE,0xC4,0x54,0xBC,0xD6,0x54,0xE4,0x4A,0x52,0x00}},
	{0x7D6E, {0x2E,0xFA,0x5A,0x2A,0xDE,0x10,0x60,0x14,0xFE,0x54,0x92,0x00}},
	{0x7D4F, {0x48,0x7E,0xAA,0xFE,0x6A,0xBE,0xC8,0x4A,0xC4,0x4C,0x72,0x00}},
	{0x7D63, {0x54,0x48,0xBE,0xD4,0x54,0xBE,0xD4,0x54,0xD4,0x54,0x64,0x00}},
	{0x7D93, {0x5E,0x4A,0x8A,0xD4,0x4A,0xAA,0xC0,0x5E,0xE4,0x44,0x5E,0x00}},
	{0x7D89, {0x44,0x58,0x88,0xFE,0x5C,0xAA,0xFC,0x54,0xD6,0x52,0x66,0x00}},
	{0x7D5B, {0x28,0x2E,0x5A,0x64,0xFA,0x70,0x6A,0x7E,0x64,0x56,0x44,0x00}},
	{0x7D8F, {0x5C,0x40,0x94,0xEA,0x40,0x88,0xFE,0x54,0xD8,0x4C,0x72,0x00}},
	{0x7D7D, {0x5E,0x52,0x92,0xDE,0x48,0x88,0xDE,0x52,0xF2,0x52,0x5E,0x00}},
	{0x7D9B, {0x5E,0x4A,0x9A,0xCE,0x4A,0x96,0xC0,0x54,0xD0,0x72,0x6E,0x00}},
	{0x7DBA, {0x48,0x7E,0x88,0xD4,0x62,0xBE,0xC2,0x7A,0xEA,0x7A,0x46,0x00}},
	{0x7DAE, {0xF4,0x06,0x7A,0x54,0x74,0x8A,0x30,0x24,0xFE,0x54,0x92,0x00}},
	{0x7DA3, {0x48,0x5C,0xAA,0xC8,0x7E,0x94,0xE2,0x5C,0xD4,0x52,0x5E,0x00}},
	{0x7DB5, {0x5C,0x40,0x94,0xEA,0x40,0x88,0xFE,0x48,0xDC,0x6A,0x48,0x00}},
	{0x7DC7, {0x4A,0x4A,0x94,0xCA,0x4A,0x9E,0xD6,0x5E,0xF6,0x56,0x5E,0x00}},
	{0x7DBD, {0x48,0x4E,0x88,0xDC,0x54,0x9C,0xD4,0x5C,0xC8,0x7E,0x48,0x00}},
	{0x7DAB, {0x4A,0x7C,0x8A,0xC4,0x5A,0x80,0xCA,0x7C,0xCA,0x44,0x5A,0x00}},
	{0x7E3D, {0x48,0x5E,0x9A,0xDE,0x56,0x9A,0xDE,0x40,0xD4,0x72,0x6E,0x00}},
	{0x7DA2, {0x7E,0x62,0xAA,0xFE,0x6A,0xBE,0xEA,0x76,0xFE,0x62,0x66,0x00}},
	{0x7DAF, {0x50,0x5E,0xB2,0xDE,0x6A,0x9E,0xCA,0x6A,0xFE,0x42,0x46,0x00}},
	{0x7DDC, {0x2E,0xF4,0x98,0xFC,0x94,0xFA,0x2E,0xF4,0xAE,0xAE,0x24,0x00}},
	{0x7DB8, {0x48,0x54,0xA2,0xDC,0x40,0xBE,0xEA,0x7E,0xEA,0x6A,0x6A,0x00}},
	{0x7D9F, {0x5E,0x40,0x9E,0xD2,0x5E,0x94,0xDE,0x54,0xE4,0x4A,0x52,0x00}},
	{0x7DB0, {0x44,0x5E,0x92,0xCE,0x4A,0xAE,0xC8,0x4E,0xEA,0x4A,0x4E,0x00}},
	{0x7DD8, {0x4A,0x48,0xBE,0xE4,0x7C,0xA4,0xFE,0x6C,0xEC,0x7A,0x4A,0x00}},
	{0x7DDD, {0x5C,0x54,0x9C,0xC0,0x7E,0x94,0xDC,0x54,0xDE,0x74,0x44,0x00}},
	{0x7DE4, {0x6A,0x7E,0xAA,0xEE,0x60,0xBE,0xC8,0x7E,0xDC,0x6A,0x48,0x00}},
	{0x7DDE, {0x48,0x56,0x96,0xDA,0x50,0xB6,0xD2,0x5A,0xF4,0x54,0x5A,0x00}},
	{0x7DFB, {0x44,0x7C,0x96,0xD6,0x66,0xBE,0xD6,0x7C,0xD4,0x7A,0x4A,0x00}},
	{0x7DF2, {0x42,0x7A,0xAE,0xFE,0x6E,0xAA,0xFA,0x68,0xEA,0x7A,0x44,0x00}},
	{0x7DE1, {0x5E,0x52,0x9E,0xD4,0x5A,0x80,0xDE,0x52,0xDE,0x52,0x5E,0x00}},
	{0x7E05, {0x4A,0x48,0xBE,0xE4,0x7C,0xAC,0xFE,0x74,0xDC,0x4C,0x52,0x00}},
	{0x7E0A, {0x54,0x62,0x80,0xDC,0x40,0x94,0xE2,0x40,0xDC,0x5C,0x7E,0x00}},
	{0x7E23, {0x6E,0x64,0xE8,0xEC,0xE4,0x8A,0xFE,0x24,0xB6,0xB6,0x24,0x00}},
	{0x7E21, {0x48,0x7E,0xA2,0xC8,0x7E,0x94,0xFE,0x48,0xFE,0x48,0x48,0x00}},
	{0x7E12, {0x54,0x7E,0x88,0xDC,0x48,0xBE,0xD0,0x5E,0xD4,0x64,0x5E,0x00}},
	{0x7E31, {0x54,0x54,0xAA,0xC0,0x54,0xB4,0xD6,0x54,0xD4,0x5C,0x56,0x00}},
	{0x7E1F, {0x5E,0x50,0x96,0xD0,0x5E,0x94,0xDA,0x64,0xFE,0x54,0x4C,0x00}},
	{0x7E09, {0x7E,0x52,0xA4,0xF6,0x7E,0x80,0xDC,0x54,0xDC,0x54,0x5C,0x00}},
	{0x7E0B, {0x52,0x46,0x86,0xD6,0x44,0x86,0xF6,0x56,0xD6,0x50,0x6E,0x00}},
	{0x7E22, {0xE8,0xBC,0xAA,0xE8,0xBE,0xB4,0xF2,0xA8,0xBE,0xA8,0xAA,0x00}},
	{0x7E46, {0x76,0x52,0xB6,0xD2,0x48,0x94,0xEA,0x44,0xCA,0x44,0x58,0x00}},
	{0x7E66, {0x7E,0x5A,0x9E,0xF4,0x6E,0xAA,0xFE,0x54,0xD4,0x56,0x7E,0x00}},
	{0x7E3B, {0x08,0x7E,0x54,0x7E,0x7E,0x54,0x68,0x52,0x7E,0x48,0xAA,0x00}},
	{0x7E35, {0x5C,0x54,0x9C,0xD4,0x7E,0xAA,0xFE,0x54,0xC8,0x54,0x62,0x00}},
	{0x7E39, {0x7E,0x54,0xBE,0xFE,0x40,0x9C,0xC0,0x7E,0xC8,0x6A,0x58,0x00}},
	{0x7E43, {0x6A,0x6A,0xBE,0xC0,0x76,0xB6,0xF6,0x76,0xF6,0x76,0x5A,0x00}},
	{0x7E37, {0x48,0x5C,0xBE,0xC8,0x5C,0x9C,0xC8,0x7E,0xD4,0x4C,0x72,0x00}},
	{0x7E32, {0x7E,0x6A,0xBE,0xEA,0x7E,0x90,0xCA,0x7E,0xC8,0x6A,0x48,0x00}},
	{0x7E3A, {0x54,0x4E,0x94,0xCE,0x4E,0xBE,0xD4,0x5E,0xD4,0x50,0x6E,0x00}},
	{0x7E67, {0x5C,0x48,0xBE,0xEA,0x40,0x9C,0xC0,0x7E,0xC8,0x54,0x7A,0x00}},
	{0x7E5D, {0x76,0x76,0xB6,0xF6,0x62,0xAE,0xEE,0x6E,0xEE,0x76,0x62,0x00}},
	{0x7E56, {0x68,0x78,0xAE,0xFA,0x4A,0xBA,0xEA,0x7C,0xEC,0x6A,0x6A,0x00}},
	{0x7E5E, {0x48,0x5C,0x88,0xFE,0x54,0xBE,0xC0,0x7E,0xD4,0x54,0x66,0x00}},
	{0x7E59, {0x5C,0x48,0xAA,0xFE,0x5C,0xAA,0xFE,0x6A,0xFE,0x6A,0x7E,0x00}},
	{0x7E5A, {0x48,0x7E,0x88,0xEA,0x54,0xBE,0xD4,0x5C,0xC8,0x6A,0x58,0x00}},
	{0x7E79, {0x7E,0x6A,0xBE,0xC8,0x5C,0xBE,0xD4,0x7E,0xC8,0x7E,0x48,0x00}},
	{0x7E6A, {0x48,0x54,0xBE,0xC0,0x7E,0xAA,0xFE,0x54,0xDC,0x54,0x5C,0x00}},
	{0x7E69, {0x7E,0x76,0xB6,0xD4,0x76,0xB6,0xF6,0x76,0xD4,0x54,0x5E,0x00}},
	{0x7E7C, {0x5A,0x54,0x9A,0xD4,0x5E,0xB0,0xDA,0x54,0xFA,0x54,0x5E,0x00}},
	{0x7E7B, {0x5C,0x48,0xBE,0xEA,0x40,0xBE,0xC8,0x7E,0xEA,0x6A,0x6A,0x00}},
	{0x7E83, {0x48,0x7E,0x88,0xF6,0x54,0xAA,0xDC,0x54,0xDC,0x54,0x64,0x00}},
	{0x7DD5, {0x44,0x5E,0x8A,0xC4,0x5A,0xAA,0xCE,0x4A,0xEE,0x4A,0x52,0x00}},
	{0x7E7D, {0x48,0x7E,0xA2,0xDC,0x6A,0x8C,0xF4,0x5C,0xD4,0x5C,0x62,0x00}},
	{0x8FAE, {0x54,0xD6,0xAA,0xBA,0xD6,0x6C,0x74,0xD6,0x7C,0x54,0x94,0x00}},
	{0x7E7F, {0x74,0x66,0xB0,0xF0,0x66,0xB0,0xC0,0x5C,0xDC,0x5C,0x7E,0x00}},
	{0x7E88, {0x56,0x54,0xBE,0xD6,0x56,0xBE,0xC6,0x7E,0xEE,0x78,0x4A,0x00}},
	{0x7E89, {0x54,0x7E,0x94,0xEA,0x5C,0x94,0xDC,0x54,0xDC,0x40,0x62,0x00}},
	{0x7E8C, {0x48,0x7E,0x88,0xFE,0x76,0xBE,0xD4,0x5C,0xD4,0x5C,0x62,0x00}},
	{0x7E92, {0x5E,0x50,0x9E,0xDE,0x54,0x9E,0xD0,0x5A,0xD0,0x64,0x5E,0x00}},
	{0x7E90, {0x56,0x7C,0xAC,0xEE,0x46,0xAE,0xEE,0x56,0xD6,0x68,0x4A,0x00}},
	{0x7E93, {0x76,0x76,0xB6,0xC0,0x6A,0x90,0xFE,0x54,0xD8,0x4C,0x72,0x00}},
	{0x7E94, {0x4C,0x54,0xBE,0xE4,0x76,0x8C,0xD4,0x7E,0xEA,0x5C,0x66,0x00}},
	{0x7E96, {0x54,0x56,0xAC,0xC4,0x7E,0x94,0xFC,0x56,0xFC,0x54,0x7A,0x00}},
	{0x7E8E, {0x56,0x7C,0x94,0xFE,0x54,0xBC,0xD6,0x7C,0xD4,0x5C,0x72,0x00}},
	{0x7E9B, {0x10,0xFE,0x7C,0xFE,0x64,0x68,0x84,0xFE,0x24,0xB6,0x24,0x00}},
	{0x7E9C, {0x74,0x66,0xB0,0xE6,0x7E,0x94,0xDC,0x54,0xDC,0x54,0x66,0x00}},
	{0x7F38, {0x80,0xFE,0xA4,0x24,0xF4,0x24,0x24,0xB4,0xB4,0xF4,0x0E,0x00}},
	{0x7F3A, {0x84,0xFE,0xA6,0x26,0xF6,0x2E,0x24,0xB4,0xB4,0xF4,0x0A,0x00}},
	{0x7F45, {0x84,0xE6,0xC4,0x5E,0xF4,0x56,0x5C,0xF4,0xEE,0xE4,0x0C,0x00}},
	{0x7F4C, {0xEE,0xAA,0xEE,0x00,0xAA,0x40,0x7C,0x90,0xFE,0x54,0x7C,0x00}},
	{0x7F4D, {0x7C,0x7C,0x7C,0xEE,0xEE,0x40,0x7C,0x90,0xFE,0x54,0x7C,0x00}},
	{0x7F4E, {0x8E,0xEA,0xCE,0x4A,0xFE,0x56,0x40,0xEE,0xE4,0xEA,0x1E,0x00}},
	{0x7F50, {0x94,0xFE,0xD4,0x76,0xF6,0x54,0x5E,0xF4,0xDE,0xD4,0x1E,0x00}},
	{0x7F51, {0xFE,0x82,0x96,0xD6,0xAA,0xAA,0xAA,0xD6,0xD2,0x82,0x86,0x00}},
	{0x7F55, {0xFE,0xAA,0x28,0x4C,0x00,0x7C,0x10,0xFE,0x10,0x10,0x10,0x00}},
	{0x7F54, {0xFE,0x82,0xAA,0x92,0xFE,0x92,0xFE,0xA2,0xA2,0xBA,0x86,0x00}},
	{0x7F58, {0xFE,0xAA,0xFE,0x00,0xFE,0x10,0x30,0x54,0x92,0x10,0x10,0x00}},
	{0x7F5F, {0xFE,0xAA,0xFE,0x10,0xFE,0x10,0x10,0x7C,0x44,0x44,0x7C,0x00}},
	{0x7F60, {0xFE,0xAA,0xFE,0x00,0x7C,0x44,0x7C,0x50,0x7E,0x48,0xE6,0x00}},
	{0x7F68, {0xFE,0xAA,0xFE,0x10,0xFE,0x54,0xFE,0x54,0x7C,0x12,0x1E,0x00}},
	{0x7F69, {0xFE,0xAA,0xFE,0x10,0x1E,0x7C,0x44,0x7C,0x44,0xFE,0x10,0x00}},
	{0x7F67, {0xFE,0xAA,0xFE,0x24,0xFE,0x24,0x6C,0x6C,0xB6,0x24,0x24,0x00}},
	{0x7F78, {0xFE,0xAA,0xFE,0x04,0xE4,0x1E,0xE4,0x14,0xE4,0xA4,0xEC,0x00}},
	{0x7F82, {0xFE,0xAA,0xFE,0x52,0x9E,0x40,0xBE,0xD2,0x5E,0xF2,0x56,0x00}},
	{0x7F86, {0xFE,0xAA,0xFE,0x44,0x96,0xF4,0x96,0xF4,0x96,0x00,0xAA,0x00}},
	{0x7F83, {0xFE,0xAA,0xFE,0x28,0xFE,0x44,0xFE,0x54,0x92,0x7C,0x54,0x00}},
	{0x7F88, {0xFE,0xAA,0xFE,0x00,0xAE,0xEC,0xAE,0xEC,0x4E,0xE2,0x56,0x00}},
	{0x7F87, {0xFE,0xAA,0xFE,0x04,0xAE,0xE4,0xAA,0xFE,0x4A,0xEE,0x42,0x00}},
	{0x7F8C, {0x44,0xFE,0x10,0x7C,0x10,0x10,0xFE,0x28,0x28,0x4A,0x8E,0x00}},
	{0x7F94, {0x44,0x08,0xFE,0x10,0x7C,0x10,0x10,0xFE,0x00,0x54,0xAA,0x00}},
	{0x7F9E, {0x44,0xFE,0x10,0x7C,0x10,0xFE,0x7C,0x54,0x7E,0x54,0xBE,0x00}},
	{0x7F9D, {0xA2,0x5C,0xF4,0x54,0xFE,0x54,0x74,0xD4,0x5A,0x42,0x9A,0x00}},
	{0x7F9A, {0xA8,0x54,0xE2,0x5C,0xE0,0x5E,0x6A,0xCA,0x4A,0x48,0x88,0x00}},
	{0x7FA3, {0x7C,0x14,0xFE,0x32,0xDE,0x28,0xFE,0x10,0xFE,0x10,0x10,0x00}},
	{0x7FAF, {0xAE,0x4A,0xEE,0x4A,0xEE,0x48,0x6E,0xDA,0x56,0x5A,0x86,0x00}},
	{0x7FB2, {0x44,0xFE,0x10,0x7C,0x10,0xFE,0x68,0xFC,0x4A,0x24,0x6A,0x00}},
	{0x7FB9, {0x44,0xFE,0x10,0x7C,0x00,0xAA,0x10,0x7C,0xFE,0x28,0xC6,0x00}},
	{0x7FAE, {0x44,0xFE,0x10,0x7C,0x00,0xAA,0x7C,0x10,0xFE,0x28,0xC6,0x00}},
	{0x7FB6, {0xA4,0x5E,0xE0,0x5E,0xFA,0x5E,0x6E,0xCA,0x4E,0x40,0x9E,0x00}},
	{0x7FB8, {0x10,0xFE,0x40,0x7C,0x00,0x6E,0x56,0x7E,0x56,0x7A,0x92,0x00}},
	{0x8B71, {0x44,0xFE,0x10,0xFE,0x10,0xD6,0x10,0xD6,0x10,0xD6,0xD6,0x00}},
	{0x7FC5, {0x5E,0x4A,0xEE,0x5A,0xEA,0x2E,0xBA,0x4A,0x4A,0x60,0x9E,0x00}},
	{0x7FC6, {0xEE,0x66,0xAA,0x20,0x78,0x2A,0xCE,0x10,0xFE,0x10,0x10,0x00}},
	{0x7FCA, {0x5E,0x4A,0xEA,0x2E,0xBA,0xAA,0xAE,0x5A,0x6A,0xCA,0x0A,0x00}},
	{0x7FD5, {0x10,0x28,0xFE,0x44,0x7C,0xEE,0x66,0xAA,0x66,0xAA,0x66,0x00}},
	{0x7FD4, {0xBE,0x4A,0xEA,0x5E,0xEA,0x4A,0x6E,0xDA,0x4A,0x4A,0x8A,0x00}},
	{0x7FE1, {0x28,0xEE,0x28,0xEE,0x28,0xEE,0x66,0xAA,0x66,0xAA,0x66,0x00}},
	{0x7FE6, {0x44,0xFE,0x54,0x74,0x54,0xEE,0x66,0xAA,0x66,0xAA,0x66,0x00}},
	{0x7FE9, {0xDE,0x0A,0xEA,0xAE,0xFA,0x8A,0xEE,0xFA,0xEA,0xEA,0xAA,0x00}},
	{0x7FF3, {0xFE,0xCA,0xF0,0xAE,0xD4,0xFA,0x00,0xEE,0x66,0xAA,0x66,0x00}},
	{0x7FF9, {0x5E,0xEA,0x4E,0xFA,0x6A,0xEE,0x1A,0xEA,0x4A,0x40,0xBE,0x00}},
	{0x98DC, {0xFC,0x54,0xF6,0x54,0xB2,0x50,0xFE,0xB4,0xF6,0xB4,0xF2,0x00}},
	{0x8006, {0x10,0x7A,0x14,0xFE,0x60,0xBE,0x7C,0x44,0x7C,0x44,0x7C,0x00}},
	{0x8004, {0x10,0x7A,0x14,0xFE,0x60,0xBC,0x1E,0xF0,0x1E,0xF0,0x1E,0x00}},
	{0x800B, {0x10,0x7A,0x14,0xFE,0x60,0xBC,0x10,0x28,0x74,0x10,0xFE,0x00}},
	{0x8012, {0x14,0x78,0x10,0x7C,0x10,0xFE,0x10,0x38,0x54,0x92,0x10,0x00}},
	{0x8018, {0x4E,0xE0,0x40,0xFE,0x44,0xE4,0x48,0xE8,0xCA,0x52,0x5E,0x00}},
	{0x8019, {0x5E,0xF6,0x56,0xF6,0x56,0xFE,0x50,0xF0,0xD2,0x52,0x5E,0x00}},
	{0x801C, {0x5E,0xF2,0x52,0xFE,0x50,0xFE,0x52,0xF2,0xD2,0x52,0x5E,0x00}},
	{0x8021, {0x44,0xFC,0x6E,0xFE,0x6E,0xEE,0x7E,0xEE,0xEA,0x72,0x46,0x00}},
	{0x8028, {0x5E,0xD0,0x56,0xD0,0x5E,0xF4,0x5A,0xC4,0xFE,0x54,0x4C,0x00}},
	{0x803F, {0xE4,0x64,0x64,0x76,0x74,0x64,0x64,0x64,0xEA,0x2A,0x32,0x00}},
	{0x803B, {0xE4,0x64,0x64,0x74,0x76,0x74,0x74,0x74,0xF4,0x34,0x3E,0x00}},
	{0x804A, {0xE8,0x76,0x76,0x76,0x76,0x76,0x76,0x7C,0xEC,0x2C,0x34,0x00}},
	{0x8046, {0xE8,0x74,0x62,0x6C,0x60,0x7E,0x6A,0x6A,0xEA,0x28,0x28,0x00}},
	{0x8052, {0xE2,0x6C,0x64,0x64,0x7E,0x64,0x64,0x6E,0xEA,0x2A,0x2E,0x00}},
	{0x8058, {0xE4,0x6E,0x6E,0x6E,0x6E,0x60,0x7E,0x68,0xEE,0x22,0x26,0x00}},
	{0x805A, {0xFE,0x62,0x6A,0x64,0xF4,0x2A,0x10,0x5A,0x94,0x54,0x92,0x00}},
	{0x805F, {0x80,0xEE,0x4A,0xAE,0x00,0xFE,0x44,0x7C,0x44,0xFE,0x04,0x00}},
	{0x8062, {0xE4,0x7E,0x72,0x6E,0x64,0x64,0x76,0x74,0xF4,0x34,0x2E,0x00}},
	{0x8068, {0xEA,0x74,0x6A,0x74,0x7E,0x60,0x6A,0x7E,0xEA,0x2A,0x32,0x00}},
	{0x8073, {0x54,0xAA,0x44,0xD6,0x54,0xFE,0x44,0x7C,0x44,0xFE,0x04,0x00}},
	{0x8072, {0x2E,0xFA,0x6E,0x64,0x8A,0xFE,0x44,0x7C,0x44,0xFE,0x04,0x00}},
	{0x8070, {0xE8,0x7E,0x7A,0x7E,0x76,0x7A,0x7E,0x60,0xF4,0x32,0x2E,0x00}},
	{0x8076, {0x7C,0x28,0x38,0x28,0x7C,0x08,0xFE,0x6C,0x6C,0xFE,0x24,0x00}},
	{0x8079, {0xE4,0x7E,0x72,0x6C,0x76,0x60,0x7E,0x76,0xFE,0x24,0x2C,0x00}},
	{0x807D, {0xE4,0x7E,0x64,0xFE,0x36,0xFE,0x60,0xFE,0x68,0xFA,0x36,0x00}},
	{0x807F, {0x10,0x7C,0x14,0xFE,0x14,0x7C,0x10,0x7C,0x10,0xFE,0x10,0x00}},
	{0x8084, {0x84,0xAE,0xC6,0xAE,0xE6,0xCE,0x44,0xEE,0x44,0x5E,0xA4,0x00}},
	{0x8086, {0x74,0x4E,0x66,0x4E,0x66,0x4E,0xF4,0x2E,0x44,0x5E,0xF4,0x00}},
	{0x8085, {0x10,0x7C,0x14,0xFE,0x14,0xFC,0x6A,0x6E,0x42,0x6E,0xAA,0x00}},
	{0x809B, {0xE0,0xAE,0xA4,0xE4,0xA4,0xA4,0xE4,0xA4,0xA4,0xA4,0xBE,0x00}},
	{0x8093, {0x10,0xFE,0x40,0x7C,0x00,0x7C,0x44,0x7C,0x44,0x44,0x4C,0x00}},
	{0x809A, {0xE4,0xA4,0xA4,0xEE,0xA4,0xA4,0xE4,0xA4,0xA4,0xA4,0xBE,0x00}},
	{0x80AD, {0xEC,0xA4,0xBE,0xF6,0xB6,0xB6,0xFA,0xB2,0xB2,0xB2,0xB6,0x00}},
	{0x5190, {0xFE,0x82,0xBA,0x82,0x7C,0x44,0x7C,0x44,0x7C,0x44,0x4C,0x00}},
	{0x80AC, {0xEA,0xA8,0xBE,0xE8,0xAC,0xAC,0xEC,0xAC,0xB4,0xB4,0xA6,0x00}},
	{0x80DB, {0xFE,0xB6,0xB6,0xFE,0xB6,0xB6,0xF6,0xBE,0xA4,0xA4,0xA4,0x00}},
	{0x80E5, {0xFE,0x12,0x5C,0x50,0xFE,0x44,0x7C,0x44,0x7C,0x44,0x4C,0x00}},
	{0x80D9, {0xE8,0xAE,0xB8,0xE8,0xAE,0xA8,0xE8,0xAE,0xA8,0xA8,0xA8,0x00}},
	{0x80DD, {0xE2,0xBC,0xB4,0xF4,0xBE,0xB4,0xF4,0xB4,0xBA,0xA2,0xBA,0x00}},
	{0x80C4, {0x10,0xFE,0x92,0xFE,0x92,0xFE,0x44,0x7C,0x44,0x44,0x4C,0x00}},
	{0x80DA, {0xFE,0xA4,0xA4,0xEC,0xAC,0xB6,0xF6,0xA4,0xA4,0xA4,0xBE,0x00}},
	{0x80D6, {0xE4,0xAC,0xB6,0xE4,0xAE,0xA4,0xE4,0xBE,0xA4,0xA4,0xA4,0x00}},
	{0x8109, {0xEC,0xA0,0xAC,0xE4,0xBE,0xAC,0xEC,0xAC,0xB6,0xA4,0xAC,0x00}},
	{0x80EF, {0xE4,0xBE,0xAA,0xF0,0xAE,0xA0,0xFE,0xA8,0xAE,0xA2,0xA6,0x00}},
	{0x80F1, {0xE4,0xB6,0xB4,0xE4,0xBE,0xAC,0xEC,0xAC,0xAC,0xB4,0xA6,0x00}},
	{0x811B, {0xFE,0xAA,0xAA,0xF4,0xAA,0xAA,0xE0,0xBE,0xA4,0xA4,0xBE,0x00}},
	{0x8129, {0x28,0x2E,0x5A,0x64,0xEA,0x70,0x6E,0x6A,0x6E,0x4A,0x4A,0x00}},
	{0x8123, {0x7E,0x5C,0x40,0x7E,0x54,0x9A,0x7C,0x44,0x7C,0x44,0x4C,0x00}},
	{0x812F, {0xEA,0xBE,0xA8,0xFE,0xAA,0xBE,0xEA,0xBE,0xAA,0xAA,0xAA,0x00}},
	{0x814B, {0xE4,0xBE,0xA8,0xEE,0xAA,0xAE,0xFA,0xAC,0xAC,0xAA,0xAA,0x00}},
	{0x968B, {0xC8,0xFE,0xD0,0x9E,0xE4,0xDE,0xD2,0xDE,0x92,0x92,0x96,0x00}},
	{0x8146, {0xEA,0xAA,0xBE,0xFA,0xBE,0xBA,0xFA,0xBE,0xA0,0xAA,0xB2,0x00}},
	{0x813E, {0xE8,0xBE,0xAA,0xFE,0xAA,0xBE,0xEC,0xB4,0xBE,0xA4,0xA4,0x00}},
	{0x8153, {0xEC,0xAC,0xBE,0xEC,0xBE,0xAC,0xEC,0xBE,0xAC,0xAC,0xB4,0x00}},
	{0x8151, {0xE4,0xBE,0xB0,0xEA,0xAE,0xB2,0xF2,0xBA,0xB2,0xB2,0xB6,0x00}},
	{0x80FC, {0xEA,0xA4,0xBE,0xEA,0xAA,0xBE,0xEA,0xAA,0xAA,0xAA,0xB2,0x00}},
	{0x8171, {0xFA,0xAE,0xAA,0xF6,0xBA,0xAE,0xEA,0xBE,0xAA,0xA8,0xB6,0x00}},
	{0x816E, {0xFE,0xAA,0xBE,0xEA,0xAA,0xBE,0xE0,0xAA,0xA8,0xBA,0xB6,0x00}},
	{0x8165, {0xEE,0xAA,0xAE,0xEA,0xAE,0xA4,0xEE,0xB4,0xAE,0xA4,0xBE,0x00}},
	{0x8166, {0xEA,0xAA,0xB4,0xEA,0xAA,0xBE,0xFA,0xB6,0xBA,0xB2,0xBE,0x00}},
	{0x8174, {0xE8,0xB6,0xB6,0xFE,0xB6,0xB6,0xFE,0xA4,0xA4,0xAA,0xB2,0x00}},
	{0x8183, {0xFE,0xAA,0xAA,0xF6,0xA2,0xBE,0xE0,0xAC,0xAC,0xAC,0xBE,0x00}},
	{0x8188, {0xEE,0xA0,0xAE,0xEA,0xAE,0xA0,0xFE,0xB2,0xBE,0xB6,0xB2,0x00}},
	{0x818A, {0xEA,0xBE,0xA8,0xFE,0xAA,0xBE,0xEA,0xA4,0xBE,0xB4,0xAC,0x00}},
	{0x8180, {0xE4,0xBE,0xAA,0xFE,0xB2,0xA4,0xFE,0xA8,0xAE,0xAA,0xB6,0x00}},
	{0x8182, {0x48,0xEE,0x58,0x6A,0x6C,0xAA,0x7C,0x44,0x7C,0x44,0x4C,0x00}},
	{0x81A0, {0xFE,0xAA,0xBE,0xEA,0xA4,0xAA,0xF4,0xA2,0xA4,0xA2,0xAC,0x00}},
	{0x8195, {0xFE,0xA2,0xA6,0xFE,0xA6,0xB6,0xF6,0xA2,0xBA,0xA2,0xBE,0x00}},
	{0x81A4, {0xEE,0xA4,0xBE,0xF6,0xAA,0xA0,0xEC,0xA4,0xBE,0xA4,0xAC,0x00}},
	{0x81A3, {0xE4,0xBE,0xBA,0xE0,0xBE,0xA8,0xFE,0xA4,0xAE,0xA4,0xBE,0x00}},
	{0x815F, {0xE4,0xBE,0xB2,0xEE,0xA4,0xAA,0xFE,0xA4,0xAE,0xA4,0xBE,0x00}},
	{0x8193, {0xE8,0xAE,0xBA,0xEE,0xAA,0xBE,0xE8,0xAE,0xB6,0xAA,0xB6,0x00}},
	{0x81A9, {0xE4,0xBE,0xA4,0xFC,0xA4,0xBC,0xE6,0xB4,0xB4,0xB4,0xAA,0x00}},
	{0x81B0, {0xFC,0xA8,0xAA,0xFE,0xBC,0xAA,0xFE,0xAA,0xBE,0xAA,0xBE,0x00}},
	{0x81B5, {0xF4,0xBE,0xB4,0xE8,0xBE,0xB4,0xEA,0xA8,0xBE,0xA8,0xA8,0x00}},
	{0x81BE, {0xE4,0xAA,0xBE,0xE0,0xBE,0xB6,0xFE,0xAA,0xAE,0xAA,0xAE,0x00}},
	{0x81B8, {0xE4,0xBE,0xA8,0xEE,0xB4,0xAE,0xE6,0xB6,0xB6,0xB0,0xAE,0x00}},
	{0x81BD, {0xEC,0xB4,0xBE,0xFA,0xB0,0xB6,0xF0,0xB6,0xB0,0xAE,0xAE,0x00}},
	{0x81C0, {0xEE,0xAA,0xC0,0xEE,0x84,0xAA,0x7C,0x44,0x7C,0x44,0x4C,0x00}},
	{0x81C2, {0x64,0x6E,0x4A,0xE4,0x6E,0x04,0x7C,0x44,0x7C,0x44,0x4C,0x00}},
	{0x81BA, {0x08,0x7E,0x54,0x6E,0x6C,0x6E,0x40,0x5E,0x52,0x5E,0x92,0x00}},
	{0x81C9, {0xE8,0xB4,0xA2,0xFC,0xA0,0xBE,0xEA,0xBE,0xB4,0xB4,0xAA,0x00}},
	{0x81CD, {0xE8,0xBE,0xA8,0xF6,0xB4,0xAA,0xFC,0xB4,0xBC,0xB4,0xA4,0x00}},
	{0x81D1, {0xEE,0xA4,0xBE,0xF6,0xA0,0xBE,0xE8,0xBE,0xAA,0xAA,0xAA,0x00}},
	{0x81D9, {0xEA,0xBE,0xAA,0xEC,0xBE,0xAC,0xEC,0xBE,0xA0,0xB4,0xAA,0x00}},
	{0x81D8, {0xEA,0xB4,0xAA,0xEC,0xAC,0xB6,0xFE,0xB6,0xBE,0xB6,0xB2,0x00}},
	{0x81C8, {0xEA,0xBE,0xAA,0xEE,0xAA,0xAE,0xF2,0xBA,0xB6,0xBA,0xA6,0x00}},
	{0x81DA, {0xE4,0xA6,0xA4,0xFE,0xB4,0xB6,0xF6,0xB0,0xAC,0xAC,0xBE,0x00}},
	{0x81DF, {0xF4,0xBE,0xB4,0xE4,0xBE,0xB4,0xFC,0xAE,0xBC,0xB4,0xA2,0x00}},
	{0x81E0, {0x5A,0x84,0x5A,0xC6,0x5A,0xFE,0x92,0xAA,0x92,0xAA,0x86,0x00}},
	{0x81E7, {0x0A,0x08,0xBE,0xA4,0xFC,0x34,0xFE,0x74,0xBC,0x24,0x4A,0x00}},
	{0x81FA, {0x10,0xFE,0x10,0xFE,0x44,0xFE,0x92,0x28,0x74,0x10,0xFE,0x00}},
	{0x81FB, {0xE8,0x5C,0x48,0xBE,0xD4,0x62,0xDC,0x48,0x7E,0xDC,0x2A,0x00}},
	{0x81FE, {0x50,0x96,0x92,0xD6,0x92,0x92,0xD6,0x10,0x10,0x28,0xC6,0x00}},
	{0x8201, {0x2C,0x44,0x6C,0x44,0x7C,0x28,0x28,0xFE,0x28,0x28,0x48,0x00}},
	{0x8202, {0x10,0x7C,0x10,0x7C,0x28,0xFE,0x44,0xA2,0x6C,0x44,0x7C,0x00}},
	{0x8205, {0x2C,0x44,0x6C,0x44,0x7C,0x54,0x7C,0x10,0xFE,0x22,0xCE,0x00}},
	{0x8207, {0x56,0x9A,0xD6,0x9A,0xCE,0xAA,0xAA,0xFE,0x00,0x44,0x82,0x00}},
	{0x820A, {0x28,0xFE,0x28,0x7E,0xA8,0x3E,0x2C,0x44,0x6C,0x44,0x7C,0x00}},
	{0x820D, {0x10,0x28,0x44,0xBA,0x10,0xFE,0x10,0x7C,0x44,0x44,0x7C,0x00}},
	{0x8210, {0x22,0xDC,0x54,0x54,0xF4,0x5E,0x54,0xF4,0xB4,0xB2,0xFA,0x00}},
	{0x8216, {0x4A,0xBE,0x08,0xFE,0x6A,0xFE,0x6A,0xFE,0xAA,0xAA,0xEA,0x00}},
	{0x8229, {0x54,0xF4,0xB4,0xE2,0xA8,0xA8,0xE8,0xB0,0xB4,0xB4,0xBA,0x00}},
	{0x822B, {0x44,0xE4,0xBE,0xE8,0xA8,0xAE,0xEA,0xAA,0xAA,0xAA,0xB6,0x00}},
	{0x8238, {0x5E,0xE2,0xBE,0xF6,0xB6,0xB6,0xF6,0xBE,0xA2,0xA2,0xA6,0x00}},
	{0x8233, {0x48,0xE8,0xBE,0xEA,0xAA,0xBE,0xEA,0xAA,0xAA,0xAA,0xBE,0x00}},
	{0x8240, {0x4C,0xE0,0xB4,0xEA,0xA0,0xAE,0xE2,0xBE,0xA4,0xA4,0xAC,0x00}},
	{0x8259, {0x44,0xEA,0xBE,0xE0,0xAE,0xAA,0xEE,0xA8,0xAE,0xBA,0xAE,0x00}},
	{0x8258, {0x48,0xF6,0xBE,0xF6,0xBE,0xA4,0xEE,0xA2,0xAA,0xA4,0xBA,0x00}},
	{0x825D, {0x4E,0xE4,0xBE,0xF6,0xA4,0xA0,0xEC,0xA4,0xBE,0xA4,0xAC,0x00}},
	{0x825A, {0x4A,0xFE,0xAA,0xFE,0xBA,0xBE,0xFE,0xAA,0xAE,0xAA,0xAE,0x00}},
	{0x825F, {0x44,0xFE,0xAA,0xEA,0xBE,0xAE,0xEE,0xA4,0xAE,0xA4,0xBE,0x00}},
	{0x8264, {0x4A,0xFE,0xA4,0xFE,0xA4,0xBE,0xEC,0xBE,0xAE,0xBC,0xAA,0x00}},
	{0x8262, {0x48,0xFE,0xB4,0xF4,0xAA,0xBE,0xE0,0xBE,0xB6,0xBE,0xBE,0x00}},
	{0x8268, {0x54,0xFE,0xB4,0xFE,0xA2,0xBC,0xEA,0xB4,0xAC,0xB6,0xAC,0x00}},
	{0x826A, {0x4C,0xF4,0xAC,0xEC,0xBA,0xA0,0xEE,0xAA,0xAE,0xAA,0xAE,0x00}},
	{0x826B, {0x44,0xE6,0xA4,0xFE,0xB4,0xB6,0xF6,0xB0,0xAC,0xAC,0xBE,0x00}},
	{0x822E, {0x5E,0xE0,0xAE,0xEA,0xAA,0xAA,0xEE,0xA8,0xA8,0xA8,0xB0,0x00}},
	{0x8271, {0xBE,0xF2,0xBE,0x52,0xF2,0xFE,0x54,0xF6,0x54,0x72,0x9A,0x00}},
	{0x8277, {0xB6,0xFA,0xF2,0xFE,0x0A,0xFA,0x9E,0xF8,0x5A,0x5A,0xEE,0x00}},
	{0x8278, {0x24,0x24,0xB6,0xB6,0xB6,0xB6,0xB6,0xFE,0x24,0x24,0x44,0x00}},
	{0x827E, {0x28,0xFE,0x28,0x00,0x44,0x28,0x28,0x10,0x10,0x28,0xC6,0x00}},
	{0x828D, {0x28,0xFE,0x28,0x40,0x7E,0x82,0x22,0x12,0x02,0x02,0x0C,0x00}},
	{0x8292, {0x28,0xFE,0x28,0x10,0xFE,0x40,0x40,0x40,0x40,0x40,0x3E,0x00}},
	{0x82AB, {0x28,0xFE,0x28,0x00,0x7C,0x00,0xFE,0x28,0x2A,0x4A,0x8E,0x00}},
	{0x829F, {0x28,0xFE,0x28,0x7C,0x44,0x86,0x7C,0x04,0x28,0x38,0xC6,0x00}},
	{0x82BB, {0x40,0x7E,0xAA,0xFA,0x26,0xC0,0x7E,0xAA,0xFA,0x22,0xC6,0x00}},
	{0x82AC, {0x28,0xFE,0x28,0x28,0x44,0x82,0x7C,0x24,0x24,0x44,0x8C,0x00}},
	{0x82E1, {0x28,0xFE,0x28,0x44,0x54,0x4C,0x44,0x64,0xC8,0x14,0x62,0x00}},
	{0x82E3, {0x28,0xFE,0x28,0x7E,0x40,0x7C,0x44,0x44,0x7C,0x40,0x7E,0x00}},
	{0x82DF, {0x28,0xFE,0x28,0x40,0x7E,0x82,0x7A,0x4A,0x4A,0x7A,0x06,0x00}},
	{0x82D2, {0x28,0xFE,0x28,0x10,0x7C,0x54,0x7C,0x54,0xFE,0x44,0x4C,0x00}},
	{0x82F4, {0x28,0xFE,0x28,0x7C,0x44,0x7C,0x44,0x7C,0x44,0x44,0xFE,0x00}},
	{0x82F3, {0x28,0xFE,0x20,0x38,0x68,0x10,0x28,0xC6,0x10,0x0C,0x70,0x00}},
	{0x82FA, {0x28,0xFE,0x28,0x7C,0x54,0xFE,0x44,0xA4,0xFE,0x04,0x18,0x00}},
	{0x8393, {0x28,0xFE,0x28,0x40,0x7E,0xB4,0xFE,0x54,0x7E,0x04,0x18,0x00}},
	{0x8303, {0x28,0xFE,0x28,0x00,0x9E,0x52,0x92,0x16,0x50,0x92,0x9E,0x00}},
	{0x82FB, {0x28,0xFE,0x28,0x24,0x5E,0x44,0xD4,0x4C,0x44,0x44,0x4C,0x00}},
	{0x82F9, {0x28,0xFE,0x28,0xFE,0x10,0x54,0x92,0x10,0xFE,0x10,0x10,0x00}},
	{0x82DE, {0x28,0xFE,0x28,0x40,0x7E,0x82,0x7A,0x4A,0x78,0x42,0x3E,0x00}},
	{0x8306, {0x28,0xFE,0x28,0x20,0xCE,0xAA,0xAA,0xAA,0xEA,0x28,0x48,0x00}},
	{0x82DC, {0x28,0xFE,0x28,0x7C,0x44,0x7C,0x44,0x7C,0x44,0x44,0x7C,0x00}},
	{0x8309, {0x28,0xFE,0x28,0x10,0xFE,0x10,0x7C,0x10,0x38,0xD6,0x10,0x00}},
	{0x82D9, {0x28,0xFE,0x28,0x10,0x10,0xFE,0x24,0x24,0x28,0x08,0xFE,0x00}},
	{0x8335, {0x28,0xFE,0x28,0xFE,0x92,0xBA,0x92,0x92,0xAA,0x82,0xFE,0x00}},
	{0x8334, {0x28,0xFE,0x28,0xFE,0x82,0xBA,0xAA,0xAA,0xBA,0x82,0xFE,0x00}},
	{0x8316, {0x28,0xFE,0x28,0x20,0x3C,0xC4,0x38,0xC6,0x7C,0x44,0x7C,0x00}},
	{0x8332, {0x28,0xFE,0x28,0x00,0x44,0x88,0xAA,0x44,0x44,0xAA,0xEE,0x00}},
	{0x8331, {0x28,0xFE,0x28,0x50,0x7C,0x90,0xFE,0x38,0x54,0x92,0x10,0x00}},
	{0x8340, {0x28,0xFE,0x28,0x7E,0x82,0x7A,0x4A,0x7A,0x4A,0x7A,0x06,0x00}},
	{0x8339, {0x28,0xFE,0x28,0x20,0xFE,0x5A,0x5A,0x6A,0x2A,0x5A,0x8E,0x00}},
	{0x8350, {0x28,0xFE,0x28,0x10,0xFE,0x20,0x5C,0xC4,0x7E,0x48,0x58,0x00}},
	{0x8345, {0x28,0xFE,0x28,0x10,0x28,0x44,0xBA,0x00,0x7C,0x44,0x7C,0x00}},
	{0x832F, {0x28,0xFE,0x28,0x2A,0x48,0x7E,0xC8,0x48,0x48,0x54,0x62,0x00}},
	{0x832B, {0x28,0xFE,0x28,0x08,0xBE,0x10,0x90,0x10,0x50,0x90,0x9E,0x00}},
	{0x8317, {0x28,0xFE,0x28,0x20,0x3C,0x64,0x18,0x20,0xFE,0x22,0x3E,0x00}},
	{0x8318, {0x28,0xFE,0x28,0x7C,0x24,0x4C,0x00,0xFE,0x5A,0x5A,0xB6,0x00}},
	{0x8385, {0x28,0xFE,0x28,0x28,0x7E,0x44,0xD4,0x54,0x48,0x48,0x7E,0x00}},
	{0x839A, {0x28,0xFE,0x28,0xC2,0x5C,0x84,0xD6,0x54,0xDE,0x40,0xBE,0x00}},
	{0x83AA, {0x28,0xFE,0x28,0x10,0x6A,0x28,0xFE,0x28,0xF6,0x24,0x6A,0x00}},
	{0x839F, {0x28,0xFE,0x10,0x28,0x7C,0x82,0x7C,0x08,0x7C,0x44,0x7C,0x00}},
	{0x83A2, {0x28,0xFE,0x28,0x10,0xFE,0x54,0x54,0xBA,0x10,0x28,0xC6,0x00}},
	{0x8396, {0x28,0xFE,0x28,0xFE,0x54,0xA8,0x54,0xFE,0x10,0x10,0xFE,0x00}},
	{0x8323, {0x28,0xFE,0x14,0x5C,0x40,0x7C,0x14,0xFE,0x10,0x28,0xC6,0x00}},
	{0x838E, {0x28,0xFE,0x28,0x88,0x1C,0x9A,0x28,0x0A,0x44,0x88,0xB0,0x00}},
	{0x8387, {0x28,0xFE,0x04,0x74,0x5E,0x76,0x56,0x76,0x5A,0x5A,0xE6,0x00}},
	{0x838A, {0x28,0xFE,0x28,0x00,0xA4,0xE4,0x3E,0xE4,0x64,0xA4,0x2E,0x00}},
	{0x837C, {0x28,0xFE,0x28,0x10,0x28,0xFE,0x10,0xFE,0x54,0x92,0x30,0x00}},
	{0x83B5, {0x28,0xFE,0x28,0x10,0x7C,0x54,0x54,0x7C,0x1A,0x28,0xCE,0x00}},
	{0x8373, {0x28,0xFE,0x28,0x7C,0x00,0x7C,0x44,0x7C,0x28,0x28,0xFE,0x00}},
	{0x8375, {0x28,0xFE,0x28,0x7C,0x2C,0x14,0xEC,0x00,0x54,0xCA,0xBA,0x00}},
	{0x83A0, {0x28,0xFE,0x0C,0x70,0xFE,0x38,0xD6,0x78,0x2C,0x24,0xCC,0x00}},
	{0x8389, {0x28,0xFE,0x28,0x12,0x6A,0x2A,0xFA,0x2A,0x72,0xA2,0x26,0x00}},
	{0x83A8, {0x28,0xFE,0x28,0x7C,0x44,0x7C,0x44,0x7C,0x54,0x48,0xE6,0x00}},
	{0x83F4, {0x28,0xFE,0x28,0xFE,0x28,0x54,0xFE,0x54,0x7C,0x12,0x1E,0x00}},
	{0x8413, {0x28,0xFE,0x28,0x10,0xFE,0x82,0x7C,0x44,0x7C,0x44,0xFE,0x00}},
	{0x83EB, {0x28,0xFE,0x28,0xFE,0x54,0x7C,0xFE,0x10,0x7C,0x10,0xFE,0x00}},
	{0x83CE, {0x28,0xFE,0x28,0x7C,0x7C,0x44,0x7C,0x48,0x6C,0x4A,0xEE,0x00}},
	{0x83FD, {0x28,0xFE,0x28,0x20,0x36,0x22,0xFA,0x24,0xB4,0x24,0x6A,0x00}},
	{0x8403, {0x28,0xFE,0x28,0x10,0xFE,0x44,0xAA,0x10,0xFE,0x10,0x10,0x00}},
	{0x83D8, {0x28,0xFE,0x28,0x00,0x54,0xD4,0x62,0xC8,0xC8,0x54,0x7A,0x00}},
	{0x840B, {0x28,0xFE,0x10,0xFE,0x14,0xFE,0x14,0xFE,0x24,0x38,0xC6,0x00}},
	{0x83C1, {0x28,0xFE,0x28,0x10,0x7C,0x10,0xFE,0x54,0x7C,0x44,0x4C,0x00}},
	{0x83F7, {0x28,0xFE,0x7C,0x04,0xFE,0x04,0xFE,0x92,0x7C,0x54,0x10,0x00}},
	{0x8407, {0x28,0xFE,0x28,0x3C,0x20,0x38,0x20,0xFC,0x2A,0x24,0x72,0x00}},
	{0x83E0, {0x28,0xFE,0x28,0x88,0x3E,0xAA,0x3C,0x34,0xA8,0xC8,0xB6,0x00}},
	{0x83F2, {0x28,0xFE,0x28,0x28,0xEE,0x28,0xEE,0x28,0xEE,0x28,0x48,0x00}},
	{0x840D, {0x28,0xFE,0x28,0xBE,0x08,0x9C,0x2A,0x08,0xBE,0x88,0x88,0x00}},
	{0x8422, {0x28,0xFE,0x28,0x90,0x1E,0xA2,0x3A,0x0A,0xB8,0xA2,0xBE,0x00}},
	{0x8420, {0x28,0xFE,0x28,0x7E,0x5A,0x7E,0x5A,0x7E,0x5A,0x5A,0xB6,0x00}},
	{0x83BD, {0x28,0xFE,0x28,0x10,0xFE,0x28,0x44,0xFE,0x44,0x44,0x84,0x00}},
	{0x8438, {0x28,0xFE,0x28,0xD6,0x92,0xD6,0x92,0xD6,0x10,0x28,0xC6,0x00}},
	{0x8506, {0x28,0xFE,0x28,0x9C,0x08,0xBE,0x14,0x2E,0x94,0x88,0xB6,0x00}},
	{0x83FB, {0x28,0xFE,0x28,0x24,0xFE,0x24,0x6C,0x6C,0xB6,0x24,0x24,0x00}},
	{0x846D, {0x28,0xFE,0x28,0xEE,0xA2,0xEE,0x80,0xEE,0x8A,0xE4,0x8A,0x00}},
	{0x842A, {0x28,0xFE,0x24,0xD4,0x4C,0xE4,0x54,0xC6,0xFC,0x44,0x44,0x00}},
	{0x843C, {0x28,0xFE,0x28,0x6C,0x6C,0x00,0xFE,0x20,0x3C,0x04,0x1C,0x00}},
	{0x855A, {0x28,0xFE,0x44,0x7C,0xEE,0xAA,0xFE,0x20,0x3C,0x04,0x1C,0x00}},
	{0x8484, {0x28,0xFE,0x28,0xFE,0x82,0x64,0x1E,0xE4,0x54,0x4C,0xBE,0x00}},
	{0x8477, {0x28,0xFE,0x28,0xFE,0x92,0xFE,0x54,0x7C,0x54,0xFE,0x10,0x00}},
	{0x846B, {0x28,0xFE,0x28,0x4E,0xEA,0x4E,0xEA,0xAE,0xAA,0xEA,0x16,0x00}},
	{0x84AD, {0x28,0xFE,0x40,0x7E,0xAA,0xFA,0x7E,0xAA,0xFA,0x22,0xC6,0x00}},
	{0x846E, {0x28,0xFE,0x28,0x4E,0x6A,0x40,0x6E,0x42,0xEA,0x44,0x5A,0x00}},
	{0x8482, {0x28,0xFE,0x28,0x10,0xFE,0x28,0xFE,0x92,0x7C,0x54,0x10,0x00}},
	{0x8469, {0x28,0xFE,0x28,0x40,0xFE,0xAA,0xEA,0xBE,0xA0,0xE2,0x3E,0x00}},
	{0x8446, {0x28,0xFE,0x28,0x3C,0x54,0xDC,0x48,0x7E,0x5C,0x6A,0x48,0x00}},
	{0x842C, {0x28,0xFE,0x28,0x7C,0x54,0x7C,0x54,0xFE,0x92,0xAA,0xB6,0x00}},
	{0x846F, {0x28,0xFE,0x28,0x50,0x9E,0x52,0xAA,0xCA,0x42,0xE2,0x4C,0x00}},
	{0x8479, {0x28,0xFE,0x48,0xEE,0x50,0x4A,0x6E,0xBA,0xAA,0x28,0x6E,0x00}},
	{0x8435, {0x28,0xFE,0x28,0x7C,0x44,0x5C,0x54,0xFE,0xAA,0xBA,0x86,0x00}},
	{0x84CA, {0x28,0xFE,0x28,0xC6,0x28,0x74,0x00,0xEE,0x66,0xAA,0x66,0x00}},
	{0x8462, {0x28,0xFE,0x28,0x10,0xFE,0x28,0x54,0x82,0x7C,0x54,0xFE,0x00}},
	{0x84B9, {0x44,0xFE,0x14,0x7C,0x2C,0xFE,0x2C,0x7C,0x28,0x6C,0xAA,0x00}},
	{0x84BF, {0x28,0xFE,0x10,0xFE,0x44,0x7C,0x00,0xFE,0xAA,0xBA,0x86,0x00}},
	{0x849F, {0x28,0xFE,0x28,0x48,0xEE,0x32,0xAE,0xAA,0x4E,0x62,0xC6,0x00}},
	{0x84D9, {0x28,0xFE,0x08,0x7E,0x54,0x54,0x6A,0x48,0x5C,0x48,0xBE,0x00}},
	{0x84CD, {0x28,0xFE,0x10,0x7A,0x14,0xFE,0x60,0xBE,0x7C,0x44,0x7C,0x00}},
	{0x84BB, {0x28,0xFE,0x28,0xEE,0x22,0xEE,0x88,0x66,0xAA,0x66,0xAA,0x00}},
	{0x84DA, {0x28,0xFE,0x28,0x2E,0x5A,0x64,0xFA,0x64,0x6A,0x44,0x58,0x00}},
	{0x84D0, {0x28,0xFE,0x28,0x7E,0x40,0x7E,0x54,0x5A,0x7E,0x54,0x8C,0x00}},
	{0x84C1, {0x28,0xFE,0x10,0x7C,0x28,0xFE,0x44,0xBA,0x7C,0x38,0xD6,0x00}},
	{0x84C6, {0x28,0xFE,0x08,0x7E,0x54,0x7E,0x48,0x7E,0x6A,0x6A,0x88,0x00}},
	{0x84D6, {0x28,0xFE,0x10,0x7C,0x6C,0x54,0x7C,0x48,0x6C,0x4A,0xEE,0x00}},
	{0x84A1, {0x28,0xFE,0x28,0x10,0xFE,0x28,0xFE,0x92,0x7C,0x28,0x58,0x00}},
	{0x8521, {0x28,0xFE,0x28,0x76,0xAA,0x44,0xBA,0x00,0xFE,0x54,0xB2,0x00}},
	{0x84FF, {0x28,0xFE,0x28,0x10,0xFE,0x82,0x5E,0x48,0xDE,0x52,0x5E,0x00}},
	{0x84F4, {0x28,0xFE,0x10,0xFE,0x54,0x7C,0xF2,0x08,0xFE,0x28,0x18,0x00}},
	{0x8517, {0x28,0xFE,0x08,0x7E,0x54,0x7E,0x54,0x5C,0x40,0x54,0xAA,0x00}},
	{0x8518, {0x28,0xFE,0x10,0x20,0x7A,0x84,0xD6,0x28,0xD6,0x08,0x70,0x00}},
	{0x852C, {0x28,0xFE,0x28,0xE4,0x3E,0x48,0xEE,0xC0,0xDA,0xDA,0xEA,0x00}},
	{0x851F, {0x28,0xFE,0x28,0x48,0xEE,0x58,0x6E,0xA4,0xAE,0x24,0x6A,0x00}},
	{0x8515, {0x28,0xFE,0x54,0xFE,0x54,0x96,0x00,0xFE,0x92,0x7C,0x54,0x00}},
	{0x8514, {0x28,0xFE,0x28,0x40,0x7E,0x82,0x7A,0x32,0x7A,0x5A,0x7E,0x00}},
	{0x84FC, {0x28,0xFE,0x28,0x6C,0x34,0x28,0xD6,0x08,0x34,0x08,0x70,0x00}},
	{0x8540, {0x28,0xFE,0x24,0xFE,0x24,0xFE,0xB6,0x24,0x6C,0xB6,0x24,0x00}},
	{0x8563, {0x28,0xFE,0x28,0xFE,0x54,0xFE,0x82,0x7E,0xD4,0x3E,0xE4,0x00}},
	{0x8558, {0x28,0xFE,0x10,0x7C,0xFE,0x28,0xFE,0x00,0xFE,0x28,0xCE,0x00}},
	{0x8548, {0x28,0xFE,0x28,0xFE,0xAA,0xFE,0x44,0x7C,0x10,0xFE,0x10,0x00}},
	{0x8541, {0x28,0xFE,0x28,0x7C,0x04,0x7C,0xEE,0x4A,0xFE,0x28,0x18,0x00}},
	{0x8602, {0x28,0xFE,0x28,0x64,0x3C,0x88,0xEE,0x10,0xFE,0x38,0xD6,0x00}},
	{0x854B, {0x28,0xFE,0x10,0x5C,0x50,0xFE,0x00,0x24,0xB6,0xA4,0xFE,0x00}},
	{0x8555, {0x28,0xFE,0x28,0xAC,0x52,0xDE,0x4C,0x5E,0xDA,0x52,0x9E,0x00}},
	{0x8580, {0x28,0xFE,0x28,0xBE,0x2A,0xB6,0x3E,0x00,0x9C,0x9C,0xBE,0x00}},
	{0x85A4, {0x28,0xFE,0x28,0xF4,0x56,0x74,0xB6,0x74,0x36,0x54,0x9E,0x00}},
	{0x8588, {0x28,0xFE,0x10,0x28,0x7C,0xD6,0x7C,0x44,0x7C,0x44,0x7C,0x00}},
	{0x8591, {0x28,0xFE,0x28,0xFE,0x7C,0x54,0xFE,0x7C,0x54,0x7C,0xFE,0x00}},
	{0x858A, {0x28,0xFE,0x28,0x62,0xAA,0x2A,0xEA,0xAA,0xE2,0x02,0xA6,0x00}},
	{0x85A8, {0x28,0xFE,0x7C,0x54,0xFE,0x82,0x7C,0x68,0xAE,0x68,0xCE,0x00}},
	{0x856D, {0x28,0xFE,0x28,0x7C,0x14,0xFE,0x6A,0x6E,0x42,0x6E,0xAA,0x00}},
	{0x8594, {0x28,0xFE,0x28,0xFE,0x54,0xBA,0xFE,0x00,0x7C,0x6C,0x7C,0x00}},
	{0x859B, {0x28,0xFE,0x44,0xEE,0xA4,0xFE,0x8A,0xFE,0xA4,0xAE,0xE4,0x00}},
	{0x85EA, {0x28,0xFE,0x24,0x76,0xFA,0x6A,0xFA,0x24,0xFC,0x54,0xEA,0x00}},
	{0x8587, {0x28,0xFE,0x28,0x54,0xBC,0x46,0xBE,0x46,0xFE,0x6C,0x4A,0x00}},
	{0x859C, {0x28,0xFE,0x04,0x6E,0x64,0x7E,0x4A,0xFE,0x64,0x6E,0x64,0x00}},
	{0x8577, {0x28,0xFE,0x28,0xEE,0x24,0x4A,0xEE,0x6A,0x4E,0x40,0xCA,0x00}},
	{0x857E, {0x28,0xFE,0x10,0xFE,0x92,0xB6,0x7C,0x54,0x7C,0x54,0x7C,0x00}},
	{0x8590, {0x28,0xFE,0x28,0xDC,0x48,0xFE,0x54,0xEE,0xD4,0x48,0x76,0x00}},
	{0x85C9, {0x28,0xFE,0x20,0xCA,0x5E,0xEA,0x5E,0xE0,0x4E,0xEA,0x4E,0x00}},
	{0x85BA, {0x28,0xFE,0x10,0xFE,0x6C,0xBA,0x44,0x7C,0x44,0x7C,0x84,0x00}},
	{0x85CF, {0x28,0xFE,0x28,0x0A,0xBE,0xE4,0x3C,0xF6,0xBC,0x34,0x5A,0x00}},
	{0x85B9, {0x28,0xFE,0x28,0xFE,0x44,0x7C,0xFE,0xAA,0x74,0x10,0xFE,0x00}},
	{0x85D0, {0x28,0xFE,0x24,0xCE,0x6A,0xCE,0x6A,0xAE,0x64,0xAC,0x76,0x00}},
	{0x85D5, {0x28,0xFE,0x28,0xCE,0x4E,0xEE,0x44,0xFE,0x56,0xFE,0x52,0x00}},
	{0x85DD, {0x28,0xFE,0x28,0xFC,0x2C,0xF4,0x66,0xFE,0x10,0x24,0xFA,0x00}},
	{0x85E5, {0x28,0xFE,0x28,0x52,0xAC,0x7A,0xAC,0xFE,0x38,0x54,0x92,0x00}},
	{0x85DC, {0x28,0xFE,0x28,0xCE,0x56,0xEA,0x56,0x28,0xD6,0x38,0x54,0x00}},
	{0x85F9, {0x28,0xFE,0x28,0xDE,0x12,0xDE,0x08,0xDE,0x32,0xDA,0xC6,0x00}},
	{0x860A, {0x28,0xFE,0x28,0x5E,0x96,0x5A,0xB2,0xDE,0x40,0xEC,0x5E,0x00}},
	{0x8613, {0x28,0xFE,0x28,0xCC,0x54,0xEA,0x7E,0xEA,0xFE,0x40,0x6A,0x00}},
	{0x860B, {0x28,0xFE,0x20,0x2E,0xB4,0xAA,0xFE,0x2A,0x9E,0x20,0xCA,0x00}},
	{0x85FE, {0x28,0xFE,0x28,0x2E,0xF6,0x7A,0x70,0x26,0x76,0xA0,0x2A,0x00}},
	{0x85FA, {0x28,0xFE,0x28,0xEE,0xEE,0xAA,0xBE,0xEA,0xBE,0xAA,0xBE,0x00}},
	{0x8606, {0x28,0xFE,0x28,0x0E,0x78,0x4E,0x5C,0x5C,0x40,0x5C,0xBE,0x00}},
	{0x8622, {0x28,0xFE,0x24,0xF6,0x54,0xF6,0x52,0x74,0x56,0x74,0x56,0x00}},
	{0x861A, {0x28,0xFE,0x00,0x6A,0xBE,0x24,0xEE,0xA4,0xFE,0x04,0xA4,0x00}},
	{0x8630, {0x28,0xFE,0x28,0x5C,0x94,0x7E,0xAA,0xFE,0x54,0xC8,0x76,0x00}},
	{0x863F, {0x28,0xFE,0x28,0xFE,0xAA,0xFE,0x54,0x9E,0x54,0xF4,0x5E,0x00}},
	{0x864D, {0x08,0x0E,0x08,0x7E,0x42,0x50,0x56,0x78,0x50,0x52,0x9E,0x00}},
	{0x4E55, {0x06,0x78,0x48,0x7E,0x48,0x7E,0x48,0x7E,0x6A,0x6A,0x88,0x00}},
	{0x8654, {0x08,0x0E,0x08,0x7E,0x52,0x5C,0x48,0x7E,0x54,0x48,0xB6,0x00}},
	{0x865F, {0xC4,0xC6,0xC4,0x1E,0xD4,0x96,0xE0,0x54,0x54,0x54,0xE6,0x00}},
	{0x8667, {0x2E,0x34,0x24,0xFE,0xA4,0xB6,0xF2,0xE2,0xF2,0xE2,0x76,0x00}},
	{0x8671, {0xFC,0x14,0xE4,0x24,0xFC,0xAC,0xAC,0xFC,0x24,0x2C,0xFA,0x00}},
	{0x8693, {0x5A,0x4A,0xEA,0xBA,0xB2,0xB2,0xFA,0x4A,0x4A,0x6A,0xDA,0x00}},
	{0x86A3, {0x54,0x54,0xF4,0xA2,0xA8,0xA8,0xE8,0x50,0x54,0x54,0xFA,0x00}},
	{0x86A9, {0x54,0x7C,0x20,0xFE,0x10,0x7C,0x54,0x54,0x7C,0x14,0xFA,0x00}},
	{0x86AA, {0x44,0x54,0xEC,0xA4,0xB4,0xAC,0xE4,0x46,0x5C,0x64,0xC4,0x00}},
	{0x868B, {0x58,0x48,0xFE,0xAA,0xAA,0xAA,0xF6,0x62,0x62,0x62,0xE6,0x00}},
	{0x868C, {0x44,0x44,0xFE,0xA4,0xA4,0xAE,0xE4,0x44,0x5E,0x64,0xC4,0x00}},
	{0x86B6, {0x4A,0x4A,0xFE,0xAA,0xAA,0xAE,0xEA,0x4A,0x4A,0x6A,0xCE,0x00}},
	{0x86AF, {0x44,0x58,0xF0,0xB0,0xBE,0xB4,0xF4,0x54,0x54,0x54,0xFE,0x00}},
	{0x86C4, {0x44,0x44,0xE4,0xBE,0xA4,0xA4,0xDE,0x52,0x52,0x72,0xDE,0x00}},
	{0x86C6, {0x4E,0x4A,0xEA,0xAE,0xAA,0xAA,0xEE,0x4A,0x4A,0x6A,0xDE,0x00}},
	{0x86B0, {0x48,0x48,0xFE,0xAA,0xAA,0xBE,0xEA,0x6A,0x6A,0x6A,0xFE,0x00}},
	{0x86C9, {0x48,0x54,0xE2,0xAC,0xA0,0xBE,0xEA,0x4A,0x4A,0x68,0xC8,0x00}},
	{0x8823, {0x5E,0x50,0xFA,0xBE,0xBA,0xBE,0xFE,0x54,0x5E,0x6E,0xCA,0x00}},
	{0x86AB, {0x48,0x4E,0xF2,0xAE,0xAA,0xAA,0xEE,0x4A,0x48,0x6A,0xCE,0x00}},
	{0x86D4, {0x5E,0x52,0xF2,0xBE,0xB6,0xB6,0xF6,0x5E,0x52,0x72,0xDE,0x00}},
	{0x86DE, {0x42,0x5C,0xE4,0xA4,0xBE,0xA4,0xE4,0x5E,0x52,0x72,0xDE,0x00}},
	{0x86E9, {0xFC,0x54,0x5C,0xE6,0x10,0x7C,0x54,0x54,0x7C,0x14,0xFA,0x00}},
	{0x86EC, {0x28,0xFE,0x28,0xFE,0x44,0x92,0x7C,0x54,0x7C,0x14,0xFA,0x00}},
	{0x86DF, {0x48,0x7E,0xD4,0xD4,0xE2,0xD4,0xD4,0x48,0x48,0x54,0xE2,0x00}},
	{0x86DB, {0x48,0x58,0xDC,0xE8,0xC8,0xFE,0xC8,0x48,0x5C,0x6A,0xC8,0x00}},
	{0x86EF, {0x44,0x44,0xEE,0xA4,0xBE,0xA8,0xFA,0x4C,0x48,0x6A,0xCE,0x00}},
	{0x8712, {0x72,0x5C,0xD4,0xE4,0xF6,0xD4,0xD4,0x74,0x5E,0x50,0xEE,0x00}},
	{0x8706, {0x5E,0x52,0xFE,0xB2,0xBE,0xB2,0xFE,0x4C,0x4C,0x6C,0xD6,0x00}},
	{0x8708, {0x4E,0x4A,0xEA,0xAE,0xB0,0xBE,0xEA,0x5E,0x48,0x54,0xE2,0x00}},
	{0x8700, {0xFE,0xAA,0xFE,0x40,0x7E,0xA2,0xFA,0xAA,0xFA,0x2A,0xF6,0x00}},
	{0x8703, {0x7E,0x40,0x7E,0x54,0x9A,0x10,0x7C,0x54,0x7C,0x14,0xFA,0x00}},
	{0x86FB, {0x54,0x54,0xE2,0xBE,0xA2,0xA2,0xFE,0x54,0x54,0x54,0xE6,0x00}},
	{0x8711, {0xC2,0x5C,0x86,0x54,0xBE,0x10,0x7C,0x54,0x7C,0x14,0xFA,0x00}},
	{0x8709, {0x4C,0x40,0xF4,0xAA,0xA0,0xAE,0xE2,0x5E,0x44,0x64,0xCC,0x00}},
	{0x870D, {0x48,0x54,0xE2,0xDC,0xC8,0xFE,0xC8,0x6A,0x6A,0x48,0xD8,0x00}},
	{0x86F9, {0x5E,0x44,0xE8,0xBE,0xAA,0xBE,0xEA,0x7E,0x6A,0x6A,0xEA,0x00}},
	{0x870A, {0x4A,0x72,0xD6,0xD6,0xFE,0xD6,0xD2,0x7A,0x72,0x52,0xD6,0x00}},
	{0x8734, {0x5E,0x52,0xFE,0xB2,0xBE,0xA8,0xEE,0x4A,0x56,0x6A,0xD6,0x00}},
	{0x873F, {0x48,0x7E,0xE2,0xB0,0xBE,0xAA,0xEA,0x5A,0x48,0x5A,0xEE,0x00}},
	{0x8737, {0x48,0x5C,0xEA,0xC8,0xFE,0xD4,0xE2,0x5C,0x54,0x52,0xDE,0x00}},
	{0x873B, {0x44,0x4E,0xE4,0xAE,0xA4,0xBE,0xF6,0x56,0x5E,0x72,0xD6,0x00}},
	{0x8725, {0x52,0x5C,0xF8,0xD8,0xDE,0xFA,0xFA,0x7A,0x5A,0x52,0xD2,0x00}},
	{0x8729, {0x7E,0x62,0xEA,0xBE,0xAA,0xFE,0x6A,0x76,0x7E,0x62,0xC6,0x00}},
	{0x871A, {0x28,0xEE,0x28,0xEE,0x28,0xEE,0x7C,0x54,0x7C,0x14,0xFA,0x00}},
	{0x8760, {0x5E,0x40,0xEE,0xAA,0xAE,0xA0,0xFE,0x56,0x5E,0x56,0xDE,0x00}},
	{0x875F, {0x7E,0x6A,0xFE,0xAA,0xBE,0xB4,0xDC,0x54,0x5C,0x74,0xD4,0x00}},
	{0x8778, {0x4E,0x4A,0xEE,0xAA,0xAA,0xBE,0xF2,0x5E,0x56,0x7E,0xD2,0x00}},
	{0x874C, {0x4A,0x7A,0xD6,0xD2,0xFA,0xD6,0xD2,0x72,0x7E,0x52,0xD2,0x00}},
	{0x874E, {0x4E,0x4A,0xEE,0xAA,0xAE,0xA8,0xEE,0x5A,0x56,0x5A,0xE6,0x00}},
	{0x8774, {0x56,0x56,0xFE,0xD6,0xD6,0xFE,0xEE,0x6E,0x6E,0x7A,0xCA,0x00}},
	{0x8757, {0x44,0x4E,0xEA,0xAE,0xAA,0xAE,0xFE,0x44,0x4E,0x64,0xDE,0x00}},
	{0x8768, {0x7C,0x24,0xFC,0x22,0x44,0xEE,0xAA,0xAA,0xEE,0x44,0xEE,0x00}},
	{0x876E, {0x48,0x4E,0xFA,0xAE,0xAA,0xAE,0xE8,0x4E,0x5A,0x64,0xDA,0x00}},
	{0x8759, {0x5E,0x40,0xEE,0xAA,0xAE,0xA8,0xEE,0x5E,0x4E,0x6E,0xCA,0x00}},
	{0x8753, {0x78,0x54,0xE2,0xDC,0xC0,0xFA,0xEA,0x7C,0x6C,0x7A,0xEA,0x00}},
	{0x8763, {0x54,0x56,0xF8,0xD6,0xD2,0xDA,0xDC,0x6A,0x6A,0x4A,0xD6,0x00}},
	{0x876A, {0x4E,0x4A,0xEE,0xAA,0xBE,0xA8,0xEE,0x4A,0x56,0x6A,0xD6,0x00}},
	{0x8805, {0x7E,0x76,0xF6,0xD4,0xF6,0xF6,0xF6,0x76,0x54,0x54,0xDE,0x00}},
	{0x87A2, {0x44,0xEE,0x44,0xAA,0xFE,0x92,0x7C,0x54,0x7C,0x14,0xFA,0x00}},
	{0x879F, {0x5E,0x52,0xEE,0xAA,0xAE,0xAA,0xEE,0x44,0x5E,0x60,0xD2,0x00}},
	{0x8782, {0x56,0x7E,0xEE,0xBC,0xAE,0xBE,0xE6,0x66,0x6C,0x74,0xC4,0x00}},
	{0x87AF, {0x24,0xF6,0x2A,0xFA,0x54,0xBA,0x7C,0x54,0x7C,0x14,0xFA,0x00}},
	{0x87CB, {0x44,0x78,0xEA,0xC8,0xFE,0xDC,0xEA,0x40,0x54,0x72,0xEE,0x00}},
	{0x87BD, {0x3C,0x64,0x38,0xD6,0x08,0x30,0x44,0xAE,0xEA,0x44,0xEE,0x00}},
	{0x87C0, {0x48,0x7E,0xC8,0xF2,0xC8,0xD0,0xFA,0x48,0x7E,0x48,0xC8,0x00}},
	{0x87D0, {0x6A,0x48,0xFE,0xE2,0xDC,0xD4,0xDC,0x7E,0x6A,0x6A,0xC8,0x00}},
	{0x96D6, {0xEA,0xAA,0xFE,0x54,0xFE,0xB4,0xB4,0xFE,0x54,0x74,0xDE,0x00}},
	{0x87AB, {0x24,0xF6,0x2A,0xFA,0x54,0xDA,0x7C,0x54,0x7C,0x14,0xFA,0x00}},
	{0x87C4, {0x28,0xFC,0x2C,0xFC,0x6C,0xB6,0x7C,0x54,0x7C,0x14,0xFA,0x00}},
	{0x87B3, {0x6A,0x48,0xFE,0xE2,0xDC,0xD4,0xDC,0x48,0x5C,0x48,0xFE,0x00}},
	{0x87C7, {0x28,0xFE,0x44,0x7C,0x44,0xFE,0x7C,0xD6,0x7C,0x14,0xFA,0x00}},
	{0x87C6, {0x54,0x7E,0xD4,0xFE,0xE2,0xFE,0xC8,0x7E,0x48,0x54,0xE2,0x00}},
	{0x87BB, {0x48,0x5C,0xFE,0xC8,0xDC,0xDC,0xC8,0x7E,0x54,0x4C,0xF2,0x00}},
	{0x87EF, {0x48,0x5C,0xC8,0xFE,0xD4,0xFE,0xC0,0x7E,0x54,0x54,0xE6,0x00}},
	{0x87F2, {0x10,0x7C,0x54,0x7C,0x14,0xFA,0x44,0xAA,0xEE,0x44,0xEE,0x00}},
	{0x87E0, {0x5C,0x48,0xEA,0xBE,0xBC,0xAA,0xFE,0x6A,0x7E,0x6A,0xFE,0x00}},
	{0x880F, {0x5E,0x6A,0xCA,0xD8,0xDA,0xDE,0xDE,0x5A,0x5E,0x5A,0xEA,0x00}},
	{0x880D, {0x7C,0x6C,0xFE,0xEA,0xFA,0xD4,0xE4,0x74,0x6C,0x7A,0xCA,0x00}},
	{0x87FE, {0x4C,0x54,0xFE,0xDA,0xD0,0xD6,0xD0,0x56,0x50,0x6E,0xCE,0x00}},
	{0x87F6, {0x78,0x5E,0xDA,0xDA,0xFE,0xC8,0xFE,0x48,0x5C,0x48,0xFE,0x00}},
	{0x87F7, {0x6A,0x48,0xFE,0xE2,0xDC,0xD4,0xFE,0x6A,0x7E,0x6A,0xFE,0x00}},
	{0x880E, {0x54,0x7E,0xC8,0xFE,0xD4,0xEA,0xDC,0x48,0x7E,0x54,0xE4,0x00}},
	{0x87D2, {0x54,0x7E,0xD4,0xC8,0xFE,0xC8,0xD4,0x7E,0x54,0x54,0xE4,0x00}},
	{0x8811, {0x6A,0x54,0xEA,0xFE,0xE2,0xC8,0xFE,0x48,0x5C,0x6A,0xC8,0x00}},
	{0x8816, {0x54,0x7E,0xD4,0xDE,0xF4,0xDE,0xD4,0x5E,0x54,0x48,0xF6,0x00}},
	{0x8815, {0x5C,0x48,0xFE,0xEA,0xC0,0xFE,0xC8,0x7E,0x6A,0x6A,0xEA,0x00}},
	{0x8822, {0x10,0x7C,0x38,0xFE,0x6C,0xBA,0x44,0xEE,0xEE,0x44,0xEE,0x00}},
	{0x8821, {0x3C,0x48,0xFE,0x34,0xCC,0x32,0x44,0xEE,0xEE,0x44,0xEE,0x00}},
	{0x8831, {0x10,0x7C,0x54,0x7C,0xFA,0x6C,0x6C,0xDA,0x7C,0x54,0xFE,0x00}},
	{0x8836, {0xFE,0x6C,0xFE,0x6C,0xB6,0x7C,0x44,0xFE,0xEE,0x44,0xEE,0x00}},
	{0x8839, {0x10,0xFE,0x54,0xFE,0xA2,0x78,0x38,0xEE,0xEE,0x44,0xEE,0x00}},
	{0x8827, {0x10,0xFE,0x10,0xFE,0xA2,0x78,0x38,0xEE,0xEE,0x44,0xEE,0x00}},
	{0x883B, {0x5A,0x84,0x5A,0x84,0xDE,0x5A,0x7C,0x54,0x7C,0x14,0xFA,0x00}},
	{0x8844, {0x3E,0x2A,0x6A,0x6A,0x6A,0x7E,0x6A,0x6A,0x6A,0xEA,0x1E,0x00}},
	{0x8842, {0x3E,0x2A,0x6A,0x7A,0x6A,0x6A,0x6A,0x6E,0x6A,0xEA,0x16,0x00}},
	{0x8852, {0x56,0x50,0xB8,0x16,0x62,0x52,0xD2,0x62,0x6A,0x7A,0x46,0x00}},
	{0x8859, {0x46,0x78,0x90,0x3E,0x5A,0x7A,0xC2,0x7A,0x6A,0x7A,0x46,0x00}},
	{0x885E, {0x56,0x78,0x98,0x3E,0x6A,0x7A,0xC2,0x7A,0x7A,0x52,0x56,0x00}},
	{0x8862, {0x6E,0x6C,0xAC,0x02,0x52,0x7A,0xF2,0x7A,0x72,0x7A,0x46,0x00}},
	{0x886B, {0x22,0x22,0xF4,0x10,0x22,0x24,0x70,0xB2,0x22,0x24,0x28,0x00}},
	{0x8881, {0x10,0x7C,0x10,0xFE,0x7C,0x44,0x7C,0x28,0x6A,0xA4,0x32,0x00}},
	{0x887E, {0x10,0x28,0x7C,0x82,0x7C,0x08,0x10,0xFE,0x6A,0xA4,0x32,0x00}},
	{0x889E, {0x10,0xFE,0x28,0x44,0xFE,0x44,0x7C,0x28,0x6A,0xA4,0x32,0x00}},
	{0x8875, {0x5E,0x52,0xF2,0x32,0x5E,0x52,0xF2,0x72,0x52,0x52,0x5E,0x00}},
	{0x887D, {0x42,0x4C,0xE4,0x24,0x44,0x5E,0xE4,0x64,0x44,0x44,0x4E,0x00}},
	{0x88B5, {0x52,0x5C,0xE4,0x24,0x64,0x7E,0xE4,0x64,0x64,0x64,0x6E,0x00}},
	{0x8872, {0x4C,0x44,0xFE,0x36,0x56,0x56,0xFA,0x72,0x52,0x52,0x56,0x00}},
	{0x8882, {0x48,0x5E,0xEA,0x2A,0x4A,0x5E,0xE8,0x68,0x54,0x54,0x62,0x00}},
	{0x8897, {0x44,0x4A,0xF0,0x24,0x48,0x42,0xE4,0x48,0x42,0x44,0x58,0x00}},
	{0x8892, {0x5E,0x52,0xF2,0x3E,0x52,0x52,0xF2,0x7E,0x40,0x40,0x5E,0x00}},
	{0x88AE, {0x48,0x4E,0xF4,0x24,0x4C,0x4E,0xEE,0x76,0x44,0x44,0x4C,0x00}},
	{0x8899, {0x48,0x48,0xFE,0x32,0x52,0x5E,0xF2,0x72,0x52,0x52,0x5E,0x00}},
	{0x88A2, {0x44,0x4C,0xF6,0x24,0x4E,0x44,0xE4,0x7E,0x44,0x44,0x44,0x00}},
	{0x888D, {0x48,0x4E,0xF2,0x2E,0x4A,0x4A,0xEE,0x6A,0x48,0x4A,0x4E,0x00}},
	{0x88A4, {0x10,0xFE,0x7C,0x08,0xFE,0x2A,0xD8,0x10,0x6A,0xA4,0x32,0x00}},
	{0x88B0, {0x7C,0x54,0xFE,0x44,0xA4,0xFE,0x08,0xFE,0x6A,0xA4,0x32,0x00}},
	{0x88BF, {0x44,0x4E,0xE4,0x24,0x5E,0x44,0xE4,0x6E,0x44,0x44,0x5E,0x00}},
	{0x88B1, {0x54,0x56,0xE4,0x2E,0x64,0x64,0xE4,0x64,0x6A,0x6A,0x72,0x00}},
	{0x88C3, {0x48,0x4E,0xE8,0x3E,0x40,0x5E,0xE8,0x6C,0x4A,0x48,0x48,0x00}},
	{0x88C4, {0x56,0x50,0xE0,0x2E,0x52,0x52,0xF2,0x72,0x52,0x52,0x56,0x00}},
	{0x88D4, {0x10,0xFE,0x6A,0xA4,0x32,0xFE,0xAA,0xCE,0xBA,0xAA,0xBA,0x00}},
	{0x88D8, {0x14,0xFE,0x54,0x38,0xD4,0x32,0x10,0xFE,0x6A,0xA4,0x32,0x00}},
	{0x88D9, {0x5E,0x4A,0xEA,0x3E,0x4A,0x5E,0xE8,0x6E,0x5A,0x4A,0x4E,0x00}},
	{0x88DD, {0xA4,0xE4,0x3E,0xE4,0x64,0xAE,0x10,0xFE,0x6A,0xA4,0x32,0x00}},
	{0x88F9, {0x10,0xFE,0x54,0x7C,0x54,0xFE,0x54,0xB2,0x6C,0xA4,0x32,0x00}},
	{0x8902, {0x54,0x54,0xFC,0x34,0x5C,0x56,0xFC,0x74,0x5C,0x74,0x44,0x00}},
	{0x88FC, {0x5E,0x52,0xFE,0x32,0x5E,0x48,0xEE,0x6A,0x56,0x4A,0x56,0x00}},
	{0x88F4, {0x28,0xEE,0x28,0xEE,0x28,0xEE,0x48,0xFE,0x6A,0xA4,0x32,0x00}},
	{0x88E8, {0x44,0x5E,0xF6,0x3E,0x56,0x5E,0xEC,0x74,0x5E,0x44,0x44,0x00}},
	{0x88F2, {0x5E,0x48,0xE8,0x3E,0x6A,0x6A,0xFE,0x7E,0x7E,0x6A,0x6A,0x00}},
	{0x8904, {0x44,0x5E,0xE4,0x2E,0x46,0x5E,0xE4,0x7E,0x4A,0x44,0x5A,0x00}},
	{0x890C, {0x5E,0x52,0xE4,0x3E,0x44,0x4E,0xEE,0x6E,0x44,0x5E,0x44,0x00}},
	{0x890A, {0x5E,0x40,0xEE,0x2A,0x4E,0x48,0xEE,0x6E,0x5E,0x4E,0x4A,0x00}},
	{0x8913, {0x5E,0x5A,0xEA,0x2E,0x64,0x7E,0xE4,0x6C,0x76,0x64,0x64,0x00}},
	{0x8943, {0x10,0xFE,0x5C,0x94,0xFE,0x9C,0xEA,0x10,0x2A,0xE4,0x32,0x00}},
	{0x891E, {0x5E,0x56,0xF6,0x3A,0x52,0x5E,0xE0,0x6C,0x4C,0x4C,0x5E,0x00}},
	{0x8925, {0x5E,0x50,0xF6,0x30,0x5E,0x54,0xFA,0x64,0x5E,0x54,0x4C,0x00}},
	{0x892A, {0x4E,0x5A,0xEE,0x2A,0x5E,0x48,0xEA,0x7C,0x5A,0x50,0x5E,0x00}},
	{0x892B, {0x42,0x7C,0xE4,0x26,0x7C,0x76,0xF0,0x6C,0x6C,0x4C,0x56,0x00}},
	{0x8941, {0x74,0x58,0xDE,0x34,0x6E,0x6A,0xFA,0x5E,0x54,0x56,0x7E,0x00}},
	{0x8944, {0x10,0xFE,0x6C,0x6C,0x28,0x7C,0x28,0xFE,0x6A,0xA4,0x32,0x00}},
	{0x893B, {0x10,0xFE,0x28,0xFC,0x2C,0xF4,0x66,0x30,0x6A,0xA4,0x32,0x00}},
	{0x8936, {0x5E,0x4A,0xFE,0x2A,0x40,0x48,0xFE,0x72,0x5E,0x52,0x5E,0x00}},
	{0x8938, {0x48,0x5C,0xFE,0x28,0x5C,0x5C,0xE8,0x7E,0x54,0x4C,0x72,0x00}},
	{0x894C, {0x56,0x56,0xE0,0x3E,0x6A,0x7E,0xEA,0x7E,0x48,0x7E,0x48,0x00}},
	{0x891D, {0x5A,0x44,0xFE,0x36,0x5E,0x56,0xFE,0x64,0x5E,0x44,0x44,0x00}},
	{0x8960, {0x6A,0x48,0xFE,0x22,0x5C,0x54,0xFE,0x6A,0x7E,0x6A,0x7E,0x00}},
	{0x895E, {0x64,0x6E,0x4A,0xE4,0x6E,0x64,0x10,0xFE,0x6A,0xA4,0x32,0x00}},
	{0x8966, {0x5C,0x48,0xFE,0x2A,0x40,0x7E,0xC8,0x7E,0x6A,0x6A,0x6A,0x00}},
	{0x8964, {0x44,0x5C,0xF6,0x38,0x56,0x58,0xE0,0x6C,0x4C,0x4C,0x5E,0x00}},
	{0x896D, {0x56,0x54,0xFE,0x36,0x56,0x7E,0xC6,0x7E,0x6E,0x78,0x4A,0x00}},
	{0x896A, {0x4A,0x5E,0xEA,0x2E,0x4E,0x5E,0xF4,0x74,0x56,0x54,0x6A,0x00}},
	{0x896F, {0x56,0x7E,0xEE,0x2E,0x56,0x7E,0xD6,0x7C,0x74,0x54,0x5A,0x00}},
	{0x8974, {0x76,0x76,0xF6,0x36,0x6A,0x7E,0xFE,0x6A,0x7E,0x6A,0x62,0x00}},
	{0x8977, {0x56,0x6A,0xFE,0x2A,0x7E,0x62,0xDC,0x48,0x7E,0x48,0x58,0x00}},
	{0x897E, {0x00,0xFE,0x28,0x28,0xFE,0xAA,0xAA,0xBA,0x82,0x82,0x00,0x00}},
	{0x8983, {0xFE,0x28,0xFE,0xBA,0x82,0x7C,0x44,0x7C,0x10,0xFE,0x10,0x00}},
	{0x8988, {0xFE,0x28,0xFE,0xBA,0x44,0xF6,0xFA,0x2A,0xF4,0x54,0xBA,0x00}},
	{0x898A, {0xFE,0x28,0xFE,0xBA,0x00,0xAE,0xEC,0xAC,0x4E,0xE2,0x56,0x00}},
	{0x8993, {0x0C,0x70,0x54,0x82,0x7C,0x44,0x7C,0x44,0x7C,0x2A,0xCE,0x00}},
	{0x8998, {0x5E,0x52,0x7E,0x52,0x5E,0xF2,0xBE,0xAC,0xAC,0xEC,0x16,0x00}},
	{0x89A1, {0xFE,0x2A,0x2E,0x7A,0x7E,0x7A,0xAE,0x2C,0x3C,0xCC,0x16,0x00}},
	{0x89A9, {0x2E,0x2A,0x7E,0x2A,0xFE,0x6A,0xFE,0x54,0x74,0x54,0x7A,0x00}},
	{0x89A6, {0xEE,0x5A,0x8E,0x7A,0x0E,0xDA,0xDE,0xEC,0xEC,0xD4,0xD6,0x00}},
	{0x89AC, {0xAE,0xFA,0x0E,0xFA,0x0E,0xFA,0x9E,0xF4,0x54,0x54,0xFA,0x00}},
	{0x89AF, {0x5E,0xFA,0x5E,0xFA,0x5E,0xFA,0x7E,0x74,0xF4,0x54,0x5A,0x00}},
	{0x89B2, {0x5E,0xFA,0x5E,0xFA,0xAE,0xAA,0xFE,0x24,0x74,0x2C,0xF6,0x00}},
	{0x89BA, {0x2C,0x54,0x6C,0x54,0xFE,0xAA,0x38,0x28,0x38,0x2A,0xCE,0x00}},
	{0x89BD, {0xE8,0xCE,0xE0,0xCE,0xFE,0x44,0x7C,0x44,0x7C,0x2A,0xCE,0x00}},
	{0x89BF, {0x2E,0xFA,0x2E,0xFA,0xDE,0xFA,0x5E,0x74,0x54,0x74,0x8A,0x00}},
	{0x89C0, {0x5E,0xFA,0x5E,0xDA,0xDE,0x6A,0x7E,0xE4,0x74,0x64,0x7A,0x00}},
	{0x89DA, {0x62,0xBC,0x34,0xF4,0xB4,0xF4,0xB4,0xF4,0xB4,0xBA,0xA2,0x00}},
	{0x89DC, {0x24,0xB6,0xA4,0xF6,0x38,0x48,0xFE,0x52,0x7E,0x42,0x8E,0x00}},
	{0x89DD, {0x62,0xBC,0x34,0xF4,0xBE,0xF4,0xB4,0xF4,0xBA,0xA2,0xBA,0x00}},
	{0x89E7, {0x6A,0xA4,0x3E,0xE4,0xA4,0xEE,0xA4,0xE4,0xBE,0xA4,0xA4,0x00}},
	{0x89F4, {0x68,0xAE,0x3A,0xEE,0xAA,0xFE,0xA8,0xEE,0xB6,0xAA,0xB6,0x00}},
	{0x89F8, {0x7E,0xAA,0x3E,0xF0,0xBE,0xEA,0xBE,0xFE,0xAA,0xAE,0xBA,0x00}},
	{0x8A03, {0xE8,0x08,0xE8,0x08,0xEC,0x0A,0xEA,0x08,0xE8,0xA8,0xE8,0x00}},
	{0x8A16, {0xC8,0x0E,0xD0,0x0E,0xC2,0x04,0xC8,0x08,0xD2,0xD2,0xCE,0x00}},
	{0x8A10, {0xEE,0x04,0xE4,0x04,0xFE,0x04,0xE4,0x04,0xE4,0xA4,0xE4,0x00}},
	{0x8A0C, {0xE0,0x1E,0xE4,0x04,0xE4,0x04,0xE4,0x04,0xE4,0xA4,0xFE,0x00}},
	{0x8A1B, {0xD8,0x18,0xE8,0x2A,0xEC,0x28,0xE8,0x28,0xEA,0xAA,0xEE,0x00}},
	{0x8A1D, {0xDE,0x14,0xD4,0x14,0xD4,0x3E,0xC4,0x0C,0xD4,0xE4,0xCC,0x00}},
	{0x8A25, {0xD8,0x08,0xFE,0x2A,0xEA,0x2A,0xF6,0x22,0xE2,0xA2,0xE6,0x00}},
	{0x8A36, {0xDE,0x02,0xDE,0x16,0xD6,0x16,0xD6,0x1E,0xC2,0xC2,0xC6,0x00}},
	{0x8A41, {0xE4,0x04,0xE4,0x1E,0xE4,0x04,0xEE,0x0A,0xEA,0xAA,0xEE,0x00}},
	{0x8A5B, {0xDC,0x14,0xD4,0x1C,0xD4,0x14,0xDC,0x14,0xD4,0xD4,0xFE,0x00}},
	{0x8A52, {0xE4,0x04,0xE8,0x0A,0xFE,0x00,0xEE,0x0A,0xEA,0xAA,0xEE,0x00}},
	{0x8A46, {0xC2,0x1C,0xD4,0x14,0xDE,0x14,0xD4,0x14,0xDA,0xC2,0xDA,0x00}},
	{0x8A48, {0xFE,0xAA,0xFE,0x00,0xFE,0x00,0x7C,0x00,0x7C,0x44,0x7C,0x00}},
	{0x8A7C, {0xD0,0x3E,0xD0,0x14,0xDE,0x1C,0xD4,0x24,0xCA,0xCA,0xD2,0x00}},
	{0x8A6D, {0xCC,0x14,0xC4,0x3E,0xE0,0x2E,0xEA,0x2A,0xE8,0xEA,0xCE,0x00}},
	{0x8A6C, {0xC2,0x1C,0xD0,0x1E,0xD0,0x10,0xDE,0x1A,0xEA,0xAA,0xEE,0x00}},
	{0x8A62, {0xD0,0x1E,0xE2,0x1E,0xD6,0x1E,0xD6,0x16,0xDE,0xC2,0xC6,0x00}},
	{0x8A85, {0xC8,0x18,0xDC,0x28,0xC8,0x3E,0xC8,0x08,0xDC,0xEA,0xC8,0x00}},
	{0x8A82, {0xD4,0x14,0xF6,0x14,0xD4,0x14,0xF6,0x14,0xD4,0xD4,0xE6,0x00}},
	{0x8A84, {0xCA,0x1C,0xC8,0x1C,0xC8,0x3E,0xC8,0x08,0xDC,0xEA,0xC8,0x00}},
	{0x8AA8, {0xD0,0x1E,0xE0,0x1E,0xEA,0x3E,0xEA,0x2A,0xFE,0xC2,0xCC,0x00}},
	{0x8AA1, {0xCA,0x08,0xFE,0x04,0xD4,0x3C,0xD6,0x14,0xE4,0xCA,0xD2,0x00}},
	{0x8A91, {0xDE,0x24,0xD4,0x34,0xD4,0x1E,0xD4,0x34,0xD4,0xD4,0xEE,0x00}},
	{0x8AA5, {0xD4,0x1E,0xD4,0x24,0xFE,0x04,0xC4,0x1E,0xD2,0xD2,0xDE,0x00}},
	{0x8AA6, {0xDE,0x04,0xC8,0x3E,0xEA,0x3E,0xEA,0x3E,0xEA,0xAA,0xEA,0x00}},
	{0x8A9A, {0xC4,0x0C,0xD6,0x04,0xDE,0x12,0xDE,0x12,0xDE,0xD2,0xD6,0x00}},
	{0x8AA3, {0xFE,0x08,0xC8,0x1C,0xDC,0x1C,0xDC,0x2A,0xC8,0xC8,0xFE,0x00}},
	{0x8AC4, {0xC8,0x3E,0xDC,0x14,0xDC,0x00,0xDC,0x04,0xFE,0xC8,0xD8,0x00}},
	{0x8ACD, {0xDC,0x14,0xEA,0x00,0xDE,0x0A,0xFE,0x0A,0xDE,0xC8,0xD8,0x00}},
	{0x8AC2, {0xC8,0x0E,0xD2,0x04,0xD8,0x16,0xD2,0x1A,0xD2,0xD2,0xDE,0x00}},
	{0x8ADA, {0xC4,0x1E,0xD2,0x0E,0xC4,0x04,0xD6,0x14,0xD4,0xD4,0xEE,0x00}},
	{0x8AEB, {0xC8,0x3E,0xC8,0x3E,0xFE,0x2A,0xFE,0x08,0xDC,0xEA,0xC8,0x00}},
	{0x8AF3, {0xC8,0x3E,0xD4,0x14,0xFE,0x00,0xDC,0x14,0xDC,0xD4,0xDC,0x00}},
	{0x8AE7, {0xE4,0x36,0xE4,0x24,0xF6,0x08,0xDE,0x12,0xDE,0xD2,0xDE,0x00}},
	{0x8AE4, {0xD6,0x16,0xD6,0x00,0xCC,0x00,0xDE,0x08,0xEE,0xA2,0xE6,0x00}},
	{0x8AF1, {0xC4,0x1E,0xCA,0x3E,0xD2,0x1E,0xC4,0x1E,0xD4,0xFE,0xC4,0x00}},
	{0x8B14, {0xC4,0x06,0xC4,0x1E,0xD4,0x10,0xD6,0x14,0xDE,0xD4,0xE6,0x00}},
	{0x8AE0, {0xC4,0x1E,0xD6,0x00,0xDE,0x12,0xDE,0x12,0xDE,0xC0,0xDE,0x00}},
	{0x8AE2, {0xFE,0x22,0xC8,0x3E,0xC8,0x3E,0xEA,0x3E,0xC8,0xFE,0xC8,0x00}},
	{0x8AF7, {0xFE,0x26,0xFA,0x2A,0xFE,0x2A,0xEA,0x3E,0xEA,0xEE,0xDA,0x00}},
	{0x8ADE, {0xDE,0x00,0xDE,0x12,0xDE,0x10,0xDE,0x2A,0xFE,0xAA,0xEA,0x00}},
	{0x8ADB, {0xD0,0x2E,0xEA,0x3E,0xEA,0x2A,0xFE,0x08,0xC8,0xD4,0xE2,0x00}},
	{0x8B0C, {0xDE,0x02,0xDE,0x16,0xDE,0x02,0xFE,0x16,0xDE,0xC2,0xC6,0x00}},
	{0x8B07, {0x10,0xFE,0xAA,0x7C,0x28,0xFE,0x44,0xBA,0x00,0x7C,0x7C,0x00}},
	{0x8B1A, {0xD4,0x22,0xC0,0x1C,0xC0,0x14,0xE2,0x00,0xDC,0xDC,0xFE,0x00}},
	{0x8AE1, {0xD4,0x22,0xDC,0x10,0xDC,0x04,0xCC,0x00,0xDC,0xDC,0xFE,0x00}},
	{0x8B16, {0xFE,0x2A,0xFE,0x2A,0xFE,0x14,0xE6,0x0C,0xD4,0xC8,0xF6,0x00}},
	{0x8B10, {0xD0,0x08,0xD2,0x34,0xD8,0x12,0xEE,0x00,0xDC,0xDC,0xFE,0x00}},
	{0x8B17, {0xC8,0x3E,0xD4,0x3E,0xE2,0x08,0xFE,0x10,0xDE,0xD2,0xE6,0x00}},
	{0x8B20, {0xC8,0x0C,0xD4,0x08,0xD0,0x1C,0xE8,0x3E,0xC8,0xEA,0xFE,0x00}},
	{0x8B33, {0xFE,0x20,0xEE,0x2A,0xEE,0x20,0xF6,0x36,0xF6,0xA0,0xFE,0x00}},
	{0x97AB, {0xA8,0xEE,0xB2,0xEE,0x42,0xEE,0xE2,0x4E,0xEE,0x42,0x46,0x00}},
	{0x8B26, {0x2E,0xFA,0x6E,0x64,0x8A,0x7C,0x00,0x7C,0x00,0x7C,0x7C,0x00}},
	{0x8B2B, {0xC8,0x3E,0xD4,0x3E,0xEA,0x3E,0xEA,0x3E,0xF6,0xBE,0xE2,0x00}},
	{0x8B3E, {0xDC,0x14,0xDC,0x14,0xFE,0x2A,0xFE,0x14,0xC8,0xD4,0xE2,0x00}},
	{0x8B28, {0xD4,0x3E,0xD4,0x3E,0xE2,0x3E,0xC8,0x3E,0xC8,0xD4,0xE2,0x00}},
	{0x8B41, {0xD4,0x3E,0xD4,0x3E,0xDC,0x3E,0xDC,0x3E,0xC8,0xFE,0xC8,0x00}},
	{0x8B4C, {0xDC,0x2A,0xC0,0x3C,0xD4,0x1E,0xE2,0x3E,0xC2,0xEA,0xC6,0x00}},
	{0x8B4F, {0xDA,0x2C,0xDA,0x2C,0xFE,0x04,0xFE,0x14,0xD6,0xD4,0xEA,0x00}},
	{0x8B4E, {0xDC,0x04,0xFE,0x1A,0xE8,0x3E,0xE6,0x3A,0xEA,0xBA,0xE6,0x00}},
	{0x8B49, {0xFA,0x14,0xE2,0x1C,0xC0,0x3E,0xE2,0x3E,0xD4,0xD4,0xFE,0x00}},
	{0x8B56, {0xD4,0x3E,0xFC,0x3E,0xD4,0x2A,0xDC,0x14,0xDC,0xD4,0xDC,0x00}},
	{0x8B5B, {0xD4,0x3E,0xD4,0x3E,0xD4,0x2A,0xDC,0x14,0xDC,0xD4,0xDC,0x00}},
	{0x8B5A, {0xFE,0x14,0xFE,0x3E,0xD4,0x1C,0xD4,0x1C,0xC8,0xFE,0xC8,0x00}},
	{0x8B6B, {0xCC,0x14,0xFE,0x1A,0xD0,0x16,0xD0,0x16,0xD0,0xEE,0xCE,0x00}},
	{0x8B5F, {0xDC,0x14,0xDC,0x3E,0xEA,0x3E,0xC8,0x3E,0xDC,0xEA,0xC8,0x00}},
	{0x8B6C, {0x64,0x6E,0xCA,0x64,0x7C,0x00,0x7C,0x00,0x7C,0x44,0x7C,0x00}},
	{0x8B6F, {0xFE,0x2A,0xFE,0x08,0xDC,0x3E,0xD4,0x3E,0xC8,0xFE,0xC8,0x00}},
	{0x8B74, {0xC4,0x2E,0xCE,0x24,0xCE,0x36,0xD4,0x16,0xD6,0xD0,0xEE,0x00}},
	{0x8B7D, {0x56,0x9A,0xCE,0xAA,0xFE,0x44,0xBA,0x00,0x7C,0x44,0x7C,0x00}},
	{0x8B80, {0xC8,0x3E,0xC8,0x3E,0xF6,0x3E,0xD4,0x1C,0xD4,0xDC,0xE2,0x00}},
	{0x8B8C, {0xD4,0x3E,0xD4,0x1C,0xF6,0x14,0xFC,0x16,0xC0,0xD4,0xEA,0x00}},
	{0x8B8E, {0x5A,0x42,0x5E,0xE4,0x7E,0x64,0x7C,0x66,0x7C,0x7C,0x66,0x00}},
	{0x8B92, {0xCC,0x14,0xFE,0x24,0xF6,0x0C,0xD4,0x3E,0xEA,0xDC,0xE6,0x00}},
	{0x8B93, {0xC8,0x3E,0xF6,0x00,0xD4,0x3E,0xD4,0x3E,0xDA,0xF4,0xDA,0x00}},
	{0x8B96, {0xD4,0x16,0xEC,0x04,0xFE,0x14,0xFC,0x16,0xFC,0xD4,0xFA,0x00}},
	{0x8B99, {0xD4,0x3E,0xD4,0x36,0xF6,0x14,0xDE,0x34,0xDE,0xD4,0xDE,0x00}},
	{0x8B9A, {0xF4,0x3E,0xEC,0x3E,0xD4,0x2A,0xD4,0x1C,0xD4,0xDC,0xE2,0x00}},
	{0x8C3A, {0x5E,0x5A,0x8A,0x2A,0x5A,0x5E,0x82,0x76,0x5A,0x52,0x76,0x00}},
	{0x8C41, {0x4A,0xEA,0xB0,0x44,0xEA,0x4A,0xF0,0x4E,0xEA,0xAA,0xEE,0x00}},
	{0x8C3F, {0x6A,0xDA,0x20,0x64,0x4A,0xFA,0x20,0xFE,0x2A,0x5A,0x8E,0x00}},
	{0x8C48, {0x92,0xFE,0x00,0xFE,0x00,0x7C,0x44,0x7C,0x28,0x28,0xFE,0x00}},
	{0x8C4C, {0xE4,0x1E,0xF2,0xA8,0xEE,0x16,0xB6,0xAE,0x44,0xEC,0x16,0x00}},
	{0x8C4E, {0xEE,0xC2,0xEA,0xC4,0xEA,0x00,0xFE,0x44,0x7C,0x28,0xFE,0x00}},
	{0x8C50, {0x10,0xBA,0xFE,0xBA,0xFE,0x00,0xFE,0x44,0x7C,0x28,0xFE,0x00}},
	{0x8C55, {0xFE,0x10,0x10,0x2A,0xDC,0x28,0xD8,0x2C,0xCA,0x08,0x30,0x00}},
	{0x8C62, {0x54,0x92,0x7C,0x28,0xFE,0x44,0xBA,0x50,0x2A,0xCC,0x32,0x00}},
	{0x8C6C, {0xE4,0x44,0x4E,0x64,0xBE,0x6C,0xBE,0x6A,0xAE,0x2A,0xCE,0x00}},
	{0x8C78, {0x0C,0x70,0x28,0x1C,0x68,0x14,0x6C,0x14,0x64,0x04,0x18,0x00}},
	{0x8C7A, {0x24,0xC4,0xBE,0x44,0xA6,0x64,0xAC,0x74,0xA4,0x24,0x6C,0x00}},
	{0x8C82, {0x3E,0xCA,0xAA,0x4A,0xB6,0x60,0xAE,0x6A,0xAA,0x2A,0x6E,0x00}},
	{0x8C89, {0x28,0xCE,0xAA,0x54,0xA4,0x6A,0xB0,0x6E,0xAA,0x2A,0x6E,0x00}},
	{0x8C85, {0x34,0xD4,0xBE,0x54,0xB4,0x7E,0xBE,0x7E,0xB4,0x34,0x54,0x00}},
	{0x8C8A, {0x3E,0xC8,0xA8,0x5E,0xB2,0x72,0xBE,0x72,0xB2,0x32,0x5E,0x00}},
	{0x8C8D, {0x2E,0xCE,0xAE,0x4E,0xAE,0x6E,0xA4,0x6E,0xA4,0x24,0x5E,0x00}},
	{0x8C8E, {0x28,0xD6,0xB2,0x5A,0xB2,0x72,0xBE,0x6C,0xAC,0x2C,0x56,0x00}},
	{0x8C94, {0x28,0xDE,0xB6,0x5A,0xB6,0x7E,0xA4,0x76,0xA4,0x24,0x76,0x00}},
	{0x8C7C, {0x34,0xD4,0xB4,0x5E,0xB4,0x74,0xB4,0x74,0xB4,0x3C,0x56,0x00}},
	{0x8C98, {0x2A,0xDE,0xAA,0x5E,0xB2,0x7E,0xA4,0x7E,0xA4,0x2A,0x52,0x00}},
	{0x621D, {0xEA,0xA8,0xEE,0xB8,0xEA,0xAA,0xAA,0xE4,0x04,0xAA,0xB2,0x00}},
	{0x8CAD, {0x06,0x78,0x48,0x7E,0x48,0x5C,0x54,0x5C,0x54,0x5C,0xA2,0x00}},
	{0x8CAA, {0x10,0x28,0x7C,0x8A,0x10,0x7C,0x44,0x7C,0x44,0x7C,0x82,0x00}},
	{0x8CBD, {0xE4,0xA4,0xE8,0xAA,0xFE,0xA0,0xAE,0xEA,0x0A,0xAA,0xAE,0x00}},
	{0x8CB2, {0x24,0xB6,0xA4,0xFE,0x44,0x7C,0x44,0x7C,0x44,0x7C,0x82,0x00}},
	{0x8CB3, {0x0A,0xFE,0x04,0x74,0x04,0xFC,0x54,0x74,0x54,0x72,0x8A,0x00}},
	{0x8CAE, {0x6A,0x08,0xFE,0x04,0x74,0x54,0x74,0x54,0x74,0x02,0x8A,0x00}},
	{0x8CB6, {0xE2,0xAC,0xE4,0xBE,0xE2,0xA4,0xA4,0xF4,0x18,0xB8,0xA6,0x00}},
	{0x8CC8, {0xFE,0x28,0xFE,0xAA,0xFE,0x44,0x7C,0x44,0x7C,0x44,0x82,0x00}},
	{0x8CC1, {0x10,0x7C,0x10,0x44,0xEE,0x7C,0x44,0x7C,0x44,0x7C,0x82,0x00}},
	{0x8CE4, {0xEA,0xBC,0xEA,0xA4,0xEA,0xA0,0xAA,0xFC,0x0A,0xA4,0xAA,0x00}},
	{0x8CE3, {0x10,0xFE,0x10,0xFE,0xAA,0xFE,0x44,0x7C,0x44,0x7C,0x82,0x00}},
	{0x8CDA, {0x10,0xFE,0x54,0xBA,0x54,0xFE,0x44,0x7C,0x44,0x7C,0x82,0x00}},
	{0x8CFD, {0x10,0xFE,0xAA,0x7C,0x28,0xFE,0x44,0xFE,0x44,0x7C,0x82,0x00}},
	{0x8CFA, {0xCA,0xFE,0xD4,0xFE,0xD6,0xFE,0xD6,0xFE,0x14,0xB6,0x94,0x00}},
	{0x8CFB, {0xEA,0xBE,0xE8,0xBE,0xEA,0xBE,0xAA,0xE4,0x1E,0xB4,0xAC,0x00}},
	{0x8D04, {0x28,0xFC,0x2C,0xFC,0x6C,0xB6,0x7C,0x7C,0x44,0x7C,0x82,0x00}},
	{0x8D05, {0x24,0xF6,0x2A,0xFA,0x54,0xBA,0x44,0x7C,0x44,0x7C,0x82,0x00}},
	{0x8D0A, {0x6C,0x7E,0xB4,0xFE,0x6C,0xB6,0x7C,0x7C,0x44,0x7C,0x82,0x00}},
	{0x8D07, {0x5A,0xE4,0x3E,0xA4,0x54,0xBA,0x44,0x7C,0x44,0x7C,0x82,0x00}},
	{0x8D0F, {0x10,0xFE,0x40,0x7C,0x00,0x76,0x76,0x76,0x76,0x46,0xAA,0x00}},
	{0x8D0D, {0xEC,0xB4,0xFE,0xBA,0xF0,0xB6,0xB0,0xF6,0x10,0xAE,0xAE,0x00}},
	{0x8D10, {0xC8,0xDE,0xCA,0xFE,0xC8,0xFE,0xC0,0xEA,0x00,0x9C,0xBE,0x00}},
	{0x9F4E, {0x10,0xFE,0x28,0xD6,0x54,0xBA,0x7C,0x6C,0x7C,0x44,0xAC,0x00}},
	{0x8D13, {0xCA,0xC8,0xDE,0xD4,0xF4,0xDC,0xFE,0xDC,0x14,0x94,0xAA,0x00}},
	{0x8CCD, {0xE4,0xBE,0xF0,0xB4,0xF4,0xBE,0xB4,0xF4,0x14,0xA4,0xAE,0x00}},
	{0x8D14, {0x7C,0x44,0x7C,0x44,0x38,0x44,0xEE,0xAA,0xEE,0x00,0xAA,0x00}},
	{0x8D16, {0xC8,0xFE,0xC8,0xFE,0xF6,0xFE,0xD4,0xDC,0x14,0x9C,0xA2,0x00}},
	{0x8D67, {0x2E,0x7A,0x2A,0x2E,0xF8,0x5E,0x5A,0xDA,0x5C,0x5A,0xBA,0x00}},
	{0x8D6D, {0x24,0x74,0x2E,0x24,0xFE,0x54,0x56,0xDE,0x56,0x56,0xB6,0x00}},
	{0x8D71, {0x10,0x7C,0x10,0x10,0xFE,0x04,0x28,0x08,0x50,0x60,0x9E,0x00}},
	{0x8D73, {0x22,0x7A,0x2A,0x2A,0xFA,0x2A,0x6E,0x72,0x62,0x60,0x9E,0x00}},
	{0x8D81, {0x24,0x7A,0x20,0x22,0xF4,0x22,0x64,0x72,0x64,0x60,0x9E,0x00}},
	{0x8D99, {0x44,0xEC,0x56,0x44,0xDE,0x52,0x5E,0xD2,0xD6,0xC0,0xBE,0x00}},
	{0x8DC2, {0xE4,0xA4,0xBE,0xE4,0x4E,0x42,0xEA,0xC4,0xC4,0xEA,0xD2,0x00}},
	{0x8DBE, {0xE4,0xA4,0xA4,0xF4,0x56,0x54,0xF4,0xD4,0xD4,0xF4,0xDE,0x00}},
	{0x8DBA, {0xE4,0xA4,0xAE,0xE4,0x44,0x5E,0xE4,0xC4,0xCA,0xEA,0xD2,0x00}},
	{0x8DCF, {0xD0,0xBE,0xBA,0xDA,0x5A,0x5A,0xDA,0xEA,0xEA,0xCE,0xD8,0x00}},
	{0x8DDA, {0xFE,0xBA,0xBA,0xFA,0x5A,0x7E,0xDA,0xDA,0xDA,0xF2,0xD6,0x00}},
	{0x8DD6, {0xFE,0xA8,0xA8,0xE8,0x4E,0x5A,0xEA,0xCA,0xCA,0xCA,0xEE,0x00}},
	{0x8DCC, {0xE4,0xB4,0xBE,0xF4,0x44,0x5E,0xE4,0xC4,0xC4,0xEA,0xD2,0x00}},
	{0x8DDB, {0xE4,0xBE,0xB6,0xF4,0x5E,0x52,0xFA,0xD4,0xD4,0xEA,0xD2,0x00}},
	{0x8DCB, {0xEA,0xA8,0xBE,0xE8,0x4A,0x4A,0xEC,0xD4,0xC4,0xEA,0xD2,0x00}},
	{0x8DEA, {0xEC,0xB4,0xA4,0xFE,0x50,0x5E,0xFA,0xDA,0xD8,0xEA,0xCE,0x00}},
	{0x8DEB, {0xFC,0x54,0x5C,0xE6,0x7C,0x44,0x7C,0x10,0x5C,0x50,0xBE,0x00}},
	{0x8DDF, {0xFE,0xB2,0xBE,0xF2,0x52,0x5E,0xF4,0xD6,0xD4,0xF2,0xDA,0x00}},
	{0x8DE3, {0xE4,0xB4,0xBE,0xE4,0x44,0x7E,0xD4,0xD4,0xD4,0xD4,0xE6,0x00}},
	{0x8DFC, {0xFC,0xA4,0xBC,0xE0,0x7E,0x42,0xFA,0xEA,0xEA,0xFA,0xC6,0x00}},
	{0x8E08, {0xE8,0xBE,0xA8,0xFE,0x6A,0x6A,0xFE,0xC8,0xDC,0xEA,0xC8,0x00}},
	{0x8E09, {0xE4,0xBE,0xB2,0xFE,0x52,0x5E,0xF4,0xD6,0xD4,0xF2,0xDA,0x00}},
	{0x8DFF, {0xE4,0xAE,0xA4,0xE4,0x5E,0x44,0xD6,0xD4,0xD4,0xD4,0xEE,0x00}},
	{0x8E1D, {0xFE,0xAA,0xBE,0xEA,0x7E,0x48,0xFE,0xC8,0xDC,0xEA,0xC8,0x00}},
	{0x8E1E, {0xFE,0xB2,0xBE,0xF4,0x5E,0x54,0xF4,0xDE,0xDA,0xEA,0xCE,0x00}},
	{0x8E10, {0xEA,0xBC,0xAA,0xE4,0x4A,0x40,0xEA,0xDC,0xCA,0xE4,0xCA,0x00}},
	{0x8E1F, {0xE0,0xA6,0xBE,0xF6,0x56,0x7E,0xD6,0xD6,0xD6,0xEE,0xC8,0x00}},
	{0x8E42, {0xEC,0xA4,0xBE,0xEA,0x58,0x48,0xFE,0xC8,0xDC,0xEA,0xC8,0x00}},
	{0x8E35, {0xE4,0xB8,0xBE,0xE8,0x7E,0x6A,0xFE,0xC8,0xDC,0xC8,0xFE,0x00}},
	{0x8E30, {0xF8,0xB4,0xA2,0xFC,0x40,0x7A,0xEA,0xFC,0xEC,0xFA,0xEA,0x00}},
	{0x8E34, {0xEE,0xA4,0xBE,0xEA,0x7E,0x6A,0xFE,0xC8,0xFE,0xD2,0xE6,0x00}},
	{0x8E4A, {0xEC,0xBA,0xA4,0xEC,0x4A,0x5E,0xE4,0xDE,0xC4,0xEA,0xD2,0x00}},
	{0x8E47, {0x10,0xFE,0xAA,0x7C,0x28,0xFE,0x7C,0xC6,0x7C,0x50,0xBE,0x00}},
	{0x8E49, {0xEA,0xBE,0xA4,0xEE,0x44,0x5E,0xE8,0xCE,0xD4,0xE4,0xDE,0x00}},
	{0x8E4C, {0xE4,0xAA,0xBE,0xE0,0x4E,0x4A,0xEE,0xC8,0xCE,0xDA,0xEE,0x00}},
	{0x8E50, {0xF6,0xA4,0xB6,0xE4,0x4C,0x52,0xFE,0xD2,0xDE,0xD2,0xD6,0x00}},
	{0x8E48, {0xFC,0xA0,0xB4,0xEA,0x40,0x56,0xE2,0xF6,0xE2,0xE2,0xFE,0x00}},
	{0x8E59, {0x04,0x7E,0x54,0x7E,0x54,0xB2,0x7C,0x44,0x7C,0x50,0xBE,0x00}},
	{0x8E64, {0xF4,0xB4,0xAA,0xE0,0x54,0x54,0xF6,0xD4,0xD4,0xDC,0xD6,0x00}},
	{0x8E60, {0xE4,0xBE,0xA0,0xEA,0x7E,0x6A,0xEA,0xEE,0xC0,0xD4,0xEA,0x00}},
	{0x8E2A, {0xE4,0xBE,0xB2,0xEC,0x40,0x5E,0xE4,0xD6,0xD6,0xC4,0xEC,0x00}},
	{0x8E63, {0xF4,0xBE,0xB4,0xFC,0x48,0x7E,0xEA,0xFE,0xFE,0xEA,0xEA,0x00}},
	{0x8E55, {0xFE,0xAA,0xBE,0xEA,0x7E,0x54,0xFE,0xC8,0xFE,0xC8,0xC8,0x00}},
	{0x8E76, {0xFE,0xA0,0xA8,0xFE,0x5A,0x6C,0xFC,0xD4,0xD4,0xE4,0xCA,0x00}},
	{0x8E72, {0xF4,0xA2,0xBE,0xD4,0x7E,0x76,0xFE,0xC4,0xFE,0xD4,0xCC,0x00}},
	{0x8E7C, {0xEA,0xA8,0xBE,0xD4,0x7E,0x48,0xDC,0xC8,0xFE,0xD4,0xE2,0x00}},
	{0x8E81, {0xDC,0xD4,0xDC,0xFE,0x6A,0x7E,0xC8,0xFE,0xDC,0xEA,0xC8,0x00}},
	{0x8E87, {0xEA,0xBE,0xAA,0xE4,0x4E,0x44,0xFE,0xCA,0xDE,0xCA,0xEE,0x00}},
	{0x8E85, {0xFE,0xAA,0xBE,0xF0,0x5E,0x6A,0xDE,0xDE,0xCA,0xEE,0xDA,0x00}},
	{0x8E84, {0x64,0x6E,0x4A,0xE4,0x6E,0x64,0x7C,0x44,0x7C,0x50,0xBE,0x00}},
	{0x8E8B, {0xE8,0xBE,0xA8,0xF6,0x54,0x6A,0xDC,0xD4,0xDC,0xD4,0xE4,0x00}},
	{0x8E8A, {0xE8,0xBE,0xA8,0xFE,0x42,0x5C,0xC8,0xFE,0xF4,0xF4,0xCC,0x00}},
	{0x8E93, {0xF6,0xA4,0xB6,0xD2,0x5C,0x54,0xDC,0xD4,0xDC,0xC0,0xE2,0x00}},
	{0x8E91, {0xD6,0xEE,0xC6,0xFC,0x56,0x7E,0xFE,0xD6,0xFC,0xD4,0xEC,0x00}},
	{0x8E94, {0xE4,0xBE,0xB0,0xFE,0x5E,0x54,0xDE,0xEA,0xD4,0xC4,0xDE,0x00}},
	{0x8E99, {0xF6,0xB6,0xB6,0xF6,0x6A,0x6E,0xFA,0xEE,0xEA,0xEE,0xE2,0x00}},
	{0x8EAA, {0xD4,0xFE,0xD4,0xF6,0x76,0x62,0xEA,0xEE,0xFA,0xEE,0xE2,0x00}},
	{0x8EA1, {0xFE,0xAC,0xAC,0xEC,0x5E,0x44,0xFE,0xF6,0xF6,0xFE,0xD2,0x00}},
	{0x8EAC, {0x2E,0x72,0x52,0x7E,0x58,0x78,0x5E,0xF2,0x32,0x52,0xB6,0x00}},
	{0x8EB0, {0x44,0xE4,0xBE,0xE4,0xA4,0xEC,0xB6,0xE4,0x6E,0xA4,0x64,0x00}},
	{0x8EC6, {0x54,0xFE,0xB6,0xFE,0xA0,0xFE,0xB2,0xFE,0x6C,0xAC,0x7E,0x00}},
	{0x8EB1, {0x5C,0xEC,0xAE,0xEA,0xB6,0xE4,0xBE,0xE4,0x6C,0xB6,0x64,0x00}},
	{0x8EBE, {0x4A,0xFE,0xA4,0xEE,0xA4,0xFE,0xA4,0xFE,0x64,0xAA,0x72,0x00}},
	{0x8EC5, {0x5E,0xF0,0xB4,0xF6,0xB4,0xEE,0xAC,0xEE,0x6C,0xAC,0x6E,0x00}},
	{0x8EC8, {0x44,0xFE,0xB4,0xF6,0xAC,0xEE,0xAC,0xEE,0x70,0xB2,0x6E,0x00}},
	{0x8ECB, {0x48,0xE8,0x48,0xE8,0xE8,0xE8,0xE8,0xE8,0x4A,0xEA,0x4E,0x00}},
	{0x8EDB, {0x5E,0xF0,0x50,0xFE,0xFA,0xFA,0xFA,0xF8,0x5A,0xEA,0x4E,0x00}},
	{0x8EE3, {0x10,0xFE,0x54,0x7C,0x54,0xFE,0x92,0x44,0x28,0x44,0x82,0x00}},
	{0x8EFC, {0x44,0xEC,0x4E,0xF4,0xE4,0xFE,0xE4,0xE4,0x44,0xEA,0x52,0x00}},
	{0x8EFB, {0x5E,0xE2,0x5E,0xF6,0xF6,0xF6,0xF6,0xFE,0x42,0xE2,0x46,0x00}},
	{0x8EEB, {0x44,0xEA,0x50,0xE4,0xE8,0xE2,0xE4,0xE8,0x42,0xE4,0x58,0x00}},
	{0x8EFE, {0x4A,0xC8,0x7E,0xC4,0xC4,0xFC,0xD4,0xD4,0x54,0xFA,0x42,0x00}},
	{0x8F0A, {0x7E,0xC8,0x50,0xD4,0xFA,0xC8,0xC8,0xDC,0x48,0xC8,0x7E,0x00}},
	{0x8F05, {0x48,0xEE,0x4A,0xF4,0xE4,0xEA,0xF0,0xEE,0x4A,0xEA,0x4E,0x00}},
	{0x8F15, {0x5E,0xEA,0x4A,0xF4,0xEA,0xEA,0xE0,0xFE,0x44,0xE4,0x5E,0x00}},
	{0x8F12, {0x7E,0xD4,0x74,0xD4,0xD4,0xF4,0xD4,0xD4,0x74,0xD4,0x56,0x00}},
	{0x8F19, {0x7C,0xD8,0x5E,0xDA,0xDA,0xDA,0xDC,0xDC,0x7A,0xCA,0x48,0x00}},
	{0x8F13, {0x4C,0xD4,0x44,0xFE,0xEA,0xEA,0xFE,0xD4,0x54,0xD4,0x66,0x00}},
	{0x8F1C, {0x4A,0xEA,0x54,0xEA,0xEA,0xFE,0xF6,0xFE,0x56,0xF6,0x5E,0x00}},
	{0x8F1F, {0x5E,0xCA,0x6A,0xD4,0xEA,0xC0,0xDE,0xCA,0x6A,0xD4,0x6A,0x00}},
	{0x8F1B, {0x7E,0xC8,0x48,0xFE,0xEA,0xEA,0xFE,0xFE,0x7E,0xEA,0x6A,0x00}},
	{0x8F0C, {0x7E,0xC8,0x48,0xFE,0xEA,0xEA,0xFE,0xFE,0x7E,0xE2,0x66,0x00}},
	{0x8F26, {0x44,0xEE,0x44,0xAA,0x10,0xFE,0x54,0x7C,0x54,0xFE,0x10,0x00}},
	{0x8F33, {0x48,0xDC,0x48,0xFE,0xD4,0xFE,0xE2,0xDC,0x7E,0xD4,0x62,0x00}},
	{0x8F3B, {0x5E,0xC0,0x5E,0xD2,0xDE,0xC0,0xFE,0xEA,0x7E,0xEA,0x7E,0x00}},
	{0x8F39, {0x48,0xEE,0x5A,0xEE,0xEA,0xEE,0xE8,0xEE,0x5A,0xE4,0x5A,0x00}},
	{0x8F45, {0x48,0xDC,0x48,0xFE,0xDC,0xD4,0xDC,0xDA,0x74,0xD4,0x5A,0x00}},
	{0x8F42, {0x2E,0xFA,0x2A,0xF0,0x9E,0x2A,0xFA,0x64,0x64,0xFA,0x2A,0x00}},
	{0x8F3E, {0x5E,0xD2,0x5E,0xD4,0xDE,0xD4,0xDE,0xD4,0x76,0xD4,0x5A,0x00}},
	{0x8F4C, {0x5C,0xC8,0x7E,0xEA,0xD4,0xC0,0xDC,0xC4,0x7E,0xC4,0x5C,0x00}},
	{0x8F49, {0x48,0xFE,0x5C,0xDC,0xDC,0xFA,0xC4,0xFE,0x44,0xD4,0x4C,0x00}},
	{0x8F46, {0x48,0xDE,0x54,0xDE,0xD6,0xDE,0xE4,0xF6,0x64,0xE4,0x76,0x00}},
	{0x8F4E, {0x5C,0xC8,0x7E,0xD4,0xE2,0xDC,0xD4,0xFE,0x76,0xFE,0x62,0x00}},
	{0x8F57, {0x44,0xFE,0x64,0xFC,0xEE,0xEC,0xFA,0xC0,0x54,0xF2,0x6E,0x00}},
	{0x8F5C, {0x5C,0xC8,0x7E,0xEA,0xC0,0xFE,0xC8,0xFE,0x6A,0xEA,0x6A,0x00}},
	{0x8F62, {0x5A,0xEC,0x5A,0xEC,0xF6,0xC8,0xFE,0xC8,0x5C,0xEA,0x48,0x00}},
	{0x8F63, {0x7E,0xE0,0x6A,0x74,0xFE,0xF4,0xE0,0xE4,0x56,0xD4,0x7E,0x00}},
	{0x8F64, {0x44,0xE6,0x44,0xDE,0xD4,0xD6,0xD6,0xD0,0x6C,0xCC,0x5E,0x00}},
	{0x8F9C, {0x10,0xFE,0x10,0x7C,0x44,0xFE,0x28,0xFE,0x10,0xFE,0x10,0x00}},
	{0x8F9F, {0x64,0x7E,0x6A,0x6A,0x7E,0x44,0xE4,0x7E,0x64,0x64,0x64,0x00}},
	{0x8FA3, {0x44,0xFE,0xA4,0xBE,0xF6,0x56,0x5E,0xE4,0x4C,0x56,0x84,0x00}},
	{0x8FAD, {0x74,0xAE,0x0A,0x6A,0x2E,0xF4,0xB4,0xFE,0xD4,0xB4,0xD4,0x00}},
	{0x8FAF, {0x54,0xEE,0xBA,0xAA,0xFE,0x44,0x74,0xCE,0x74,0x74,0xB4,0x00}},
	{0x8FB7, {0x80,0x40,0x00,0x9E,0x40,0x00,0xC0,0x40,0x40,0x40,0xBE,0x00}},
	{0x8FDA, {0x88,0x08,0x3E,0xAA,0x2A,0x3E,0xC8,0x48,0x48,0x40,0xBE,0x00}},
	{0x8FE5, {0xBE,0x22,0x3E,0xB6,0x36,0x36,0xFE,0x62,0x66,0x40,0xBE,0x00}},
	{0x8FE2, {0xBE,0x4A,0x0A,0x96,0x20,0x1E,0xD2,0x52,0x5E,0x40,0xBE,0x00}},
	{0x8FEA, {0x88,0x3E,0x2A,0xAA,0x3E,0x2A,0xEA,0x6A,0x7E,0x40,0xBE,0x00}},
	{0x8FEF, {0x94,0x14,0x1C,0xAC,0x2E,0x1C,0xCC,0x54,0x64,0x40,0xBE,0x00}},
	{0x9087, {0xBE,0x1C,0x2A,0xBE,0x2A,0x36,0xEA,0x76,0x6A,0x40,0xBE,0x00}},
	{0x8FF4, {0xBE,0x22,0x3E,0xB6,0x36,0x36,0xFE,0x62,0x7E,0x40,0xBE,0x00}},
	{0x9005, {0x82,0x5C,0x10,0x9E,0x50,0x1E,0xDA,0x6A,0x4E,0x40,0xBE,0x00}},
	{0x8FF9, {0x88,0x3E,0x14,0x94,0x36,0x36,0xD4,0x54,0x6C,0x40,0xBE,0x00}},
	{0x8FFA, {0xBE,0x14,0x3E,0xB6,0x36,0x36,0xE2,0x62,0x7E,0x40,0xBE,0x00}},
	{0x9011, {0x8A,0x3E,0x08,0xAA,0x2C,0x08,0xDC,0x6A,0x58,0x40,0xBE,0x00}},
	{0x9015, {0x9E,0x4A,0x0A,0x94,0x4A,0x1E,0xC4,0x44,0x5E,0x40,0xBE,0x00}},
	{0x9021, {0x88,0x12,0x3E,0x94,0x26,0x0C,0xD4,0x4C,0x72,0x40,0xBE,0x00}},
	{0x900D, {0x8C,0x56,0x04,0x9E,0x52,0x1E,0xD2,0x52,0x56,0x40,0xBE,0x00}},
	{0x901E, {0x9E,0x52,0x1E,0x80,0x5E,0x04,0xCE,0x44,0x5E,0x40,0xBE,0x00}},
	{0x9016, {0xAC,0x14,0x34,0x9E,0x1C,0x34,0xD4,0x54,0x6A,0x40,0xBE,0x00}},
	{0x900B, {0x8A,0x3E,0x08,0xBE,0x2A,0x3E,0xEA,0x7E,0x6A,0x40,0xBE,0x00}},
	{0x9027, {0x94,0x14,0x22,0x88,0x14,0x22,0xDC,0x54,0x5C,0x40,0xBE,0x00}},
	{0x9036, {0x9C,0x08,0x3E,0x9C,0x2A,0x3E,0xD4,0x4C,0x72,0x40,0xBE,0x00}},
	{0x9035, {0x88,0x5C,0x08,0xBE,0x14,0x26,0xDC,0x48,0x7E,0x40,0xBE,0x00}},
	{0x9039, {0x88,0x5C,0x08,0xBE,0x14,0x3E,0xC8,0x7E,0x48,0x40,0xBE,0x00}},
	{0x8FF8, {0x94,0x08,0x3E,0x94,0x14,0x3E,0xD4,0x54,0x64,0x40,0xBE,0x00}},
	{0x904F, {0x9C,0x54,0x1C,0x94,0x1E,0x2A,0xF6,0x62,0x7A,0x40,0xBE,0x00}},
	{0x9050, {0xB6,0x32,0x36,0xA0,0x36,0x22,0xF4,0x64,0x6A,0x40,0xBE,0x00}},
	{0x9051, {0x88,0x5C,0x14,0x9C,0x3E,0x08,0xDC,0x48,0x7E,0x40,0xBE,0x00}},
	{0x9052, {0x94,0x22,0x3E,0x94,0x3E,0x36,0xE2,0x7E,0x7E,0x40,0xBE,0x00}},
	{0x900E, {0xBE,0x14,0x3E,0xB6,0x36,0x22,0xFE,0x62,0x7E,0x40,0xBE,0x00}},
	{0x9049, {0x88,0x4E,0x08,0x9C,0x54,0x1C,0xD4,0x5C,0x62,0x40,0xBE,0x00}},
	{0x903E, {0xB8,0x14,0x22,0x9C,0x00,0x3A,0xEC,0x7A,0x6A,0x40,0xBE,0x00}},
	{0x9056, {0x88,0x3E,0x08,0xBE,0x22,0x36,0xEA,0x7E,0x6A,0x40,0xBE,0x00}},
	{0x9058, {0x94,0x3E,0x14,0xBE,0x08,0x1C,0xDC,0x7E,0x54,0x40,0xBE,0x00}},
	{0x905E, {0x82,0x3C,0x26,0xBC,0x36,0x30,0xEC,0x4C,0x56,0x40,0xBE,0x00}},
	{0x9068, {0x94,0x3E,0x1A,0xBA,0x1A,0x3C,0xDC,0x6A,0x5A,0x40,0xBE,0x00}},
	{0x906F, {0xBE,0x2C,0x3C,0xAA,0x3A,0x2E,0xFA,0x6E,0x6A,0x40,0xBE,0x00}},
	{0x9076, {0x88,0x1C,0x08,0xBE,0x14,0x3E,0xC0,0x5C,0x76,0x40,0xBE,0x00}},
	{0x96A8, {0xE4,0xBE,0xA8,0xCE,0xB4,0xAE,0xAA,0xAE,0xDA,0x90,0xAE,0x00}},
	{0x9072, {0xBE,0x22,0x3E,0xA0,0x3A,0x2C,0xF4,0x7E,0x64,0x40,0xBE,0x00}},
	{0x9082, {0x9E,0x2A,0x08,0xBA,0x3E,0x3A,0xFE,0x6A,0x6A,0x40,0xBE,0x00}},
	{0x907D, {0x88,0x4E,0x08,0xBE,0x28,0x36,0xEC,0x56,0x6C,0x40,0xBE,0x00}},
	{0x9081, {0x94,0x7E,0x2A,0xBE,0x08,0x3E,0xEE,0x7A,0x66,0x40,0xBE,0x00}},
	{0x9080, {0x94,0x3E,0x3A,0xBA,0x1A,0x3C,0xDC,0x6A,0x5A,0x40,0xBE,0x00}},
	{0x908A, {0x88,0x5C,0x14,0x9C,0x3E,0x2A,0xDC,0x54,0x6C,0x40,0xBE,0x00}},
	{0x9089, {0x88,0x5C,0x14,0x9C,0x3E,0x2A,0xDC,0x76,0x5C,0x40,0xBE,0x00}},
	{0x908F, {0xBE,0x2A,0x3E,0x94,0x2E,0x34,0xDE,0x74,0x5E,0x40,0xBE,0x00}},
	{0x90A8, {0x4E,0x5A,0xEA,0x4C,0xDA,0xDA,0xFA,0x4A,0x5C,0x68,0x08,0x00}},
	{0x90AF, {0x56,0x56,0xFE,0x54,0x56,0x76,0x56,0x56,0x54,0x54,0x74,0x00}},
	{0x90B1, {0x16,0x66,0x46,0x44,0x7E,0x56,0x56,0x56,0x54,0x5C,0xE4,0x00}},
	{0x90B5, {0xF6,0x56,0x56,0x54,0xB6,0x06,0xF6,0x96,0x94,0x94,0xF4,0x00}},
	{0x90E2, {0x76,0x56,0x56,0x74,0x06,0x76,0x26,0xFE,0x24,0x3C,0xE4,0x00}},
	{0x90E4, {0x2E,0x5A,0x8A,0x2C,0x5A,0x5A,0x8A,0x7A,0x5C,0x78,0x08,0x00}},
	{0x6248, {0xFE,0x00,0x7E,0x42,0x7E,0x54,0x7E,0x6A,0x7E,0xA0,0xBE,0x00}},
	{0x90DB, {0x76,0x06,0x56,0xAC,0x06,0x76,0x16,0xFE,0x24,0x24,0x64,0x00}},
	{0x9102, {0xBE,0xBA,0xBA,0x0C,0x6A,0x0A,0xFA,0x4A,0x6C,0x28,0x68,0x00}},
	{0x9112, {0x4E,0x7A,0xAA,0xFC,0x2A,0xCA,0x7A,0xAA,0xFC,0x28,0xC8,0x00}},
	{0x9119, {0x76,0x56,0x76,0x24,0xFE,0x06,0xF6,0xF6,0xD4,0xF4,0xF4,0x00}},
	{0x9132, {0xDE,0xDA,0x0A,0xFC,0xAA,0xFA,0xAA,0xFA,0x2C,0xF8,0x28,0x00}},
	{0x9130, {0xAE,0x26,0xFE,0x74,0xAE,0x06,0x56,0x7E,0xB4,0x7C,0x94,0x00}},
	{0x914A, {0xFE,0x44,0x44,0xE4,0xE4,0xE4,0xA4,0xA4,0xE4,0xA4,0xEC,0x00}},
	{0x9156, {0xE8,0x5E,0x5A,0xEA,0xE8,0xEC,0xAC,0xAC,0xF4,0xB4,0xE6,0x00}},
	{0x9158, {0xEE,0x4A,0x4A,0xE0,0xEE,0xE2,0xAA,0xA4,0xE4,0xAA,0xF2,0x00}},
	{0x9163, {0xEA,0x4A,0x5E,0xEA,0xEA,0xEE,0xAA,0xAA,0xEA,0xAA,0xEE,0x00}},
	{0x9165, {0xE2,0x4C,0x44,0xE4,0xFE,0xE4,0xA4,0xAC,0xF6,0xA4,0xE4,0x00}},
	{0x9169, {0xE8,0x4E,0x52,0xEA,0xE4,0xE8,0xBE,0xAA,0xEA,0xAA,0xEE,0x00}},
	{0x9173, {0xE4,0x48,0x44,0xEA,0xFE,0xE0,0xAE,0xAA,0xEE,0xAA,0xEA,0x00}},
	{0x9172, {0xEE,0x4A,0x4A,0xEE,0xE2,0xEC,0xA4,0xBE,0xE4,0xA4,0xEE,0x00}},
	{0x918B, {0xEA,0x5E,0x4A,0xEA,0xFE,0xE0,0xAE,0xAA,0xEE,0xAA,0xEE,0x00}},
	{0x9189, {0xE8,0x5E,0x54,0xF4,0xEA,0xE8,0xA8,0xBE,0xE8,0xA8,0xE8,0x00}},
	{0x9182, {0xEA,0x4A,0x5E,0xEA,0xEA,0xFE,0xBE,0xBE,0xEA,0xAA,0xEA,0x00}},
	{0x91A2, {0xE8,0x5E,0x48,0xEE,0xFA,0xEE,0xA0,0xAC,0xEC,0xAC,0xFE,0x00}},
	{0x91AB, {0xFE,0xCA,0xF0,0xAE,0xD4,0xFA,0x00,0xFE,0x6C,0x44,0x7C,0x00}},
	{0x91AF, {0xE4,0x5E,0x48,0xFE,0xE0,0xEA,0xAA,0xA0,0xEC,0xAC,0xFE,0x00}},
	{0x91AA, {0xFE,0x4A,0x5E,0xEA,0xE4,0xEA,0xB4,0xA2,0xE4,0xA2,0xEC,0x00}},
	{0x91B5, {0xE4,0x46,0x44,0xFE,0xF4,0xF6,0xAC,0xB4,0xEC,0xB6,0xEC,0x00}},
	{0x91B4, {0xEA,0x5E,0x5A,0xFE,0xE0,0xFE,0xB2,0xBE,0xEC,0xAC,0xFE,0x00}},
	{0x91BA, {0xE2,0x4C,0x5E,0xE4,0xEE,0xEE,0xAE,0xA4,0xFE,0xA0,0xEA,0x00}},
	{0x91C0, {0xC8,0x7E,0x76,0xC0,0xD4,0xFE,0xD4,0xFE,0xDA,0xF4,0xDA,0x00}},
	{0x91C1, {0x2C,0x54,0x6C,0xFE,0xBA,0x6C,0x7C,0x44,0xBA,0x28,0x58,0x00}},
	{0x91C9, {0x14,0xE4,0x2E,0xBE,0x2E,0xFE,0x2E,0x6E,0xBE,0x2E,0x2E,0x00}},
	{0x91CB, {0x1E,0xF6,0x3E,0xA4,0x2E,0xFE,0x2A,0x7E,0xA4,0x3E,0x24,0x00}},
	{0x91D0, {0x24,0x76,0x2A,0xFA,0x74,0xAA,0x7E,0x6A,0x7E,0x48,0xBE,0x00}},
	{0x91D6, {0x5E,0xAA,0x0A,0xEA,0x4A,0xEA,0x4A,0xEA,0xCA,0x6A,0xD6,0x00}},
	{0x91DF, {0x54,0xB4,0x14,0xF4,0x54,0xF4,0x54,0xF4,0xD4,0x62,0xC2,0x00}},
	{0x91E1, {0x28,0x44,0x92,0x28,0x44,0xBA,0x10,0x7C,0x10,0x54,0xFE,0x00}},
	{0x91DB, {0x48,0xA8,0x1E,0xEA,0x4A,0xEA,0x4A,0xEA,0xCA,0x6A,0xD6,0x00}},
	{0x91FC, {0x5E,0xAA,0x0A,0xEA,0x5A,0xEA,0x4A,0xEE,0xCA,0x6A,0xD6,0x00}},
	{0x91F5, {0x4E,0xA2,0x0A,0xE6,0x42,0xEA,0x4A,0xE4,0xC4,0x6A,0xD2,0x00}},
	{0x91F6, {0x44,0xB4,0x16,0xFE,0x56,0xF6,0x54,0xF4,0xD2,0x72,0xDE,0x00}},
	{0x921E, {0x48,0xAE,0x12,0xE2,0x5A,0xE2,0x46,0xEA,0xD2,0x62,0xCC,0x00}},
	{0x91FF, {0x44,0xB8,0x10,0xF0,0x5E,0xF4,0x54,0xF4,0xD4,0x64,0xC4,0x00}},
	{0x9214, {0x48,0xA8,0x0C,0xFA,0x5A,0xE8,0x4A,0xE2,0xC4,0x68,0xD0,0x00}},
	{0x922C, {0x5E,0xB2,0x12,0xFE,0x54,0xF4,0x54,0xF4,0xD4,0x62,0xC2,0x00}},
	{0x9215, {0x5E,0xAA,0x0A,0xEA,0x4A,0xFE,0x4A,0xEA,0xCA,0x6A,0xDE,0x00}},
	{0x9211, {0x5E,0xB0,0x10,0xFE,0x52,0xFA,0x5A,0xF4,0xC4,0x6A,0xD2,0x00}},
	{0x925E, {0x46,0xA4,0x1E,0xF4,0x54,0xF4,0x56,0xF4,0xDC,0x64,0xCA,0x00}},
	{0x9257, {0x4A,0xAA,0x1E,0xEA,0x4A,0xEE,0x4A,0xEA,0xCA,0x6A,0xCE,0x00}},
	{0x9245, {0x5E,0xB0,0x10,0xFE,0x52,0xF2,0x5E,0xF0,0xD0,0x70,0xDE,0x00}},
	{0x9249, {0x44,0xA4,0x1E,0xE4,0x48,0xFA,0x44,0xE4,0xC8,0x72,0xDE,0x00}},
	{0x9264, {0x48,0xAE,0x12,0xEE,0x4A,0xEA,0x4A,0xEE,0xC2,0x62,0xC6,0x00}},
	{0x9248, {0x44,0xBE,0x12,0xE8,0x4A,0xEC,0x48,0xE8,0xCA,0x6A,0xCE,0x00}},
	{0x9295, {0x48,0xBE,0x08,0xFE,0x4A,0xFE,0x68,0xFE,0xCA,0x54,0xE2,0x00}},
	{0x923F, {0x5E,0xB6,0x16,0xF6,0x56,0xFE,0x56,0xF6,0xD6,0x76,0xDE,0x00}},
	{0x924B, {0x48,0xAE,0x12,0xEE,0x4A,0xEA,0x4E,0xEA,0xC8,0x6A,0xCE,0x00}},
	{0x9250, {0x5E,0xA8,0x08,0xE8,0x4E,0xEA,0x5A,0xEA,0xCA,0x6A,0xCE,0x00}},
	{0x929C, {0x56,0x68,0x80,0x3E,0x52,0x7A,0xD2,0x7A,0x72,0x5A,0x76,0x00}},
	{0x9296, {0x48,0xA8,0x3C,0xE8,0x48,0xFE,0x48,0xC8,0xDC,0x6A,0xC8,0x00}},
	{0x9293, {0x5C,0xAA,0x10,0xEE,0x44,0xE4,0x4E,0xE4,0xC4,0x64,0xDE,0x00}},
	{0x929B, {0x42,0xAC,0x04,0xE4,0x5E,0xE4,0x44,0xEE,0xCA,0x6A,0xCE,0x00}},
	{0x925A, {0x50,0xB6,0x26,0xF6,0x76,0xF6,0x76,0xF6,0xD4,0x54,0xE4,0x00}},
	{0x92CF, {0x48,0xBE,0x08,0xDC,0x5C,0xDC,0x6A,0xC8,0xC8,0x54,0xE2,0x00}},
	{0x92B9, {0x44,0xB8,0x08,0xFE,0x5C,0xEA,0x7C,0xD4,0xD6,0x52,0xE6,0x00}},
	{0x92B7, {0x44,0xAC,0x16,0xE4,0x5E,0xF2,0x5E,0xF2,0xDE,0x72,0xD6,0x00}},
	{0x92E9, {0x54,0xBE,0x14,0xE8,0x5E,0xF0,0x50,0xF0,0xD0,0x70,0xDE,0x00}},
	{0x930F, {0x7E,0xB4,0x14,0xF6,0x62,0xE2,0x76,0xD4,0xD4,0x54,0xFE,0x00}},
	{0x92FA, {0x48,0xBE,0x22,0xD0,0x5E,0xEA,0x6A,0xD8,0xC8,0x5A,0xEE,0x00}},
	{0x9344, {0x48,0xBE,0x00,0xDC,0x54,0xDC,0x48,0xEA,0xEA,0x48,0xD8,0x00}},
	{0x932E, {0x7E,0xA2,0x2A,0xFE,0x6A,0xFE,0x76,0xF6,0xFE,0x62,0xFE,0x00}},
	{0x9319, {0x4A,0xAA,0x14,0xEA,0x4A,0xFE,0x56,0xFE,0xD6,0x76,0xDE,0x00}},
	{0x9322, {0x4A,0xBC,0x0A,0xE4,0x4A,0xE0,0x4A,0xFC,0xCA,0x64,0xCA,0x00}},
	{0x931A, {0x5C,0xB4,0x2A,0xC0,0x5E,0xCA,0x7E,0xCA,0xDE,0x48,0xD8,0x00}},
	{0x9323, {0x5E,0xAA,0x0A,0xD4,0x6A,0xC0,0x5E,0xCA,0xEA,0x54,0xEA,0x00}},
	{0x933A, {0x54,0xBE,0x14,0xC8,0x7E,0xD0,0x5E,0xD2,0xD2,0x52,0xE6,0x00}},
	{0x9335, {0x54,0xBE,0x14,0xC0,0x54,0xD4,0x76,0xD4,0xD4,0x54,0xD6,0x00}},
	{0x933B, {0x44,0xB6,0x04,0xFE,0x44,0xD4,0x5C,0xF4,0xF4,0x7A,0xC2,0x00}},
	{0x935C, {0x76,0xB2,0x32,0xF6,0x60,0xF6,0x62,0xEA,0xF4,0x64,0xEA,0x00}},
	{0x9360, {0x44,0xAE,0x0A,0xEE,0x4A,0xEE,0x5E,0xE4,0xCE,0x64,0xDE,0x00}},
	{0x937C, {0x4A,0xA8,0x3E,0xE4,0x7C,0xE4,0x7E,0xEC,0xEC,0x7A,0xCA,0x00}},
	{0x936E, {0x5C,0xAA,0x10,0xEE,0x40,0xFA,0x5A,0xFC,0xDC,0x7A,0xDA,0x00}},
	{0x9356, {0x54,0xBE,0x14,0xDC,0x54,0xDC,0x54,0xFE,0xF6,0x60,0xFE,0x00}},
	{0x93B0, {0x54,0xA2,0x00,0xDC,0x40,0xD4,0x62,0xC0,0xDC,0x5C,0xFE,0x00}},
	{0x93AC, {0x48,0xBE,0x14,0xDC,0x40,0xFE,0x62,0xFE,0xF6,0x7E,0xE2,0x00}},
	{0x93AD, {0x48,0xAE,0x08,0xEE,0x46,0xF6,0x56,0xF0,0xDE,0x60,0xD2,0x00}},
	{0x9394, {0x48,0xBE,0x22,0xD4,0x62,0xC8,0x54,0xE2,0xDC,0x54,0xDC,0x00}},
	{0x93B9, {0x44,0xAA,0x00,0xEE,0x44,0xCE,0x74,0xD4,0xDA,0x50,0xEE,0x00}},
	{0x93D6, {0x08,0x7E,0x54,0x7E,0x64,0x76,0x48,0x54,0x7E,0x5C,0xBE,0x00}},
	{0x93D7, {0x76,0xA2,0x32,0xF4,0x74,0xEA,0x72,0xC8,0xDC,0x48,0xFE,0x00}},
	{0x93E8, {0x22,0xFC,0x68,0x6E,0xFA,0x22,0x10,0x28,0xFE,0x54,0xFE,0x00}},
	{0x93E5, {0x48,0xBE,0x22,0xDE,0x64,0xEE,0x6A,0xEE,0xEA,0x6A,0xEE,0x00}},
	{0x93D8, {0x54,0xB6,0x3A,0xF4,0x58,0xDE,0x72,0xFA,0xF2,0x52,0xD6,0x00}},
	{0x93C3, {0x54,0xB6,0x38,0xD4,0x56,0xDC,0x5E,0xEC,0xEC,0x4A,0xDA,0x00}},
	{0x93DD, {0x5C,0xB4,0x1C,0xD4,0x7E,0xEA,0x7E,0xD4,0xC8,0x54,0xE2,0x00}},
	{0x93D0, {0x5E,0xAA,0x1E,0xEA,0x44,0xEA,0x54,0xE2,0xC4,0x62,0xCC,0x00}},
	{0x93C8, {0x44,0xAE,0x04,0xEE,0x4E,0xEE,0x54,0xDE,0xD4,0x50,0xEE,0x00}},
	{0x93E4, {0x48,0xBC,0x3E,0xC8,0x5C,0xDC,0x48,0xFE,0xD4,0x4C,0xF2,0x00}},
	{0x941A, {0x7E,0xB4,0x36,0xE2,0x76,0xD4,0x7E,0xC0,0xD4,0x72,0xEE,0x00}},
	{0x9414, {0x5E,0xAC,0x1E,0xFE,0x4A,0xEE,0x4A,0xEE,0xC4,0x7E,0xC4,0x00}},
	{0x9413, {0x54,0xBC,0x06,0xFA,0x6A,0xFA,0x5A,0xF4,0xD4,0x5A,0xFA,0x00}},
	{0x9403, {0x48,0xBC,0x08,0xFE,0x54,0xFE,0x40,0xFE,0xD4,0x54,0xE6,0x00}},
	{0x9407, {0x5E,0xA4,0x16,0xFE,0x4C,0xF6,0x5E,0xF6,0xDE,0x76,0xDE,0x00}},
	{0x9410, {0x48,0xBE,0x08,0xEA,0x54,0xFE,0x54,0xDC,0xC8,0x6A,0xD8,0x00}},
	{0x9436, {0x5E,0xB6,0x1E,0xE0,0x5E,0xF2,0x5E,0xF4,0xD6,0x74,0xDA,0x00}},
	{0x942B, {0x54,0xBE,0x34,0xDE,0x54,0xDE,0x40,0xF6,0xEA,0x62,0xE6,0x00}},
	{0x9435, {0x56,0xBC,0x14,0xFE,0x6C,0xFC,0x56,0xFC,0xD4,0x5A,0xF2,0x00}},
	{0x9421, {0x56,0xBC,0x14,0xFE,0x44,0xFC,0x6E,0xFC,0xD4,0x5A,0xF2,0x00}},
	{0x943A, {0x6A,0xA8,0x3E,0xE2,0x5C,0xD4,0x7E,0xEA,0xFE,0x6A,0xFE,0x00}},
	{0x9441, {0x76,0xAA,0x36,0xE2,0x7E,0xD4,0x66,0xCC,0xD4,0x48,0xF6,0x00}},
	{0x9452, {0xE8,0xCE,0xE0,0xCE,0xEE,0x10,0x28,0xC6,0x38,0x54,0xFE,0x00}},
	{0x9444, {0x48,0xBE,0x08,0xFE,0x42,0xDC,0x48,0xFE,0xF4,0x74,0xCC,0x00}},
	{0x945B, {0x44,0xBE,0x2C,0xFE,0x6C,0xFE,0x6C,0xEC,0xEC,0x40,0xD2,0x00}},
	{0x9460, {0x5A,0xAC,0x1A,0xEC,0x76,0xC8,0x7E,0xC8,0xDC,0x6A,0xC8,0x00}},
	{0x9462, {0x48,0xAE,0x08,0xFE,0x68,0xEE,0x6C,0xEC,0xE0,0x5A,0xD6,0x00}},
	{0x945E, {0x54,0xA8,0x14,0xDC,0x5C,0xEA,0x7E,0xEA,0xFE,0x6A,0xEA,0x00}},
	{0x946A, {0x44,0xA6,0x04,0xFE,0x54,0xF6,0x56,0xE0,0xCC,0x6C,0xDE,0x00}},
	{0x9229, {0x5E,0xA0,0x0E,0xEA,0x4A,0xEA,0x4E,0xE8,0xC8,0x68,0xD0,0x00}},
	{0x9470, {0x48,0xB4,0x3E,0xC0,0x6A,0xEA,0x40,0xFE,0xEA,0x7E,0xEA,0x00}},
	{0x9475, {0x54,0xBE,0x14,0xF6,0x76,0xD4,0x5E,0xF4,0xDE,0x54,0xDE,0x00}},
	{0x9477, {0x5E,0xAC,0x0C,0xCC,0x5E,0xC4,0x7E,0xF6,0xF6,0x7E,0xD2,0x00}},
	{0x947D, {0x6C,0xBE,0x2C,0xFE,0x54,0xEA,0x54,0xDC,0xD4,0x5C,0xE2,0x00}},
	{0x945A, {0x54,0xBE,0x14,0xEA,0x5C,0xD4,0x5C,0xD4,0xDC,0x40,0xE2,0x00}},
	{0x947C, {0x7E,0xAA,0x3E,0xD4,0x6E,0xD4,0x6E,0xF4,0xDE,0x74,0xDE,0x00}},
	{0x947E, {0x5A,0x84,0x5A,0x84,0xDE,0x5A,0x10,0x28,0xFE,0x54,0xFE,0x00}},
	{0x9481, {0x76,0xB6,0x14,0xDE,0x74,0xDE,0x54,0xDE,0xD4,0x48,0xF6,0x00}},
	{0x947F, {0xAE,0x7A,0xF0,0x6E,0xB4,0xFA,0x10,0x28,0xFE,0x54,0xFE,0x00}},
	{0x9582, {0xEE,0xAA,0xEE,0xAA,0xEE,0x82,0x82,0xBA,0x82,0x82,0x86,0x00}},
	{0x9587, {0xEE,0xAA,0xEE,0xAA,0xEE,0x82,0xFE,0x92,0x9A,0x92,0x96,0x00}},
	{0x958A, {0xEE,0xAA,0xEE,0xAA,0xEE,0x82,0x92,0xD6,0xD6,0xFE,0x82,0x00}},
	{0x9594, {0xEE,0xAA,0xEE,0xAA,0xEE,0x92,0xFE,0xAA,0x92,0xEE,0x82,0x00}},
	{0x9596, {0xEE,0xAA,0xEE,0xAA,0xEE,0x92,0xF6,0xBA,0xD6,0x92,0xB6,0x00}},
	{0x9598, {0xEE,0xAA,0xEE,0xAA,0xEE,0x82,0xBA,0xBA,0xBA,0x92,0x96,0x00}},
	{0x9599, {0xEE,0xAA,0xEE,0xAA,0xEE,0x92,0xFE,0x92,0xFE,0xD6,0x92,0x00}},
	{0x95A0, {0xEE,0xAA,0xEE,0xAA,0xEE,0x82,0xBA,0x92,0xBA,0x96,0xBA,0x00}},
	{0x95A8, {0xEE,0xAA,0xEE,0x92,0xAA,0xFE,0x92,0xFE,0xBA,0xFE,0x82,0x00}},
	{0x95A7, {0xEE,0xAA,0xEE,0x82,0xAA,0xFE,0xAA,0xFE,0x82,0xAA,0xC6,0x00}},
	{0x95AD, {0xEE,0xAA,0xEE,0xAA,0xFE,0xAA,0xBA,0x92,0xBA,0xAA,0xBA,0x00}},
	{0x95BC, {0xEE,0xAA,0xEE,0x82,0xAA,0xF6,0xAA,0xB6,0xDA,0x96,0xBA,0x00}},
	{0x95BB, {0xEE,0xAA,0xEE,0x9A,0xAA,0x8A,0xAE,0xC6,0xEE,0xC6,0xFE,0x00}},
	{0x95B9, {0xEE,0xAA,0xEE,0x92,0xFE,0xAA,0xC6,0xBA,0xBA,0x92,0x9A,0x00}},
	{0x95BE, {0xEE,0xAA,0xEE,0x8A,0xFE,0x8A,0xEA,0xEA,0x8A,0xE6,0x82,0x00}},
	{0x95CA, {0xEE,0xAA,0xEE,0x82,0xDE,0x8A,0xDE,0x8A,0xD6,0xDE,0x82,0x00}},
	{0x6FF6, {0xB6,0x36,0x36,0xA6,0x3A,0x2A,0x3E,0xAA,0xB6,0xBE,0xA2,0x00}},
	{0x95C3, {0xEE,0xAA,0xEE,0xAA,0xFE,0xAA,0xBA,0x96,0xFE,0x92,0xAA,0x00}},
	{0x95CD, {0xEE,0xAA,0xEE,0x92,0xBA,0x96,0xFE,0xB2,0xDA,0x9A,0x86,0x00}},
	{0x95CC, {0xEE,0xAA,0xEE,0xAA,0xEE,0x92,0xFE,0xBA,0xBA,0xD6,0x92,0x00}},
	{0x95D5, {0xEE,0xAA,0xEE,0x82,0xD2,0xBE,0xEE,0xAA,0xAA,0xD6,0x82,0x00}},
	{0x95D4, {0xEE,0xAA,0xEE,0x92,0xBA,0xFE,0xAA,0xF6,0xBA,0xFE,0x82,0x00}},
	{0x95D6, {0xEE,0xAA,0xEE,0xBA,0xB2,0xBA,0xB2,0xBE,0x86,0xD6,0x82,0x00}},
	{0x95DC, {0xEE,0xAA,0xEE,0x82,0xA6,0xCA,0xFE,0xAA,0xEE,0xAA,0xCA,0x00}},
	{0x95E1, {0xEE,0xAA,0xEE,0x82,0xEE,0xEE,0x82,0xBA,0xBA,0xFE,0x92,0x00}},
	{0x95E5, {0xEE,0xAA,0xEE,0x82,0xCA,0xBE,0x96,0xBE,0xCA,0xFE,0x82,0x00}},
	{0x95E2, {0xEE,0xAA,0xEE,0x82,0xEA,0xFE,0xD6,0xFE,0xEA,0xFE,0x8A,0x00}},
	{0x9621, {0xE2,0xAC,0xA4,0xC4,0xBE,0xA4,0xA4,0xA4,0xC4,0x84,0x84,0x00}},
	{0x9628, {0xDE,0xD0,0xD0,0x9E,0xDA,0xDA,0xDA,0xD8,0xAA,0xAA,0x8E,0x00}},
	{0x962E, {0xDC,0xC0,0xC0,0xBE,0xD4,0xD4,0xD4,0xD4,0x94,0x94,0xA6,0x00}},
	{0x962F, {0xC4,0xC4,0xC4,0x94,0xD6,0xD4,0xD4,0xD4,0x94,0x94,0xBE,0x00}},
	{0x9642, {0xC4,0xDE,0xD6,0x94,0xDE,0xD2,0xDA,0xD4,0xA4,0xAA,0x92,0x00}},
	{0x964C, {0xDE,0xC8,0xC8,0x9E,0xD2,0xD2,0xDE,0xD2,0x92,0x92,0x9E,0x00}},
	{0x964F, {0xE4,0xA4,0xBE,0xC8,0xAE,0xBA,0xAE,0xAA,0xCE,0x8A,0x8A,0x00}},
	{0x964B, {0xDE,0xC4,0xD4,0x9E,0xD6,0xD6,0xD6,0xDA,0x9A,0x90,0x9E,0x00}},
	{0x9677, {0xD0,0xDE,0xE2,0x84,0xD0,0xE6,0xE2,0xF6,0xA2,0xA2,0xBE,0x00}},
	{0x965C, {0xC8,0xFE,0xC8,0x9C,0xDC,0xDC,0xEA,0xC8,0x88,0x94,0xA2,0x00}},
	{0x965E, {0xCC,0xF4,0xD4,0xBE,0xD4,0xD4,0xE4,0xC8,0x9C,0x88,0xBE,0x00}},
	{0x965D, {0xC8,0xFE,0xC8,0xBC,0xDC,0xDC,0xEA,0xC8,0x88,0x94,0xA2,0x00}},
	{0x965F, {0xC4,0xD4,0xD6,0x94,0xFE,0xC8,0xEA,0xDA,0x84,0x88,0xB0,0x00}},
	{0x9666, {0xC8,0xDC,0xC8,0x9C,0xC8,0xFE,0xD4,0xFE,0xA4,0x94,0x8C,0x00}},
	{0x9672, {0xC4,0xD8,0xC8,0xBE,0xD4,0xFE,0xD4,0xFE,0x88,0x88,0xBE,0x00}},
	{0x966C, {0xFC,0xD8,0xDE,0x9A,0xDA,0xDC,0xDC,0xDA,0xBA,0x88,0x88,0x00}},
	{0x968D, {0xC8,0xDC,0xD4,0x9C,0xD4,0xDC,0xFE,0xC8,0x9C,0x88,0xBE,0x00}},
	{0x9698, {0xD4,0xE2,0xC0,0x9C,0xC0,0xD4,0xE2,0xC0,0x9C,0x9C,0xBE,0x00}},
	{0x9695, {0xDE,0xD2,0xDE,0x80,0xDE,0xD2,0xDE,0xD2,0x9E,0x80,0x92,0x00}},
	{0x9697, {0xC8,0xFE,0xEA,0xBE,0xEA,0xFE,0xD8,0xDC,0x9E,0x98,0xAE,0x00}},
	{0x96AA, {0xE8,0xB4,0xA2,0xDC,0xA0,0xBE,0xAA,0xBE,0xD4,0x94,0xAA,0x00}},
	{0x96A7, {0xEC,0xD2,0xE0,0x9C,0xCA,0xD4,0xEC,0xF6,0xAC,0xA0,0xBE,0x00}},
	{0x96B1, {0xDC,0xEA,0xC0,0x9C,0xC8,0xDC,0xC6,0xDC,0x80,0xB2,0xAE,0x00}},
	{0x96B2, {0xC8,0xEA,0xCC,0xB0,0xDE,0xD4,0xDE,0xD4,0x9E,0x82,0xAA,0x00}},
	{0x96B0, {0xDE,0xD2,0xDE,0x92,0xE4,0xD2,0xE4,0xF6,0x80,0x94,0xAA,0x00}},
	{0x96B4, {0xD4,0xFE,0xEC,0xAE,0xFA,0xEE,0xFC,0xEE,0xBC,0xAC,0xAE,0x00}},
	{0x96B6, {0x10,0x7C,0x14,0xFE,0x14,0x7C,0x10,0x5A,0x34,0xD2,0x30,0x00}},
	{0x96B8, {0x28,0xFE,0x6A,0xBE,0x2A,0x7E,0x08,0xFA,0x2C,0xBA,0x68,0x00}},
	{0x96B9, {0x28,0x28,0x7E,0x50,0xFC,0x50,0x50,0x7C,0x50,0x50,0x7E,0x00}},
	{0x96CE, {0x7A,0x5A,0x5E,0x7C,0x5E,0x5C,0x7C,0x5E,0x5C,0x5C,0xEE,0x00}},
	{0x96CB, {0x28,0x3E,0x50,0xFC,0x50,0x7E,0x00,0xEE,0xAA,0xBA,0x86,0x00}},
	{0x96C9, {0x4A,0x4A,0x7E,0xAC,0x2E,0xFC,0x2C,0x2E,0x5C,0x4C,0x8E,0x00}},
	{0x96CD, {0x10,0xFE,0x00,0x54,0x9E,0x54,0xBE,0xD4,0x5E,0x54,0x9E,0x00}},
	{0x894D, {0x54,0x5E,0xF4,0x3E,0x54,0x5E,0xE8,0x7E,0x5C,0x6A,0x48,0x00}},
	{0x96DC, {0x2A,0xFA,0x5E,0x5C,0xAE,0x2C,0xFC,0x2E,0x7C,0xAC,0x2E,0x00}},
	{0x970D, {0x7C,0x10,0xFE,0x92,0xB6,0x28,0x7E,0xD0,0x7C,0x50,0x7E,0x00}},
	{0x96D5, {0xFA,0x8A,0xAE,0xFC,0xAE,0xFC,0xAC,0xDE,0xFC,0x8C,0x9E,0x00}},
	{0x96F9, {0x7C,0x10,0xFE,0x92,0x40,0x7E,0x82,0x7A,0x78,0x42,0x3E,0x00}},
	{0x9704, {0x7C,0x10,0xFE,0xB6,0x54,0x92,0x7C,0x44,0x7C,0x44,0x4C,0x00}},
	{0x9706, {0x7C,0x10,0xFE,0x92,0xDC,0x44,0x9E,0x44,0xDE,0x40,0xBE,0x00}},
	{0x9708, {0x7C,0x10,0xFE,0xB6,0x00,0xBE,0x08,0xBE,0x2A,0xAA,0xAA,0x00}},
	{0x9713, {0x7C,0x10,0xFE,0xB6,0x6C,0x44,0x6C,0x44,0x7C,0x2A,0xCE,0x00}},
	{0x970E, {0x7C,0x10,0xFE,0xB6,0x10,0x7C,0x28,0xFE,0x24,0x38,0xC6,0x00}},
	{0x9711, {0x7C,0x10,0xFE,0xB6,0x08,0x8E,0x08,0xBE,0x22,0xA2,0xBE,0x00}},
	{0x970F, {0x7C,0x10,0xFE,0xB6,0x28,0xEE,0x28,0xEE,0x28,0xEE,0x48,0x00}},
	{0x9716, {0x7C,0x10,0xFE,0x92,0xB6,0x24,0xFE,0x24,0x6C,0xB6,0x24,0x00}},
	{0x9719, {0x7C,0x10,0xFE,0x92,0xB6,0x28,0xFE,0x54,0xFE,0x10,0xEE,0x00}},
	{0x9724, {0x7C,0x10,0xFE,0xB6,0x20,0xDE,0x8A,0xD6,0x7C,0x54,0x7C,0x00}},
	{0x972A, {0x7C,0x10,0xFE,0xB6,0x00,0x9C,0x2A,0x80,0x3E,0x88,0xBE,0x00}},
	{0x9730, {0x7C,0x10,0xFE,0xB6,0x54,0xF6,0x5A,0xFA,0x54,0x74,0x5A,0x00}},
	{0x9739, {0x7C,0x10,0xFE,0xB6,0x04,0x7E,0x6A,0x5E,0xE4,0x6E,0x64,0x00}},
	{0x973D, {0x7C,0x10,0xFE,0xB6,0x10,0xFE,0x6C,0xBA,0x44,0x7C,0x84,0x00}},
	{0x973E, {0x7C,0x10,0xFE,0xB6,0x20,0xCE,0x6E,0xA4,0x6E,0xA4,0x4E,0x00}},
	{0x9744, {0x7C,0x10,0xFE,0xB6,0x00,0xDC,0x14,0xDE,0x32,0xDA,0xC6,0x00}},
	{0x9746, {0xE4,0x4E,0xE6,0xAE,0x04,0xCE,0x14,0xFE,0x54,0xB0,0xDE,0x00}},
	{0x9748, {0x7C,0x10,0xFE,0xB6,0x00,0xFE,0xFE,0x54,0xBA,0x10,0xFE,0x00}},
	{0x9742, {0x7C,0x10,0xFE,0xB6,0x00,0x7E,0x54,0x68,0x46,0x54,0xBE,0x00}},
	{0x9749, {0xEE,0x44,0xFE,0xB2,0x08,0xD6,0x00,0xE6,0x4A,0xA4,0xDA,0x00}},
	{0x975C, {0x5C,0xF4,0x4A,0xE0,0x5E,0xEA,0xFE,0xEA,0xFE,0xA8,0xB8,0x00}},
	{0x9760, {0x50,0x7C,0x90,0xFE,0x44,0x7C,0x28,0xEE,0x28,0xEE,0x48,0x00}},
	{0x9764, {0xF4,0x26,0x4A,0xF6,0xD6,0xF6,0xD6,0xF6,0xD4,0xD4,0xF6,0x00}},
	{0x9766, {0xFE,0x2A,0x4E,0xFA,0xDE,0xFA,0xDE,0xF4,0xD4,0xD4,0xFA,0x00}},
	{0x9768, {0x7E,0x64,0x4E,0xE4,0x6A,0xFE,0x10,0xEE,0xBA,0xAA,0xFE,0x00}},
	{0x52D2, {0xA8,0xE8,0xBE,0xEA,0x4A,0xEA,0xEA,0x4A,0xEA,0x52,0x56,0x00}},
	{0x976B, {0xAE,0xE2,0xAA,0xE6,0x42,0xEA,0xEA,0x44,0xE4,0x4A,0x52,0x00}},
	{0x9771, {0xBE,0xEA,0xAA,0xEA,0x5A,0xEA,0xEA,0x4E,0xEA,0x4A,0x56,0x00}},
	{0x9779, {0xAC,0xE4,0xBE,0xF6,0x56,0xF6,0xFA,0x52,0xF2,0x52,0x56,0x00}},
	{0x9785, {0xA4,0xEE,0xAA,0xEA,0x4A,0xFE,0xE4,0x44,0xE4,0x4A,0x52,0x00}},
	{0x977C, {0xAE,0xEA,0xAA,0xEE,0x4A,0xEA,0xEA,0x4E,0xE0,0x40,0x5E,0x00}},
	{0x9781, {0xA4,0xFE,0xB6,0xF4,0x5E,0xFA,0xFA,0x54,0xE4,0x4A,0x52,0x00}},
	{0x977A, {0xA4,0xE4,0xBE,0xE4,0x44,0xEE,0xE4,0x44,0xEC,0x56,0x44,0x00}},
	{0x9786, {0xAE,0xE4,0xA4,0xFE,0x56,0xF6,0xF6,0x5A,0xF2,0x52,0x56,0x00}},
	{0x978B, {0xA4,0xEE,0xA4,0xE4,0x5E,0xE4,0xE4,0x4E,0xE4,0x44,0x5E,0x00}},
	{0x978F, {0xFC,0x54,0x5C,0xE6,0x28,0xFE,0x28,0x7C,0x54,0xFE,0x10,0x00}},
	{0x9790, {0xA8,0xEE,0xA8,0xFE,0x40,0xFE,0xE8,0x4C,0xEA,0x48,0x48,0x00}},
	{0x979C, {0xA8,0xEA,0xBC,0xE8,0x5C,0xEA,0xDC,0x54,0xFC,0x54,0x5C,0x00}},
	{0x97A8, {0xAE,0xEA,0xAE,0xEA,0x4E,0xE8,0xEE,0x5A,0xF6,0x5A,0x46,0x00}},
	{0x97A6, {0xB4,0xF4,0xB4,0xFE,0x5C,0xF4,0xF4,0x54,0xF4,0x5A,0x5A,0x00}},
	{0x97A3, {0xAC,0xE4,0xBE,0xEA,0x58,0xE8,0xFE,0x48,0xDC,0x6A,0x48,0x00}},
	{0x97B3, {0xAA,0xFE,0xAA,0xE4,0x4A,0xF0,0xEE,0x40,0xEE,0x4A,0x4E,0x00}},
	{0x97B4, {0xB4,0xFE,0xD4,0xFE,0x50,0xDE,0xEA,0x7E,0xEA,0x7E,0x6A,0x00}},
	{0x97C3, {0xA4,0xEE,0xA4,0xFE,0x4A,0xFE,0xE4,0x5E,0xF4,0x50,0x5E,0x00}},
	{0x97C6, {0xAE,0xF4,0xAE,0xEE,0x54,0xEA,0xE6,0x54,0xF6,0x50,0x5E,0x00}},
	{0x97C8, {0xAA,0xFE,0xAA,0xEE,0x4E,0xFE,0xF4,0x54,0xF6,0x54,0x4A,0x00}},
	{0x97CB, {0x10,0x7C,0x24,0xFE,0x44,0x7C,0x10,0x7C,0x50,0xFE,0x10,0x00}},
	{0x97DC, {0x4C,0xE0,0x74,0xEA,0xA0,0xF6,0x52,0xFA,0xD2,0xF2,0x5E,0x00}},
	{0x97ED, {0x28,0x28,0xEE,0x28,0xEE,0x28,0x28,0xEE,0x28,0x28,0xFE,0x00}},
	{0x9F4F, {0x10,0xFE,0x28,0xD6,0x54,0xBA,0x54,0x7C,0x54,0x7C,0x84,0x00}},
	{0x97F2, {0x10,0xFE,0x6C,0xBA,0x28,0xEE,0x28,0xEE,0x28,0x28,0xFE,0x00}},
	{0x7ADF, {0x10,0x7C,0x28,0xFE,0x44,0x7C,0x44,0x7C,0x28,0x2A,0xCE,0x00}},
	{0x97F6, {0x5E,0xEA,0xAA,0xAA,0xF6,0x00,0xEE,0xAA,0xEA,0xAA,0xEE,0x00}},
	{0x97F5, {0x48,0xEE,0xB2,0xA2,0xFA,0x02,0xE6,0xAA,0xF2,0xA2,0xEC,0x00}},
	{0x980F, {0x2E,0x24,0xFE,0x0A,0x7E,0x5A,0x5E,0x5A,0x5E,0x50,0x9A,0x00}},
	{0x980C, {0x5E,0x54,0x5E,0x8A,0x2E,0x2A,0x2E,0x4A,0x4E,0x50,0xEA,0x00}},
	{0x9838, {0xFE,0x54,0x5E,0xAA,0x5E,0x5A,0xFE,0x2A,0x2E,0x30,0xCA,0x00}},
	{0x9824, {0xFE,0xA4,0xAE,0xBA,0xDE,0xDA,0xBE,0xAA,0xAE,0xF0,0x0A,0x00}},
	{0x9821, {0x4E,0x44,0xEE,0x4A,0x4E,0xEA,0x0E,0xEA,0xAE,0xA0,0xEA,0x00}},
	{0x9837, {0x4E,0xA4,0x0E,0xEA,0x0E,0xEA,0x2E,0xEA,0xAE,0xA0,0xEA,0x00}},
	{0x983D, {0x7E,0x24,0xFE,0x2A,0x7E,0xAA,0x7E,0x5A,0x5E,0x50,0x9A,0x00}},
	{0x9846, {0xFE,0xB4,0xFE,0xBA,0xFE,0x2A,0xFE,0x2A,0x6E,0xB0,0x2A,0x00}},
	{0x984F, {0x2E,0xF4,0x5E,0x2A,0xDE,0xAA,0xCE,0xAA,0xDE,0x20,0xCA,0x00}},
	{0x984B, {0xFE,0xAC,0xFE,0xAA,0xAE,0xFA,0x0E,0x5A,0x4E,0xD0,0xBA,0x00}},
	{0x986B, {0x2E,0xF4,0x2E,0xFA,0xDE,0xFA,0x6E,0x6A,0x6E,0x30,0xCA,0x00}},
	{0x986F, {0xFE,0x94,0xFE,0x5A,0xAE,0x5A,0xAE,0xFA,0x0E,0x50,0xAA,0x00}},
	{0x9870, {0x2E,0xB4,0xAE,0xFE,0x20,0xCA,0x20,0x7C,0x54,0xFE,0x10,0x00}},
	{0x9871, {0x2E,0x34,0x2E,0xFA,0xAE,0xFA,0xEE,0x8A,0x6E,0x70,0xEA,0x00}},
	{0x9874, {0x5E,0xF4,0x5E,0xFA,0xDE,0x5A,0x7E,0xDA,0x7E,0x50,0x7A,0x00}},
	{0x9873, {0xFE,0x64,0x6E,0x6A,0xFE,0x2A,0xFE,0x7A,0x7E,0xF0,0x5A,0x00}},
	{0x98AA, {0xFE,0x18,0x10,0x7C,0x54,0x7C,0x54,0x7C,0x54,0x5C,0xB6,0x00}},
	{0x98AF, {0x7E,0x66,0xFA,0x2A,0xBE,0xAA,0xAA,0x7E,0x6A,0xEE,0x3A,0x00}},
	{0x98B1, {0xE4,0xA4,0xA8,0xEA,0xEE,0xE0,0xAE,0xAA,0xAE,0xD0,0x8E,0x00}},
	{0x98B6, {0xEE,0xAA,0xAE,0xEA,0xEE,0xEA,0xBE,0xA0,0xAA,0xD0,0x8E,0x00}},
	{0x98C4, {0xFE,0x52,0xF6,0xFE,0x1E,0x7E,0x16,0xF6,0x3E,0xB2,0x62,0x00}},
	{0x98C3, {0xEE,0xA4,0xAE,0xEE,0xE0,0xEE,0xA4,0xB6,0xAC,0xD0,0x8E,0x00}},
	{0x98C6, {0x5E,0xF2,0x56,0x5E,0xBE,0x1E,0x56,0xF6,0x5E,0x52,0xA2,0x00}},
	{0x98E9, {0x48,0xAE,0x18,0xE8,0xAA,0xEA,0x9E,0xE8,0x88,0xEA,0x8E,0x00}},
	{0x98EB, {0x42,0xAC,0x04,0xE4,0xBE,0xE4,0x84,0xE4,0x8A,0xEA,0x92,0x00}},
	{0x9903, {0x48,0xBE,0x14,0xD4,0xE2,0xD4,0x94,0xC8,0x88,0xD4,0xA2,0x00}},
	{0x9909, {0x48,0xA8,0x1E,0xD2,0xDE,0xD6,0x96,0xD6,0x9E,0xD2,0x96,0x00}},
	{0x9912, {0x4C,0xA0,0x14,0xEA,0xC0,0xC8,0xBE,0xD4,0x98,0xCC,0xB2,0x00}},
	{0x9914, {0x4A,0xBE,0x08,0xDE,0xDA,0xDE,0x9A,0xDE,0x9A,0xDA,0x96,0x00}},
	{0x9918, {0x44,0xAA,0x00,0xEE,0xA4,0xFE,0x84,0xD6,0x96,0xC4,0x8C,0x00}},
	{0x9921, {0x48,0xAE,0x12,0xE4,0xB8,0xF6,0x92,0xDA,0x92,0xD2,0x9E,0x00}},
	{0x991D, {0x54,0xBE,0x14,0xC8,0xFE,0xD0,0x9E,0xD2,0x92,0xD2,0xA6,0x00}},
	{0x991E, {0x4A,0xBC,0x0A,0xE4,0xAA,0xE0,0x8A,0xFC,0x8A,0xE4,0x8A,0x00}},
	{0x9924, {0x44,0xB6,0x14,0xE4,0xBA,0xE4,0x96,0xD4,0x84,0xCA,0x92,0x00}},
	{0x9920, {0x4A,0xB4,0x1E,0xEA,0xAA,0xEE,0x9A,0xEA,0x8A,0xEA,0x92,0x00}},
	{0x992C, {0x56,0xBE,0x16,0xD6,0xFE,0xEE,0xAE,0xEE,0xBE,0xCA,0x8A,0x00}},
	{0x992E, {0xF4,0x6A,0xA4,0x4A,0x94,0x28,0x7C,0xAA,0x38,0x28,0x76,0x00}},
	{0x993D, {0x48,0xBE,0x2A,0xFE,0xAA,0xFE,0x98,0xDC,0x9E,0xD8,0xAE,0x00}},
	{0x993E, {0x56,0xA6,0x26,0xEA,0xF6,0xC0,0xBE,0xEA,0xBE,0xEA,0xBE,0x00}},
	{0x9942, {0x5E,0xB6,0x16,0xFA,0xB2,0xFE,0x80,0xEC,0x8C,0xEC,0x9E,0x00}},
	{0x9949, {0x54,0xBE,0x14,0xFE,0xAA,0xEA,0xBE,0xC8,0x9C,0xC8,0xBE,0x00}},
	{0x9945, {0x5C,0xB4,0x1C,0xD4,0xFE,0xEA,0xBE,0xD4,0x88,0xD4,0xA2,0x00}},
	{0x9950, {0x48,0xBE,0x08,0xFE,0xA2,0xEC,0x80,0xDC,0x94,0xC8,0xBE,0x00}},
	{0x994B, {0x48,0xBE,0x2A,0xFE,0xD4,0xDC,0x94,0xDC,0x94,0xDC,0xA2,0x00}},
	{0x9951, {0x5A,0xAC,0x1A,0xEC,0xBE,0xE4,0x9E,0xD4,0x96,0xD4,0xAA,0x00}},
	{0x9952, {0x48,0xBC,0x08,0xFE,0xD4,0xFE,0x80,0xFE,0x94,0xD4,0xA6,0x00}},
	{0x994C, {0x76,0xB6,0x24,0xF6,0xC0,0xD4,0xBE,0xD4,0xBE,0xC0,0xA2,0x00}},
	{0x9955, {0xC4,0xC6,0x9C,0x56,0xD0,0x2A,0x7C,0xAA,0x38,0x28,0x76,0x00}},
	{0x9997, {0x4A,0x5E,0xE4,0x6A,0x6E,0x6A,0x6E,0x6A,0x6E,0xA0,0xBE,0x00}},
	{0x9998, {0xA6,0x04,0xFE,0x44,0xF4,0xB4,0xF6,0xB4,0xE4,0xB4,0xEA,0x00}},
	{0x99A5, {0x18,0x6E,0x2A,0xFE,0x6A,0xAE,0x74,0x56,0x7A,0x54,0x7A,0x00}},
	{0x99AD, {0xEE,0x82,0xCA,0x8A,0xCA,0x8A,0xE4,0x24,0xA4,0xAA,0x52,0x00}},
	{0x99AE, {0x3E,0xA8,0x7C,0x28,0x3C,0x28,0x7E,0x42,0xAA,0xAA,0x06,0x00}},
	{0x99BC, {0xE4,0x9E,0xCA,0x8A,0xCA,0x8A,0xE4,0x24,0xAA,0xAA,0x52,0x00}},
	{0x99DF, {0xDE,0x96,0xD6,0x96,0xD6,0x96,0xF6,0x3A,0xB2,0xB2,0x7E,0x00}},
	{0x99DB, {0xC4,0x9E,0xD6,0x96,0xDE,0x84,0xEC,0x24,0xA4,0xAA,0x52,0x00}},
	{0x99DD, {0xE4,0x9E,0xD2,0x88,0xCA,0x8C,0xE8,0x28,0xAA,0xAA,0x6E,0x00}},
	{0x99D8, {0xE4,0x84,0xC8,0x8A,0xDE,0x80,0xEE,0x2A,0xAA,0xAA,0x6E,0x00}},
	{0x99D1, {0x2E,0xF2,0x5A,0x24,0xFA,0x50,0x7C,0x50,0x7E,0x02,0xAA,0x00}},
	{0x99ED, {0xE4,0x9E,0xC4,0x98,0xCA,0x84,0xE8,0x32,0xA4,0xAA,0x52,0x00}},
	{0x99EE, {0xE4,0x9E,0xCA,0x8A,0xD0,0x8A,0xEA,0x24,0xA4,0xAA,0x52,0x00}},
	{0x99F1, {0xE8,0x8E,0xCA,0x94,0xC4,0x8A,0xF0,0x2E,0xAA,0xAA,0x6E,0x00}},
	{0x99F2, {0xEA,0x8A,0xCA,0x9E,0xDE,0x9E,0xEA,0x2A,0xAA,0xAA,0x52,0x00}},
	{0x99FB, {0xDE,0x92,0xDE,0x92,0xDE,0x80,0xEE,0x24,0xBE,0xA4,0x64,0x00}},
	{0x99F8, {0xEC,0x84,0xDE,0x84,0xCC,0x9E,0xF2,0x2E,0xAA,0xA4,0x5A,0x00}},
	{0x9A01, {0xE4,0x9E,0xD6,0x9E,0xDE,0x80,0xFE,0x28,0xAE,0xA2,0x66,0x00}},
	{0x9A0F, {0xEA,0x9E,0xCA,0x8E,0xCA,0x8E,0xEA,0x3E,0xA0,0xAA,0x52,0x00}},
	{0x9A05, {0xEA,0x8A,0xDE,0x94,0xDE,0x94,0xF4,0x3E,0xB4,0xB4,0x5E,0x00}},
	{0x99E2, {0xEA,0x84,0xDE,0x8A,0xCA,0x9E,0xEA,0x2A,0xAA,0xAA,0x52,0x00}},
	{0x9A19, {0xEE,0x80,0xCE,0x8A,0xCE,0x88,0xEE,0x2E,0xBE,0xAE,0x6A,0x00}},
	{0x9A2B, {0x10,0xFE,0xAA,0x7C,0x28,0xFE,0x7C,0xD2,0x7E,0x02,0xAA,0x00}},
	{0x9A37, {0xDE,0x8A,0xC4,0x9A,0xC4,0x9E,0xF6,0x3E,0xA4,0xA6,0x5E,0x00}},
	{0x9A45, {0xDE,0x90,0xD6,0x96,0xD6,0x90,0xFA,0x3A,0xBA,0xB0,0x5E,0x00}},
	{0x9A42, {0xC8,0x90,0xDA,0xA4,0xF6,0x9C,0xEA,0x24,0xAA,0xA4,0x78,0x00}},
	{0x9A40, {0x28,0xFE,0x7C,0x44,0xFE,0x54,0xFA,0x50,0x7E,0x02,0xAA,0x00}},
	{0x9A43, {0xDE,0x8C,0xDE,0x9E,0xC0,0x8C,0xE0,0x3E,0xA4,0xB6,0x6C,0x00}},
	{0x9A3E, {0xDE,0x9A,0xDE,0x9A,0xDE,0x90,0xEA,0x3E,0xA8,0xAA,0x68,0x00}},
	{0x9A55, {0xDC,0x88,0xFE,0xD4,0xE2,0xDC,0xF4,0x3E,0xB6,0xBE,0x62,0x00}},
	{0x9A4D, {0xC8,0x9C,0xC8,0xBE,0xD4,0xBE,0xE0,0x3E,0xB4,0xB4,0x66,0x00}},
	{0x9A5B, {0xDE,0x96,0xDE,0x84,0xCE,0x9E,0xEA,0x3E,0xA4,0xBE,0x64,0x00}},
	{0x9A57, {0xC8,0x94,0xE2,0x9C,0xC0,0xBE,0xEA,0x3E,0xB4,0xB4,0x6A,0x00}},
	{0x9A5F, {0xD8,0x9E,0xDA,0x9A,0xDC,0x8A,0xEC,0x36,0xAC,0xB6,0x64,0x00}},
	{0x9A62, {0xE4,0x86,0xC4,0x9E,0xD4,0x96,0xF6,0x30,0xAC,0xAC,0x5E,0x00}},
	{0x9A65, {0xD4,0xB6,0xD4,0xB6,0xDC,0x9C,0xFE,0x34,0xBE,0xA0,0x52,0x00}},
	{0x9A64, {0xE8,0x9E,0xD6,0x80,0xD4,0x9E,0xF4,0x3E,0xBA,0xB4,0x5A,0x00}},
	{0x9A69, {0xD4,0xBE,0xD4,0xB6,0xF6,0x94,0xFE,0x34,0xBE,0xB4,0x5E,0x00}},
	{0x9A6B, {0x7C,0x50,0x7C,0x50,0x7E,0xAA,0x00,0x7E,0x6C,0x12,0xB6,0x00}},
	{0x9A6A, {0xF6,0xF6,0xEA,0xC8,0xFE,0xEC,0xFE,0x24,0xB6,0xA4,0x76,0x00}},
	{0x9AAD, {0x7E,0x54,0x74,0x54,0xFE,0x94,0x74,0x54,0x74,0x54,0x54,0x00}},
	{0x9AB0, {0x7E,0x5A,0x7A,0x50,0xFE,0x9A,0x7A,0x54,0x74,0x5A,0x5A,0x00}},
	{0x9ABC, {0x74,0x56,0x7A,0x54,0xF4,0x9A,0x70,0x56,0x76,0x56,0x56,0x00}},
	{0x9AC0, {0x68,0x7E,0x6A,0x7E,0xEA,0xBE,0x74,0x64,0x7E,0x64,0x64,0x00}},
	{0x9ACF, {0x64,0x6E,0x7E,0x64,0xEE,0xAE,0x64,0x7E,0x6A,0x64,0x7A,0x00}},
	{0x9AD1, {0x7E,0x6A,0x7E,0x70,0xFE,0xAA,0x7E,0x7E,0x6A,0x6E,0x5A,0x00}},
	{0x9AD3, {0x74,0x6E,0x74,0x6E,0xF4,0x9E,0x76,0x56,0x76,0x50,0x5E,0x00}},
	{0x9AD4, {0x6A,0x7E,0x7A,0x7E,0xE0,0xBE,0x72,0x7E,0x6C,0x6C,0x5E,0x00}},
	{0x9ADE, {0x5C,0xF4,0x1C,0xFE,0xEA,0x3E,0xE8,0xFE,0xFC,0xEA,0xA8,0x00}},
	{0x9ADF, {0x72,0x42,0x74,0x40,0x72,0x44,0xF0,0x22,0x42,0x54,0xE8,0x00}},
	{0x9AE2, {0x72,0x44,0x72,0x44,0xF2,0x44,0x6E,0x3A,0xE8,0x22,0x3E,0x00}},
	{0x9AE3, {0x72,0x44,0x72,0x44,0xF2,0x44,0xFE,0x20,0x3E,0x42,0x8E,0x00}},
	{0x9AE6, {0x72,0x44,0x72,0x44,0xF2,0x44,0x7E,0xF0,0x1E,0xF0,0x1E,0x00}},
	{0x9AEF, {0x72,0x44,0x72,0x44,0xF2,0x44,0x7C,0x54,0xFE,0x44,0x4C,0x00}},
	{0x9AEB, {0x72,0x44,0x72,0x44,0xF2,0x44,0xFE,0x22,0x7C,0xA4,0x3C,0x00}},
	{0x9AEE, {0x72,0x44,0x72,0x44,0xF2,0x44,0xFE,0x24,0x34,0x48,0xB6,0x00}},
	{0x9AF4, {0x72,0x44,0x72,0x44,0xFE,0x2A,0xFE,0xA8,0xFE,0x2A,0xC8,0x00}},
	{0x9AF1, {0x72,0x44,0x72,0x44,0xF2,0x44,0x7E,0xCA,0x78,0x42,0x3E,0x00}},
	{0x9AF7, {0x72,0x44,0x72,0x44,0xF2,0x24,0xFE,0xAA,0xFE,0xAA,0xFE,0x00}},
	{0x9AFB, {0x72,0x44,0x72,0x44,0xF2,0x44,0xFE,0x10,0xFE,0x44,0x7C,0x00}},
	{0x9B06, {0x72,0x44,0x72,0x44,0xF0,0x4A,0xFA,0x20,0x74,0xAA,0x2E,0x00}},
	{0x9B18, {0x72,0x44,0x72,0x44,0xFC,0x44,0xFE,0xFE,0x28,0x10,0xEE,0x00}},
	{0x9B1A, {0x72,0x44,0x72,0x44,0xF2,0x5E,0x84,0x5E,0x9E,0x40,0x92,0x00}},
	{0x9B1F, {0x72,0x44,0x72,0x44,0xF2,0x7C,0x54,0xFE,0x44,0x78,0xB6,0x00}},
	{0x9B22, {0x72,0x44,0x72,0x44,0xFE,0x9A,0x50,0xFC,0x44,0x7C,0x82,0x00}},
	{0x9B23, {0x72,0x44,0x72,0x44,0xF2,0x2C,0x44,0x7C,0x54,0x5C,0xF6,0x00}},
	{0x9B25, {0xEE,0xC6,0xEE,0xC6,0xEE,0x82,0x82,0x82,0x82,0x82,0x86,0x00}},
	{0x9B27, {0xEE,0xC6,0xEE,0xC6,0xEE,0x92,0xFE,0x92,0xFE,0xD6,0x92,0x00}},
	{0x9B28, {0xEE,0xC6,0xEE,0x82,0xAA,0xFE,0xAA,0xFE,0x82,0xAA,0xC6,0x00}},
	{0x9B29, {0xEE,0xC6,0xEE,0x82,0xAE,0xC6,0xEE,0xC6,0xFE,0xAA,0xCE,0x00}},
	{0x9B2A, {0xEE,0xC6,0xEE,0x82,0xE6,0x8E,0xF6,0xD6,0xA6,0xF6,0x82,0x00}},
	{0x9B2E, {0xEE,0xC6,0xEE,0x9A,0xAA,0xBA,0xFE,0xAE,0xEA,0xBE,0x82,0x00}},
	{0x9B2F, {0xD6,0xAA,0xD6,0xAA,0xD6,0xFE,0x40,0x4C,0x70,0x42,0x3E,0x00}},
	{0x9B32, {0xFE,0x00,0x7C,0x44,0x7C,0x00,0xFE,0xAA,0xCE,0xBA,0x92,0x00}},
	{0x9B44, {0x48,0x7E,0xEA,0xBE,0xAA,0xFE,0xAC,0xAE,0xEE,0x14,0x26,0x00}},
	{0x9B43, {0x4A,0xE8,0xBE,0xE8,0xAA,0xF4,0x64,0x6A,0x72,0x60,0xBE,0x00}},
	{0x9B4F, {0x74,0x2E,0xFA,0x2E,0x7A,0xAE,0xF4,0x56,0x66,0x2C,0xD6,0x00}},
	{0x9B4D, {0x7E,0xE2,0xB6,0xEA,0xBE,0xF2,0x72,0x6E,0x62,0x40,0xBE,0x00}},
	{0x9B4E, {0x5E,0xE8,0xBE,0xEA,0xAA,0xFE,0x7E,0x6A,0x6A,0x40,0xBE,0x00}},
	{0x9B51, {0x44,0xFE,0xAA,0xEE,0xA4,0xFE,0x5A,0x5E,0x52,0x40,0xBE,0x00}},
	{0x9B58, {0x7E,0x74,0x4E,0x74,0x74,0x8A,0x7C,0x54,0x7C,0x32,0xDE,0x00}},
	{0x9B74, {0x64,0xA4,0x3E,0xE8,0xA8,0xEE,0xAA,0xEA,0x0A,0xAA,0xB6,0x00}},
	{0x9B93, {0x68,0xAE,0x38,0xE8,0xAE,0xE8,0xA8,0xEE,0x08,0xA8,0xA8,0x00}},
	{0x9B83, {0x7E,0xA4,0x2C,0xF6,0xA4,0xE4,0xBE,0xE4,0x04,0xA4,0xA4,0x00}},
	{0x9B91, {0x68,0xAE,0x32,0xEE,0xAA,0xEA,0xAE,0xEA,0x08,0xAA,0xAE,0x00}},
	{0x9B96, {0x7E,0xA8,0x28,0xE8,0xAE,0xEA,0xBA,0xEA,0x0A,0xAA,0xAE,0x00}},
	{0x9B97, {0x64,0xA6,0x2A,0xE4,0xAA,0xF0,0xA4,0xE2,0x00,0xAC,0xA2,0x00}},
	{0x9B9F, {0x64,0xBE,0x32,0xE4,0xBE,0xEA,0xAA,0xEC,0x04,0xAA,0xB2,0x00}},
	{0x9BA0, {0x6C,0xB4,0x24,0xFE,0xB0,0xFE,0xBA,0xFA,0x18,0xAA,0xAE,0x00}},
	{0x9BA8, {0x68,0xAA,0x2C,0xEA,0xAE,0xE0,0xAE,0xEA,0x0E,0xAA,0xAE,0x00}},
	{0x9BB4, {0x74,0xB4,0x3E,0xF4,0xB4,0xFE,0xBE,0xFE,0x14,0xB4,0xB4,0x00}},
	{0x9BC0, {0x6E,0xA4,0x28,0xEC,0xA4,0xEA,0xBE,0xE4,0x14,0xB6,0xA4,0x00}},
	{0x9BCA, {0x88,0x2A,0x9A,0x04,0xB8,0x48,0xFC,0x54,0x7C,0x00,0xAA,0x00}},
	{0x9BB9, {0x64,0xAC,0x36,0xE4,0xAE,0xEA,0xAE,0xEA,0x0E,0xAA,0xAA,0x00}},
	{0x9BC6, {0x6A,0xBE,0x28,0xFE,0xAA,0xFE,0xAA,0xFE,0x2A,0xAA,0xAA,0x00}},
	{0x9BCF, {0x6A,0xBA,0x2E,0xEE,0xBE,0xEE,0xAA,0xFA,0x1A,0xAA,0xAA,0x00}},
	{0x9BD1, {0x72,0xAC,0x32,0xE8,0xBE,0xF4,0xA4,0xFE,0x16,0xB6,0xA4,0x00}},
	{0x9BD2, {0x6E,0xA2,0x24,0xFE,0xAA,0xFE,0xAA,0xFE,0x2A,0xAA,0xAA,0x00}},
	{0x9BE3, {0x6E,0xAA,0x2E,0xEA,0xAE,0xE8,0xBE,0xEA,0x16,0xAA,0xA6,0x00}},
	{0x9BE2, {0x68,0xB6,0x32,0xFA,0xB2,0xF2,0xBE,0xF4,0x14,0xB4,0xA6,0x00}},
	{0x9BE4, {0x7E,0xA2,0x3E,0xE2,0xBE,0xE4,0xA4,0xF6,0x24,0xA4,0xB6,0x00}},
	{0x9BD4, {0x6A,0xAA,0x34,0xEA,0xA0,0xFE,0xAA,0xFE,0x2A,0xAA,0xBE,0x00}},
	{0x9BE1, {0xD4,0x54,0x76,0xD4,0xF6,0xD4,0xD4,0xF6,0x14,0x94,0xA4,0x00}},
	{0x9C3A, {0xC8,0x50,0x5A,0xE4,0xF6,0xDC,0xEA,0xC4,0x0A,0xA4,0xB8,0x00}},
	{0x9BF2, {0xD4,0x5A,0x7A,0xD0,0xD4,0xD2,0xDA,0xE8,0x2C,0x8A,0x9A,0x00}},
	{0x9BF1, {0x64,0xA6,0x24,0xFE,0xB4,0xF6,0xB0,0xF4,0x14,0xB4,0xA6,0x00}},
	{0x9BF0, {0x68,0xB4,0x22,0xEC,0xA0,0xFE,0xA4,0xE0,0x14,0xB2,0xAE,0x00}},
	{0x9C15, {0x76,0xB2,0x32,0xF6,0xA0,0xF6,0xA2,0xEA,0x34,0xA4,0xAA,0x00}},
	{0x9C14, {0x6A,0xA8,0x3E,0xE4,0xBC,0xE4,0xBE,0xEC,0x2C,0xBA,0xAA,0x00}},
	{0x9C09, {0x64,0xAE,0x2A,0xEE,0xAA,0xEE,0xBE,0xE4,0x0E,0xA4,0xBE,0x00}},
	{0x9C13, {0x7E,0xAA,0x3E,0xEA,0xAA,0xFE,0xA0,0xF4,0x10,0xB2,0xAE,0x00}},
	{0x9C0C, {0x6C,0xB2,0x20,0xFE,0xAC,0xFE,0xBA,0xF2,0x1E,0xB2,0xBE,0x00}},
	{0x9C06, {0x64,0xAE,0x24,0xFE,0xAC,0xFE,0xB2,0xEC,0x0C,0xAC,0xAC,0x00}},
	{0x9C08, {0x6A,0xBE,0x2A,0xEE,0xA0,0xFE,0xA4,0xFE,0x0C,0xB6,0xA4,0x00}},
	{0x9C12, {0x68,0xAE,0x3A,0xEE,0xAA,0xEE,0xA8,0xEE,0x1A,0xA4,0xBA,0x00}},
	{0x9C0A, {0x68,0xBE,0x28,0xFE,0xBE,0xEA,0xBE,0xE8,0x1C,0xAA,0xA8,0x00}},
	{0x9C04, {0x6A,0xA8,0x3E,0xE4,0xBC,0xEC,0xBE,0xF4,0x3C,0xAC,0xB2,0x00}},
	{0x9C2E, {0x7E,0xB6,0x36,0xFA,0xB2,0xFE,0xA0,0xEC,0x0C,0xAC,0xBE,0x00}},
	{0x9C1B, {0x6E,0xAA,0x2E,0xEA,0xAE,0xE0,0xAC,0xEC,0x0C,0xAC,0xBE,0x00}},
	{0x9C25, {0x7E,0xB6,0x3E,0xE4,0xAC,0xF6,0xA4,0xEC,0x16,0xA4,0xA4,0x00}},
	{0x9C24, {0x6E,0xA4,0x34,0xFE,0xBE,0xEE,0xBE,0xFE,0x34,0xB4,0xA4,0x00}},
	{0x9C21, {0x68,0xB6,0x36,0xF6,0xBA,0xE0,0xBE,0xEA,0x3E,0xAA,0xBE,0x00}},
	{0x9C30, {0xC4,0x74,0x4E,0xFA,0xDA,0xDE,0xFA,0xFA,0x3E,0x94,0x94,0x00}},
	{0x9C47, {0x64,0xBE,0x34,0xFE,0xB6,0xFE,0xA4,0xF6,0x0C,0xB6,0xAC,0x00}},
	{0x9C32, {0x24,0xF6,0x2A,0xFA,0x54,0xBA,0x48,0xFC,0x54,0x7C,0xAA,0x00}},
	{0x9C46, {0x64,0xBE,0x2A,0xFE,0xAA,0xEE,0xAA,0xEE,0x04,0xBE,0xA4,0x00}},
	{0x9C3E, {0x7E,0xAC,0x3E,0xFE,0xA0,0xEC,0xA0,0xFE,0x04,0xB6,0xAC,0x00}},
	{0x9C5A, {0x68,0xBE,0x28,0xFE,0xB2,0xFE,0xB4,0xFE,0x1E,0xB2,0xBE,0x00}},
	{0x9C60, {0x64,0xAA,0x3E,0xE0,0xBE,0xF6,0xBE,0xEA,0x0E,0xAA,0xAE,0x00}},
	{0x9C67, {0x6A,0xBE,0x3A,0xFE,0xA0,0xFE,0xB2,0xFE,0x0C,0xAC,0xBE,0x00}},
	{0x9C76, {0xD4,0x7E,0x48,0xFE,0xD4,0xEA,0xDC,0xD4,0x1E,0x94,0xBA,0x00}},
	{0x9C78, {0x64,0xA6,0x24,0xFE,0xB4,0xF6,0xB6,0xE0,0x0C,0xAC,0xBE,0x00}},
	{0x9CE7, {0x10,0x7C,0x44,0x7E,0x40,0x7E,0xAA,0x00,0x7C,0x44,0x86,0x00}},
	{0x9CEC, {0x10,0x7C,0x44,0x7E,0x40,0x7E,0x02,0x38,0x28,0x4A,0x8E,0x00}},
	{0x9CF0, {0x08,0xDE,0x52,0x5E,0x52,0x5E,0x50,0xBE,0x82,0xAA,0x26,0x00}},
	{0x9D09, {0xF4,0xAE,0xAA,0xAE,0xAA,0xFE,0x28,0x6E,0xA2,0x2A,0x66,0x00}},
	{0x9D08, {0x7E,0x40,0x54,0x6E,0x6A,0x6E,0x68,0x6E,0x62,0x6A,0xA6,0x00}},
	{0x9CEB, {0x7E,0x48,0x5C,0x54,0x5C,0x54,0x5E,0x50,0x5E,0x42,0xAA,0x00}},
	{0x9D03, {0x44,0xEE,0xA6,0xE6,0xA6,0xFE,0x84,0xE4,0x24,0xAA,0x72,0x00}},
	{0x9D06, {0x44,0xFE,0xDA,0xDE,0x4A,0x6E,0x68,0x6E,0xA2,0xAA,0xB6,0x00}},
	{0x9D2A, {0x24,0xFE,0x8A,0x8E,0x5A,0x5E,0x58,0x5E,0x52,0x4A,0x96,0x00}},
	{0x9D26, {0x10,0x7C,0x54,0xFE,0x44,0x92,0x7C,0x44,0x7E,0x02,0xAA,0x00}},
	{0x9DAF, {0x44,0xEE,0x44,0xAA,0xFE,0x92,0x7C,0x44,0x7E,0x02,0xAA,0x00}},
	{0x9D23, {0x44,0x4E,0xEA,0x4E,0x4A,0xEE,0xA8,0xAE,0xA2,0xEA,0x16,0x00}},
	{0x9D1F, {0x14,0xEE,0xAA,0xAE,0xFA,0xAE,0xA8,0xAE,0xD2,0x0A,0xE6,0x00}},
	{0x9D44, {0xF4,0x2E,0x4A,0x5E,0xFA,0x2E,0x78,0x2E,0x32,0xCA,0x16,0x00}},
	{0x9D15, {0x44,0xFE,0xB2,0xE8,0xAA,0xEC,0x88,0xE8,0x2A,0xAA,0x6E,0x00}},
	{0x9D12, {0x48,0xBE,0x12,0xDE,0x12,0xFE,0x50,0x5E,0x42,0x4A,0x56,0x00}},
	{0x9D41, {0x24,0xFE,0x5A,0x5E,0x8A,0x5E,0x58,0x2E,0x22,0x52,0x96,0x00}},
	{0x9D3F, {0x44,0xAE,0x0A,0xEE,0x0A,0x0E,0xE8,0xAE,0xA2,0xEA,0x16,0x00}},
	{0x9D3E, {0x44,0x9E,0xFA,0x0E,0xAA,0xFE,0xA8,0x2E,0xF2,0x2A,0x26,0x00}},
	{0x9D46, {0x56,0x78,0xA8,0x3E,0x6A,0x7A,0xE2,0x7A,0x4A,0x6A,0x5A,0x00}},
	{0x9D48, {0xF4,0x5E,0x7A,0x5E,0x5A,0x7E,0x58,0x5E,0x72,0xDA,0x16,0x00}},
	{0x9D5D, {0x34,0xDE,0x5A,0xFE,0x5A,0x5E,0x78,0xDE,0x52,0x5A,0xD6,0x00}},
	{0x9D5E, {0x1A,0x68,0xFE,0x24,0xFC,0x22,0x7C,0x44,0x7E,0x02,0xAA,0x00}},
	{0x9D64, {0x64,0xAE,0x2A,0xEE,0xAA,0xEE,0xA8,0xEE,0xA2,0xAA,0xB6,0x00}},
	{0x9D51, {0xE4,0xAE,0xEA,0x0E,0xEA,0xAE,0xE8,0xAE,0xE2,0xAA,0xB6,0x00}},
	{0x9D50, {0xF4,0x2E,0x2A,0x7E,0x7A,0x7E,0xA8,0x2E,0x32,0xCA,0x06,0x00}},
	{0x9D59, {0xE4,0xAE,0xEA,0xAE,0xEA,0xAE,0xA8,0xEE,0x02,0xAA,0xB6,0x00}},
	{0x9D72, {0x54,0xFE,0x5A,0x5E,0xFA,0x0E,0x78,0x5E,0x72,0x5A,0x76,0x00}},
	{0x9D89, {0x24,0xFE,0x7A,0x5E,0x7A,0x0E,0x78,0x1E,0xF2,0x2A,0x66,0x00}},
	{0x9D87, {0x24,0xFE,0x2A,0xFE,0xAA,0xFE,0xA8,0xFE,0x22,0x72,0xAA,0x00}},
	{0x9DAB, {0x24,0xFE,0x2A,0xFE,0xFA,0xAE,0xF8,0x2E,0x72,0xAA,0x26,0x00}},
	{0x9D6F, {0x44,0xFE,0xAA,0xFE,0xAA,0xFE,0x68,0xAE,0xF2,0x2A,0x26,0x00}},
	{0x9D7A, {0x24,0xFE,0x4A,0x7E,0x5A,0x7E,0xD8,0x6E,0x62,0x52,0x56,0x00}},
	{0x9D9A, {0xB4,0xBE,0xBA,0x0E,0x6A,0x0E,0xF8,0x4E,0x62,0x2A,0x66,0x00}},
	{0x9DA4, {0xF4,0x9E,0x2A,0xFE,0x2A,0xFE,0xA8,0xFE,0x22,0xFA,0x26,0x00}},
	{0x9DA9, {0x74,0x16,0xFA,0x6A,0xA4,0x2A,0x7C,0x44,0x7E,0x02,0xAA,0x00}},
	{0x9DB2, {0x54,0x8E,0x2A,0x5E,0xFA,0x0E,0xF8,0x5E,0xB2,0x5A,0xB6,0x00}},
	{0x9DC4, {0x74,0xDE,0x2A,0x6E,0x5A,0xFE,0x28,0xFE,0x22,0x52,0x86,0x00}},
	{0x9DC1, {0x54,0x8E,0x0A,0x6E,0x0A,0x5E,0x88,0x6E,0x62,0x6A,0xF6,0x00}},
	{0x9DBB, {0x64,0x6E,0x6A,0x6E,0xFA,0x9E,0x68,0x6E,0x62,0x6A,0x66,0x00}},
	{0x9DB8, {0xF4,0x5E,0xFA,0xAE,0xFA,0x5E,0xF8,0x5E,0xF2,0x5A,0xF6,0x00}},
	{0x9DBA, {0xB4,0x2E,0xBA,0x2E,0x7A,0xDE,0x78,0x5E,0x72,0x5A,0x56,0x00}},
	{0x9DC6, {0x44,0x6E,0x4A,0x7E,0x3A,0xBE,0xB8,0x8E,0xF2,0x0A,0x96,0x00}},
	{0x9DCF, {0x24,0xFE,0x2A,0x7E,0x5A,0x7E,0x58,0xFE,0x02,0x52,0x8E,0x00}},
	{0x9DC2, {0x44,0x6E,0xAA,0x4E,0x8A,0x7E,0xA8,0xFE,0x22,0xAA,0xF6,0x00}},
	{0x9DD9, {0x28,0xFC,0x2C,0xFC,0x6C,0xB6,0x7C,0x44,0x7E,0x02,0xAA,0x00}},
	{0x9DD3, {0x24,0xFE,0x8A,0xDE,0xFA,0xDE,0xD8,0x7E,0x02,0xAA,0xAA,0x00}},
	{0x9DF8, {0x64,0x2E,0xFA,0x6E,0xAA,0xFE,0x98,0xDE,0xD2,0xDA,0xB6,0x00}},
	{0x9DE6, {0x54,0x5E,0x7A,0xEE,0x7A,0x6E,0x68,0x7E,0x02,0xAA,0xAA,0x00}},
	{0x9DED, {0x74,0x2E,0xAA,0xFE,0x7A,0xAE,0xF8,0xAE,0xF2,0xAA,0xF6,0x00}},
	{0x9DEF, {0x24,0xFE,0x2A,0xAE,0x5A,0xFE,0x58,0x7E,0x22,0xAA,0x66,0x00}},
	{0x9DFD, {0x2C,0x54,0x6C,0x54,0xFE,0x92,0x7C,0x44,0x7E,0x02,0xAA,0x00}},
	{0x9E1A, {0xD4,0xDE,0xDA,0xDE,0x0A,0xAE,0xF8,0x5E,0x62,0x2A,0xD6,0x00}},
	{0x9E1B, {0x54,0xFE,0x5A,0xFE,0xDA,0x5E,0x78,0xEE,0x72,0x6A,0x76,0x00}},
	{0x9E1E, {0x5A,0x84,0x5A,0x84,0xDE,0x5A,0x7C,0x44,0x7E,0x02,0xAA,0x00}},
	{0x9E75, {0x10,0x1E,0x10,0xFE,0xC6,0xAA,0xD6,0xAA,0xC6,0x92,0xFE,0x00}},
	{0x9E79, {0x4A,0x68,0x5E,0xF4,0xBC,0xF4,0xBE,0xBC,0xFC,0xBC,0xEA,0x00}},
	{0x9E7D, {0xE8,0xCE,0xF6,0xA4,0xEE,0xCA,0xEE,0x00,0x7C,0x54,0xFE,0x00}},
	{0x9E81, {0x3C,0x34,0x48,0xFE,0x54,0x7C,0x64,0x76,0x64,0x64,0xB6,0x00}},
	{0x9E88, {0x08,0x7E,0x54,0x7E,0x64,0x76,0x5C,0x48,0x5C,0x48,0xBE,0x00}},
	{0x9E8B, {0x08,0x7E,0x54,0x7E,0x64,0xB6,0x00,0x54,0xFE,0x38,0xD6,0x00}},
	{0x9E8C, {0x08,0x7E,0x54,0x7E,0x64,0xB6,0x5C,0x54,0xFE,0x10,0xEE,0x00}},
	{0x9E92, {0x4A,0xFE,0xCA,0xEE,0xAA,0xEE,0xCA,0xFE,0xC0,0xEA,0x92,0x00}},
	{0x9E95, {0x08,0x7E,0x54,0x7E,0xA4,0x36,0xFE,0xB2,0xBA,0xD6,0xFE,0x00}},
	{0x9E91, {0x08,0x7E,0x54,0x7E,0x64,0xB6,0x2C,0x44,0x7C,0x28,0xCE,0x00}},
	{0x9E9D, {0x08,0x7E,0x54,0x7E,0xA4,0x36,0x72,0x5E,0xF2,0x5A,0xB6,0x00}},
	{0x9EA5, {0x10,0xFE,0x54,0xBA,0x28,0x44,0xBA,0x68,0x10,0x28,0xC4,0x00}},
	{0x9EA9, {0x44,0xEE,0x44,0xA4,0x4E,0xA4,0x64,0xAA,0x6A,0x40,0xBE,0x00}},
	{0x9EB8, {0x44,0xEE,0x44,0xE4,0x4E,0xE4,0x44,0x6A,0xAA,0x40,0xBE,0x00}},
	{0x9EAA, {0x5E,0xE4,0x44,0xB6,0x56,0xBE,0x62,0xA2,0x66,0x40,0xBE,0x00}},
	{0x9EAD, {0x48,0xEE,0x52,0xAE,0x4A,0xAE,0x6A,0xA8,0x6E,0x40,0xBE,0x00}},
	{0x9761, {0x08,0x7E,0x54,0x7E,0x7E,0x54,0x76,0x54,0x76,0x54,0xA4,0x00}},
	{0x9ECC, {0x2C,0x54,0x6C,0xFE,0xAA,0x7C,0x28,0xFE,0x54,0x7C,0x82,0x00}},
	{0x9ECE, {0x74,0x26,0xFA,0x76,0xAA,0x10,0x28,0xD6,0x38,0xD6,0x30,0x00}},
	{0x9ECF, {0x74,0x24,0xF4,0x66,0xB4,0x24,0x5E,0xAA,0x7A,0xAA,0x6E,0x00}},
	{0x9ED0, {0x74,0x2E,0xF0,0x6A,0xBE,0x2E,0x54,0xAE,0x7E,0xAA,0x6A,0x00}},
	{0x9ED4, {0xE8,0xF4,0xE2,0xEC,0xE0,0x40,0xFE,0x42,0xE4,0x04,0xA8,0x00}},
	{0x9EDC, {0xE4,0xF6,0xF6,0xF6,0xFE,0x44,0xE4,0x56,0xF6,0x16,0xBE,0x00}},
	{0x9EDE, {0xE8,0xE8,0xE8,0xEE,0xE8,0x48,0xFE,0x52,0xF2,0x12,0xBE,0x00}},
	{0x9EDD, {0xD4,0xD4,0xEE,0xE6,0xD6,0x56,0xD6,0x66,0xEA,0x3A,0x86,0x00}},
	{0x9EE0, {0xE4,0xE4,0xFE,0xE4,0xE4,0x4E,0xE0,0x4E,0xEA,0x0A,0xAE,0x00}},
	{0x9EE5, {0xE4,0xFE,0xE0,0xEE,0xEA,0x4E,0xE4,0x56,0xF6,0x04,0xAC,0x00}},
	{0x9EE8, {0x54,0x10,0xFE,0xAA,0x38,0x7C,0x7C,0x10,0xFE,0x00,0xAA,0x00}},
	{0x9EEF, {0xE4,0xFE,0xEA,0xEA,0xFE,0x40,0xEE,0x4A,0xEE,0x0A,0xAE,0x00}},
	{0x9EF4, {0x54,0x54,0xBE,0x06,0x7E,0x7E,0xD6,0x7C,0x44,0x6A,0x42,0x00}},
	{0x9EF6, {0x7E,0x74,0x4E,0x74,0xBE,0x7C,0x7C,0x10,0xFE,0x00,0xAA,0x00}},
	{0x9EF7, {0xE8,0xFE,0xE8,0xFE,0xF6,0x5E,0xF4,0x5C,0xF4,0x1C,0xA2,0x00}},
	{0x9EF9, {0xAA,0x28,0xFE,0x54,0x92,0x7C,0x54,0x7C,0x7C,0x54,0x54,0x00}},
	{0x9EFB, {0xAA,0x48,0xFE,0x48,0xAA,0x4A,0xEC,0xF4,0xE4,0xAA,0xB2,0x00}},
	{0x9EFC, {0xAA,0x5E,0xE8,0x7E,0xAA,0x7E,0xEA,0xFE,0xEA,0xAA,0xAA,0x00}},
	{0x9EFD, {0xFE,0xAA,0xFE,0x28,0xEE,0xAA,0xEE,0xAA,0xEE,0x28,0x3E,0x00}},
	{0x9F07, {0x24,0xF6,0x2A,0xFA,0x54,0xBA,0xEE,0xAA,0xEE,0x28,0x3E,0x00}},
	{0x9F08, {0x54,0xAE,0xFA,0xFC,0xAA,0x28,0xEE,0xAA,0xEE,0x28,0x3E,0x00}},
	{0x76B7, {0x44,0xFE,0x56,0xF4,0x1E,0xFA,0xBA,0xE4,0x44,0x6A,0xD2,0x00}},
	{0x9F15, {0x44,0xEE,0x44,0xAA,0x64,0xDA,0x28,0x38,0xD6,0x08,0x70,0x00}},
	{0x9F21, {0x54,0x54,0x08,0x7C,0x54,0x7C,0x54,0x7C,0x54,0x54,0x96,0x00}},
	{0x9F2C, {0x44,0xB4,0x9E,0xD6,0x96,0xFE,0xB6,0xF6,0xBE,0xF0,0xAE,0x00}},
	{0x9F3E, {0x2E,0x74,0x54,0x74,0xFE,0xB4,0xF4,0x04,0xF4,0x54,0x94,0x00}},
	{0x9F4A, {0x10,0xFE,0x28,0xD6,0x54,0x92,0x7C,0x44,0x7C,0x44,0x84,0x00}},
	{0x9F52, {0x10,0x5C,0x50,0xFE,0xAA,0xD6,0xFE,0x82,0xAA,0xD6,0xFE,0x00}},
	{0x9F54, {0x28,0xB8,0xA8,0xFA,0xBC,0xD8,0xF8,0x98,0xB8,0xDA,0xFE,0x00}},
	{0x9F63, {0x24,0xB6,0xAA,0xF2,0xBE,0xD6,0xF6,0x9E,0xB2,0xD2,0xF6,0x00}},
	{0x9F5F, {0x2E,0xBA,0xAA,0xFE,0xBA,0xDA,0xFE,0x9A,0xBA,0xDA,0xFE,0x00}},
	{0x9F60, {0x2E,0xB6,0xA6,0xF6,0xBA,0xD0,0xFE,0x9A,0xBA,0xDA,0xFE,0x00}},
	{0x9F61, {0x24,0xBA,0xA0,0xF6,0xB0,0xDE,0xF6,0x96,0xB4,0xD4,0xF4,0x00}},
	{0x9F66, {0x2E,0xBA,0xAE,0xFA,0xBA,0xDE,0xFC,0x9E,0xBC,0xDA,0xFA,0x00}},
	{0x9F67, {0x4E,0xE6,0x46,0xEA,0x50,0x1C,0x50,0xFE,0xAA,0xD6,0xFE,0x00}},
	{0x9F6C, {0x2E,0xB4,0xAE,0xF6,0xB6,0xDE,0xF0,0x9E,0xBA,0xDA,0xFE,0x00}},
	{0x9F6A, {0x2E,0xBA,0xAA,0xFE,0xB4,0xD4,0xF6,0x94,0xB4,0xDC,0xF6,0x00}},
	{0x9F77, {0x2E,0xBA,0xAE,0xF8,0xBE,0xD8,0xFE,0x94,0xBE,0xD4,0xFE,0x00}},
	{0x9F72, {0x22,0xBC,0xA4,0xFE,0xBA,0xDE,0xF4,0x9E,0xBE,0xDE,0xFA,0x00}},
	{0x9F76, {0x2A,0xBA,0xAA,0xF0,0xB6,0xD0,0xFE,0x94,0xB6,0xD2,0xF6,0x00}},
	{0x9F95, {0x10,0x28,0xFE,0x44,0x7C,0xF6,0x54,0xF2,0x56,0x74,0x56,0x00}},
	{0x9F9C, {0x38,0x48,0xFC,0x6C,0x28,0xFE,0x6E,0xEE,0x7E,0xE8,0x3E,0x00}},
	{0x9FA0, {0x10,0x28,0xFE,0x00,0xFE,0xAA,0xFE,0x00,0xFE,0xFE,0xAA,0x00}},
	{0x582F, {0x10,0x7C,0x10,0xFE,0x44,0xEE,0x00,0xFE,0x28,0x2A,0xCE,0x00}},
	{0x69C7, {0x50,0x5E,0xD0,0x5E,0x4A,0xEE,0xEA,0xEE,0x7E,0x40,0x62,0x00}},
	{0x9059, {0x8C,0x54,0x08,0x9C,0x28,0x1E,0xC8,0x6A,0x7E,0x40,0xBE,0x00}},
	{0x7464, {0xE8,0x4C,0x54,0x48,0xD0,0x5C,0x68,0x7E,0xC8,0x2A,0x3E,0x00}},
	{0x51DC, {0x08,0xBE,0x40,0x3E,0x36,0x3E,0x5C,0x48,0xBE,0x9C,0x2A,0x00}},
	{0x7199, {0xF6,0xA6,0xF6,0xD6,0xD6,0xF4,0xA4,0xF6,0x00,0x54,0xAA,0x00}},
};
